{"CXR1113_IM-0078-1002.png": 1.7812478894858699, "CXR102_IM-0016-2001.png": 1.7083567430860207, "CXR1071_IM-0051-2001.png": 1.2827258526250411, "CXR1088_IM-0061-1001.png": 2.111418766216582, "CXR1126_IM-0082-1001.png": 2.5118251896216752, "CXR1130_IM-0087-1001.png": 2.967554956822019, "CXR1153_IM-0104-1001.png": 2.7961645830807433, "CXR1142_IM-0096-2001.png": 1.034375642286973, "CXR1152_IM-0103-1001.png": 0.7083558105490447, "CXR1141_IM-0096-1002.png": 1.7867952036301393, "CXR1128_IM-0084-6001.png": 1.6857033539270467, "CXR1146_IM-0098-1001.png": 2.186707659719732, "CXR1165_IM-0110-1001.png": 2.0381107603628466, "CXR1160_IM-0107-1001.png": 2.3773838576342925, "CXR1229_IM-0152-2001.png": 2.8428963307710347, "CXR118_IM-0123-2001.png": 3.105517121068092, "CXR1174_IM-0118-1001.png": 1.118763435016039, "CXR1170_IM-0115-2001.png": 1.587804358060988, "CXR1211_IM-0142-1001.png": 2.4966328174692927, "CXR122_IM-0147-0001-0002.png": 2.4082724967232862, "CXR1235_IM-0158-1001.png": 1.9440338498176393, "CXR1372_IM-0239-2001.png": 1.0670643307712662, "CXR122_IM-0147-0001-0001.png": 3.005444174586364, "CXR1300_IM-0198-2001.png": 1.3388772573884637, "CXR1278_IM-0185-1002.png": 1.295944215954422, "CXR3060_IM-1426-1003.png": 2.2156869820451837, "CXR3171_IM-1494-1001.png": 2.2462743819867095, "CXR3096_IM-1448-3003.png": 1.6734855364482806, "CXR3063_IM-1428-1001.png": 2.6862969783853603, "CXR3057_IM-1424-1001-0001.png": 1.517145545879785, "CXR3185_IM-1503-2001.png": 2.5027136481075214, "CXR3058_IM-1425-2002.png": 2.3944819052331883, "CXR1381_IM-0245-2001.png": 0.925903342618684, "CXR3256_IM-1543-2001.png": 1.0129136427016794, "CXR3255_IM-1543-2001.png": 1.6130322813546294, "CXR3267_IM-1551-2001.png": 4.168778523300104, "CXR3194_IM-1505-2001.png": 1.6443777689653079, "CXR3262_IM-1548-3001.png": 2.354452181436516, "CXR3249_IM-1539-2001.png": 2.949475691049023, "CXR3330_IM-1594-1001.png": 1.6147879360338722, "CXR3369_IM-1621-2001.png": 3.342263708838318, "CXR3292_IM-1572-2001.png": 1.7874465968739341, "CXR3379_IM-1627-2001.png": 1.6495784852584623, "CXR3385_IM-1632-2001.png": 2.531513829938099, "CXR3442_IM-1667-2001.png": 4.281733509873203, "CXR3470_IM-1686-2001.png": 5.243981211320445, "CXR3415_IM-1650-1002.png": 1.8251060780917083, "CXR3451_IM-1674-1001.png": 1.5563637907903154, "CXR2087_IM-0718-3001.png": 4.212709986395309, "CXR3439_IM-1664-1001.png": 2.3949068516158736, "CXR2178_IM-0790-3001.png": 1.2396423864441026, "CXR210_IM-0730-4001.png": 4.357716444108112, "CXR2123_IM-0748-1001.png": 2.1815749118688355, "CXR2138_IM-0760-1001.png": 2.69410902791006, "CXR2208_IM-0815-1002.png": 1.515140965966452, "CXR2228_IM-0831-1001.png": 2.4293796455265504, "CXR2168_IM-0784-2001.png": 2.844490107606469, "CXR208_IM-0711-1001.png": 2.5581136987155975, "CXR226_IM-0851-2001.png": 3.7000826990547124, "CXR2239_IM-0836-1001.png": 2.3224092295605105, "CXR2262_IM-0852-1001.png": 1.5335829757570594, "CXR2246_IM-0843-2001.png": 0.8873734017028678, "CXR2259_IM-0850-2001.png": 1.6624050250864866, "CXR3836_IM-1939-2001.png": 1.0115495684670834, "CXR2277_IM-0864-2001.png": 1.3921586906211798, "CXR3842_IM-1943-3003.png": 1.3906024553296583, "CXR3944_IM-2014-1001.png": 2.566374237782975, "CXR3931_IM-2003-3001.png": 1.9131396956760112, "CXR401_IM-2051-1001.png": 1.2502894415255128, "CXR427_IM-2070-2001.png": 1.5650627590495236, "CXR3862_IM-1956-1001.png": 1.0245241827729563, "CXR433_IM-2073-2001.png": 1.4575865387136837, "CXR436_IM-2076-1001-0001.png": 1.4728261130455738, "CXR459_IM-2090-1001.png": 1.209754882727683, "CXR470_IM-2099-2001.png": 0.9876473354733476, "CXR48_IM-2103-2001.png": 1.1272679988986152, "CXR5_IM-2117-1003002.png": 2.5615915682013544, "CXR1402_IM-0257-1001.png": 3.7254293878660745, "CXR531_IM-2140-2001.png": 1.5702490926258017, "CXR524_IM-2135-0001-0001.png": 1.4467109785358552, "CXR558_IM-2158-0001-0001.png": 2.9188374889098156, "CXR2059_IM-0696-2001.png": 2.260297897186812, "CXR2528_IM-1044-1001.png": 2.768870689767244, "CXR2740_IM-1195-1001.png": 2.1982159790045976, "CXR2301_IM-0881-1001.png": 0.6343809782155336, "CXR3045_IM-1418-1001.png": 2.876470421121976, "CXR609_IM-2197-2001.png": 1.9496062177577391, "CXR1524_IM-0339-1001.png": 3.527432267790917, "CXR1547_IM-0357-2001.png": 1.2669297722133275, "CXR3830_IM-1933-1001.png": 2.598225170997373, "CXR3471_IM-1687-2002.png": 2.175551929194194, "CXR1483_IM-0313-1001.png": 1.7445074867006676, "CXR1655_IM-0431-2001.png": 1.6757623532768697, "CXR1699_IM-0459-2001.png": 1.9625858062750454, "CXR1677_IM-0446-1001.png": 4.104464032588955, "CXR163_IM-0410-3003.png": 1.7234913636680482, "CXR1653_IM-0429-2001.png": 1.6389011862526301, "CXR1666_IM-0440-0001-0001.png": 3.2689323465717495, "CXR17_IM-0460-2001.png": 0.7800947408104629, "CXR1788_IM-0513-1001.png": 3.048063295127566, "CXR1707_IM-0466-2001.png": 4.003279842446603, "CXR1834_IM-0539-1002.png": 1.8452691600336963, "CXR1706_IM-0466-1001.png": 2.470283597600052, "CXR1840_IM-0545-1001.png": 3.4641678690551347, "CXR1945_IM-0614-2001.png": 1.842164382960111, "CXR1967_IM-0629-1001.png": 2.4935586334409883, "CXR1934_IM-0604-1001.png": 2.4670205898123507, "CXR1975_IM-0634-1001.png": 1.7735904649637007, "CXR1881_IM-0570-2001.png": 4.159493502477068, "CXR1966_IM-0629-1001.png": 2.1768131487860765, "CXR1841_IM-0545-2001.png": 2.4989794078066057, "CXR2541_IM-1053-2001.png": 1.290819204123686, "CXR2528_IM-1044-2001.png": 3.4842961837105255, "CXR2010_IM-0661-1001.png": 2.168898790498132, "CXR2533_IM-1047-2001.png": 1.3593502553493313, "CXR19_IM-0583-3003.png": 1.660490971092242, "CXR2557_IM-1061-2001.png": 1.1369707761311014, "CXR2058_IM-0696-2002.png": 0.8445311898214459, "CXR2655_IM-1137-2001.png": 3.631160234560009, "CXR2563_IM-1066-2001.png": 3.800210810632849, "CXR2664_IM-1145-2001.png": 3.310567964271547, "CXR2638_IM-1123-2001.png": 1.4579138762725845, "CXR2660_IM-1142-2001.png": 0.7009175661406708, "CXR270_IM-1168-1001.png": 2.54704819721673, "CXR2679_IM-1153-2001.png": 1.0982681485758679, "CXR267_IM-1147-1001.png": 1.3364374647149744, "CXR2665_IM-1145-2001.png": 0.9700004360286524, "CXR3491_IM-1698-1001.png": 3.5772296540086614, "CXR2720_IM-1182-2001.png": 2.7118966387976142, "CXR3506_IM-1708-1001.png": 3.204918122990019, "CXR3500_IM-1706-2001.png": 2.459209888737051, "CXR3490_IM-1697-1001.png": 1.7081427785601264, "CXR3566_IM-1751-1001.png": 1.6639269837693975, "CXR3565_IM-1750-2001.png": 2.300378294061451, "CXR3543_IM-1735-2001.png": 1.6690055808463504, "CXR3544_IM-1736-2001.png": 2.817878216982793, "CXR3532_IM-1726-1001.png": 1.356154332466307, "CXR3639_IM-1804-1001.png": 2.243830519449002, "CXR3638_IM-1804-1001.png": 1.1703058384688296, "CXR3650_IM-1813-1001.png": 2.3966956852911094, "CXR3628_IM-1796-2001.png": 2.3691445293361544, "CXR3612_IM-1785-2001.png": 1.480646584506242, "CXR3733_IM-1866-1001.png": 1.3929719482378238, "CXR3745_IM-1872-1001.png": 2.459621403844638, "CXR3768_IM-1887-2001.png": 1.8002919275342195, "CXR3783_IM-1898-1001.png": 1.1045452927590675, "CXR3727_IM-1863-2001.png": 3.647351464133484, "CXR3794_IM-1908-1002.png": 1.4907192567436505, "CXR3809_IM-1919-1002001.png": 2.6948444209381983, "CXR3821_IM-1929-2001.png": 1.4131982095573385, "CXR3797_IM-1910-0001-0001.png": 1.2252350099937823, "CXR633_IM-2213-1001.png": 3.477222098645148, "CXR634_IM-2214-1001.png": 4.053641916173478, "CXR640_IM-2219-1001.png": 2.657465823754174, "CXR3827_IM-1932-1001.png": 1.6526275344318764, "CXR3824_IM-1931-1001.png": 1.6011131210308647, "CXR682_IM-2253-2001.png": 1.1761418697994246, "CXR651_IM-2229-1001.png": 1.645320812322538, "CXR647_IM-2225-2001.png": 2.732785530635379, "CXR70_IM-2264-3001.png": 3.9253359038128024, "CXR756_IM-2307-4001.png": 3.905619530685798, "CXR718_IM-2280-3001.png": 4.836770691951489, "CXR935_IM-2432-1001.png": 3.3982997723155104, "CXR899_IM-2407-1001.png": 2.934872903333721, "CXR776_IM-2319-1001.png": 1.4830191774833212, "CXR810_IM-2343-1001.png": 1.3917027742066848, "CXR801_IM-2335-2001.png": 1.6790693020704912,