{"CXR935_IM-2432-1001.png": 3.129601418823525, "CXR3566_IM-1751-1001.png": 1.6128990650851638, "CXR3500_IM-1706-2001.png": 2.589749851643587, "CXR5_IM-2117-1003002.png": 2.433161396256642, "CXR1113_IM-0078-1002.png": 1.6596152774366044, "CXR102_IM-0016-2001.png": 1.5702330847073784, "CXR1071_IM-0051-2001.png": 1.1892962420406363, "CXR1088_IM-0061-1001.png": 2.0448340501534066, "CXR1126_IM-0082-1001.png": 2.476161664809534, "CXR1130_IM-0087-1001.png": 2.81757658530295, "CXR1153_IM-0104-1001.png": 2.6332301796463145, "CXR1142_IM-0096-2001.png": 0.9562838427917896, "CXR1152_IM-0103-1001.png": 0.6483492912405137, "CXR1141_IM-0096-1002.png": 1.6847142801353836, "CXR1128_IM-0084-6001.png": 1.5519314626471288, "CXR1146_IM-0098-1001.png": 2.119024736836685, "CXR1165_IM-0110-1001.png": 1.9880951522892676, "CXR1160_IM-0107-1001.png": 2.238451724234419, "CXR1229_IM-0152-2001.png": 2.8138962511020362, "CXR118_IM-0123-2001.png": 3.2800295189369857, "CXR1174_IM-0118-1001.png": 1.0336224273655157, "CXR1170_IM-0115-2001.png": 1.5056784455936272, "CXR1211_IM-0142-1001.png": 2.411337493537629, "CXR122_IM-0147-0001-0002.png": 2.3376559867944886, "CXR1235_IM-0158-1001.png": 1.9111888127342354, "CXR1372_IM-0239-2001.png": 0.988559846076858, "CXR122_IM-0147-0001-0001.png": 2.885865631510191, "CXR1300_IM-0198-2001.png": 1.2509837756170752, "CXR1278_IM-0185-1002.png": 1.1943454085806253, "CXR3060_IM-1426-1003.png": 2.068304294206326, "CXR3171_IM-1494-1001.png": 2.173638307315399, "CXR3096_IM-1448-3003.png": 1.5817741473070102, "CXR3063_IM-1428-1001.png": 2.569751414177036, "CXR3057_IM-1424-1001-0001.png": 1.3918935395128558, "CXR3185_IM-1503-2001.png": 2.641394735612624, "CXR3058_IM-1425-2002.png": 2.2667502109137407, "CXR1381_IM-0245-2001.png": 0.8457494691186381, "CXR3256_IM-1543-2001.png": 0.9780569611326737, "CXR3255_IM-1543-2001.png": 1.5182904585393804, "CXR3267_IM-1551-2001.png": 3.9905500346838787, "CXR3194_IM-1505-2001.png": 1.5255146263158408, "CXR3262_IM-1548-3001.png": 2.2563779599839893, "CXR3249_IM-1539-2001.png": 3.0419273255181545, "CXR3330_IM-1594-1001.png": 1.5510528631685943, "CXR3369_IM-1621-2001.png": 3.4843586207836728, "CXR3292_IM-1572-2001.png": 1.8047890850733264, "CXR3379_IM-1627-2001.png": 1.5721785120668013, "CXR3385_IM-1632-2001.png": 2.5696830968237925, "CXR3442_IM-1667-2001.png": 4.348411744964189, "CXR3470_IM-1686-2001.png": 5.098048717035629, "CXR3415_IM-1650-1002.png": 1.739880400408633, "CXR3451_IM-1674-1001.png": 1.4314628341601279, "CXR2087_IM-0718-3001.png": 4.353802869548031, "CXR3439_IM-1664-1001.png": 2.4170984791567083, "CXR2178_IM-0790-3001.png": 1.14058060943716, "CXR210_IM-0730-4001.png": 4.320847892462918, "CXR2123_IM-0748-1001.png": 2.0961294667933297, "CXR2138_IM-0760-1001.png": 2.5399332165495356, "CXR2208_IM-0815-1002.png": 1.4185627439363915, "CXR2228_IM-0831-1001.png": 2.2960613993670553, "CXR2168_IM-0784-2001.png": 2.8154147154373454, "CXR208_IM-0711-1001.png": 2.4116816865742927, "CXR226_IM-0851-2001.png": 3.7200544761828582, "CXR2239_IM-0836-1001.png": 2.2794083777399448, "CXR2262_IM-0852-1001.png": 1.404651804162114, "CXR2246_IM-0843-2001.png": 0.8107428497119529, "CXR2259_IM-0850-2001.png": 1.6901640954992423, "CXR3836_IM-1939-2001.png": 0.9336878031816135, "CXR2277_IM-0864-2001.png": 1.3041500983782448, "CXR3842_IM-1943-3003.png": 1.3268350671276896, "CXR3944_IM-2014-1001.png": 2.4812899236410657, "CXR3931_IM-2003-3001.png": 1.7532105435059882, "CXR401_IM-2051-1001.png": 1.1623103247561657, "CXR427_IM-2070-2001.png": 1.4659338731183456, "CXR3862_IM-1956-1001.png": 0.936242476694279, "CXR433_IM-2073-2001.png": 1.4230293826781555, "CXR436_IM-2076-1001-0001.png": 1.3640489497120187, "CXR459_IM-2090-1001.png": 1.125493918114242, "CXR470_IM-2099-2001.png": 0.8872859868474572, "CXR48_IM-2103-2001.png": 1.01513152826978, "CXR1402_IM-0257-1001.png": 3.4747959650443776, "CXR531_IM-2140-2001.png": 1.4757822179153262, "CXR524_IM-2135-0001-0001.png": 1.3381166346703028, "CXR558_IM-2158-0001-0001.png": 2.7956992977356214, "CXR2059_IM-0696-2001.png": 2.3771864043985618, "CXR2528_IM-1044-1001.png": 2.7700355340557783, "CXR2740_IM-1195-1001.png": 2.180679316744287, "CXR2301_IM-0881-1001.png": 0.6083075955841959, "CXR3045_IM-1418-1001.png": 2.7608353741672715, "CXR609_IM-2197-2001.png": 1.9659833858665756, "CXR1524_IM-0339-1001.png": 3.574177457222281, "CXR1547_IM-0357-2001.png": 1.1901019967184676, "CXR3830_IM-1933-1001.png": 2.621113422436502, "CXR3471_IM-1687-2002.png": 2.13955664453383, "CXR1483_IM-0313-1001.png": 1.6473468036370338, "CXR1655_IM-0431-2001.png": 1.6554033315200278, "CXR1699_IM-0459-2001.png": 1.8202374962572425, "CXR1677_IM-0446-1001.png": 4.024057101342686, "CXR163_IM-0410-3003.png": 1.6353010836239215, "CXR1653_IM-0429-2001.png": 1.5932434464444862, "CXR1666_IM-0440-0001-0001.png": 3.1379027981922127, "CXR17_IM-0460-2001.png": 0.7264187566601316, "CXR1788_IM-0513-1001.png": 2.8840983008821897, "CXR1707_IM-0466-2001.png": 4.048515995368429, "CXR1834_IM-0539-1002.png": 1.7450513606177591, "CXR1706_IM-0466-1001.png": 2.3085241599270803, "CXR1840_IM-0545-1001.png": 3.325556075785191, "CXR1945_IM-0614-2001.png": 1.6924144424699556, "CXR1967_IM-0629-1001.png": 2.414297864174767, "CXR1934_IM-0604-1001.png": 2.392129462316526, "CXR1975_IM-0634-1001.png": 1.6635302894386228, "CXR1881_IM-0570-2001.png": 4.393612945727201, "CXR1966_IM-0629-1001.png": 2.044698164768029, "CXR1841_IM-0545-2001.png": 2.502366244402625, "CXR2541_IM-1053-2001.png": 1.2124087005151476, "CXR2528_IM-1044-2001.png": 3.628158899470414, "CXR2010_IM-0661-1001.png": 2.0038531750159785, "CXR2533_IM-1047-2001.png": 1.2598287199136733, "CXR19_IM-0583-3003.png": 1.572316366128102, "CXR2557_IM-1061-2001.png": 1.0642956093740057, "CXR2058_IM-0696-2002.png": 0.8009399536280052, "CXR2655_IM-1137-2001.png": 3.8185191364361435, "CXR2563_IM-1066-2001.png": 3.783214625959035, "CXR2664_IM-1145-2001.png": 3.453101700770187, "CXR2638_IM-1123-2001.png": 1.431561541759696, "CXR2660_IM-1142-2001.png": 0.6364858982596402, "CXR270_IM-1168-1001.png": 2.4017127084501615, "CXR2679_IM-1153-2001.png": 1.0657600058562993, "CXR267_IM-1147-1001.png": 1.2311213844877256, "CXR2665_IM-1145-2001.png": 0.8829608171141834, "CXR3491_IM-1698-1001.png": 3.520613094039645, "CXR2720_IM-1182-2001.png": 2.7715953354827674, "CXR3506_IM-1708-1001.png": 3.030265553076784, "CXR3490_IM-1697-1001.png": 1.6078605526222263, "CXR3565_IM-1750-2001.png": 2.2806129234681354, "CXR3543_IM-1735-2001.png": 1.5867728231725668, "CXR3544_IM-1736-2001.png": 3.005802873019769, "CXR3532_IM-1726-1001.png": 1.2584052705375197, "CXR3639_IM-1804-1001.png": 2.22311590931775, "CXR3638_IM-1804-1001.png": 1.089683589334032, "CXR3650_IM-1813-1001.png": 2.300095138176109, "CXR3628_IM-1796-2001.png": 2.3633744957797593, "CXR3612_IM-1785-2001.png": 1.3927825027414695, "CXR3733_IM-1866-1001.png": 1.2962807416428488, "CXR3745_IM-1872-1001.png": 2.3374976445147144, "CXR3768_IM-1887-2001.png": 1.7567188312390905, "CXR3783_IM-1898-1001.png": 1.0243321046667775, "CXR3727_IM-1863-2001.png": 3.6303091195958683, "CXR3794_IM-1908-1002.png": 1.4237109445631235, "CXR3809_IM-1919-1002001.png": 2.545394804122588, "CXR3821_IM-1929-2001.png": 1.3564044127995027, "CXR3797_IM-1910-0001-0001.png": 1.1964027163612034, "CXR633_IM-2213-1001.png": 3.5943061436044372, "CXR634_IM-2214-1001.png": 3.7121045235588546, "CXR640_IM-2219-1001.png": 2.5602501940503415, "CXR3827_IM-1932-1001.png": 1.5392698856818698, "CXR3824_IM-1931-1001.png": 1.468568837674547, "CXR682_IM-2253-2001.png": 1.0733034949682372, "CXR651_IM-2229-1001.png": 1.5603339336497422, "CXR647_IM-2225-2001.png": 2.83299156912486, "CXR70_IM-2264-3001.png": 3.870796408891192, "CXR756_IM-2307-4001.png": 3.6917365646197413, "CXR718_IM-2280-3001.png": 5.132200728462839, "CXR899_IM-2407-1001.png": 2.7563929037712778, "CXR776_IM-2319-1001.png": 1.379455382270991, "CXR810_IM-2343-1001.png": 1.296179436486099, "CXR801_IM-2335-2001.png": 1.5568076392428358,