{"CXR1113_IM-0078-1002.png": 1.0820788683158318, "CXR102_IM-0016-2001.png": 0.9920381864352509, "CXR1071_IM-0051-2001.png": 0.4721980238813655, "CXR1088_IM-0061-1001.png": 1.3034045588797034, "CXR1126_IM-0082-1001.png": 1.0822951414283901, "CXR1130_IM-0087-1001.png": 1.578149632574375, "CXR1153_IM-0104-1001.png": 1.751159316710702, "CXR1142_IM-0096-2001.png": 0.6685214571098049, "CXR1152_IM-0103-1001.png": 0.4162043599472884, "CXR1141_IM-0096-1002.png": 1.128142462780745, "CXR1128_IM-0084-6001.png": 1.060314024739472, "CXR1146_IM-0098-1001.png": 1.2008642624537127, "CXR1165_IM-0110-1001.png": 1.0251359672886542, "CXR1160_IM-0107-1001.png": 1.5157180701037094, "CXR1229_IM-0152-2001.png": 1.135584692082966, "CXR118_IM-0123-2001.png": 0.6468936843091383, "CXR1174_IM-0118-1001.png": 0.7021017298472597, "CXR1170_IM-0115-2001.png": 1.0161002806134298, "CXR1211_IM-0142-1001.png": 1.4088114698052696, "CXR122_IM-0147-0001-0002.png": 1.0814686788476258, "CXR1235_IM-0158-1001.png": 1.1758927960478798, "CXR1372_IM-0239-2001.png": 0.686457869951198, "CXR122_IM-0147-0001-0001.png": 1.438585233423051, "CXR1300_IM-0198-2001.png": 0.8813463587349647, "CXR1278_IM-0185-1002.png": 0.8290506286768997, "CXR3060_IM-1426-1003.png": 1.4929591269355704, "CXR3171_IM-1494-1001.png": 1.3187077818515853, "CXR3096_IM-1448-3003.png": 0.9518348002640667, "CXR3063_IM-1428-1001.png": 1.5796999838356467, "CXR3057_IM-1424-1001-0001.png": 0.8997093024161282, "CXR3185_IM-1503-2001.png": 0.7517782951511697, "CXR3058_IM-1425-2002.png": 1.4711004630471538, "CXR1381_IM-0245-2001.png": 0.5206812166571709, "CXR3256_IM-1543-2001.png": 0.676049402526597, "CXR3255_IM-1543-2001.png": 1.0515836457631853, "CXR3267_IM-1551-2001.png": 0.7111445602706182, "CXR3194_IM-1505-2001.png": 0.4279318160429081, "CXR3262_IM-1548-3001.png": 1.557457740893418, "CXR3249_IM-1539-2001.png": 0.7459896014972996, "CXR3330_IM-1594-1001.png": 1.1051273839660674, "CXR3369_IM-1621-2001.png": 0.6791332716111103, "CXR3292_IM-1572-2001.png": 0.8430612756669286, "CXR3379_IM-1627-2001.png": 0.7821757023680611, "CXR3385_IM-1632-2001.png": 0.89433506048644, "CXR3442_IM-1667-2001.png": 0.6586538437590056, "CXR3470_IM-1686-2001.png": 0.39216051268986063, "CXR3415_IM-1650-1002.png": 1.0585207227244553, "CXR3451_IM-1674-1001.png": 1.0140987005991493, "CXR2087_IM-0718-3001.png": 0.9944582718732153, "CXR3439_IM-1664-1001.png": 0.9683762943346437, "CXR2178_IM-0790-3001.png": 0.7853273310405584, "CXR210_IM-0730-4001.png": 0.8593897797029677, "CXR2123_IM-0748-1001.png": 1.5318531103642032, "CXR2138_IM-0760-1001.png": 1.631218946817697, "CXR2208_IM-0815-1002.png": 0.9641454945344335, "CXR2228_IM-0831-1001.png": 1.4756826386414863, "CXR2168_IM-0784-2001.png": 0.9658279673068836, "CXR208_IM-0711-1001.png": 1.5875926816501311, "CXR226_IM-0851-2001.png": 0.8046473049425251, "CXR2239_IM-0836-1001.png": 1.088091354915064, "CXR2262_IM-0852-1001.png": 0.8997774183548444, "CXR2246_IM-0843-2001.png": 0.538329229422137, "CXR2259_IM-0850-2001.png": 0.8340787760297853, "CXR3836_IM-1939-2001.png": 0.5548549188854524, "CXR2277_IM-0864-2001.png": 0.8612100120108034, "CXR3842_IM-1943-3003.png": 0.7962400046391492, "CXR3944_IM-2014-1001.png": 1.3508233513353975, "CXR3931_IM-2003-3001.png": 0.7538545581219487, "CXR401_IM-2051-1001.png": 0.6744433565257593, "CXR427_IM-2070-2001.png": 0.9813164716345606, "CXR3862_IM-1956-1001.png": 0.597314243139619, "CXR433_IM-2073-2001.png": 0.8325070640781846, "CXR436_IM-2076-1001-0001.png": 0.9458527021697786, "CXR459_IM-2090-1001.png": 0.5788698572757224, "CXR470_IM-2099-2001.png": 0.5180803829469052, "CXR48_IM-2103-2001.png": 0.5981164993626386, "CXR5_IM-2117-1003002.png": 1.6191740850807903, "CXR1402_IM-0257-1001.png": 1.2198185267493906, "CXR531_IM-2140-2001.png": 0.9508628656581255, "CXR524_IM-2135-0001-0001.png": 0.9435044102065132, "CXR558_IM-2158-0001-0001.png": 1.3980741062302269, "CXR2059_IM-0696-2001.png": 0.5743182434129471, "CXR2528_IM-1044-1001.png": 1.1965955010087108, "CXR2740_IM-1195-1001.png": 1.0160229736473272, "CXR2301_IM-0881-1001.png": 0.35063327844489733, "CXR3045_IM-1418-1001.png": 1.5994981968467814, "CXR609_IM-2197-2001.png": 0.6782993712135071, "CXR1524_IM-0339-1001.png": 0.9573065002049724, "CXR1547_IM-0357-2001.png": 0.8198666583694434, "CXR3830_IM-1933-1001.png": 1.049734712091761, "CXR3471_IM-1687-2002.png": 1.1522724915415052, "CXR1483_IM-0313-1001.png": 1.1579757453171569, "CXR1655_IM-0431-2001.png": 0.6492504000562203, "CXR1699_IM-0459-2001.png": 1.2479778309552931, "CXR1677_IM-0446-1001.png": 0.8666183084031257, "CXR163_IM-0410-3003.png": 0.9845770945279285, "CXR1653_IM-0429-2001.png": 0.6153223643986233, "CXR1666_IM-0440-0001-0001.png": 1.21122372174273, "CXR17_IM-0460-2001.png": 0.47995321942134217, "CXR1788_IM-0513-1001.png": 1.8936226182579106, "CXR1707_IM-0466-2001.png": 0.7655253918950038, "CXR1834_IM-0539-1002.png": 1.1417320626626148, "CXR1706_IM-0466-1001.png": 1.6754879524783581, "CXR1840_IM-0545-1001.png": 1.4325424298095115, "CXR1945_IM-0614-2001.png": 1.1867489462428524, "CXR1967_IM-0629-1001.png": 1.2249508013142587, "CXR1934_IM-0604-1001.png": 1.3709363109944646, "CXR1975_IM-0634-1001.png": 0.8179522908815439, "CXR1881_IM-0570-2001.png": 0.6392008366881947, "CXR1966_IM-0629-1001.png": 1.451127346620959, "CXR1841_IM-0545-2001.png": 0.5464155180350704, "CXR2541_IM-1053-2001.png": 0.8216491389699201, "CXR2528_IM-1044-2001.png": 0.8059343406272563, "CXR2010_IM-0661-1001.png": 1.3977763014805618, "CXR2533_IM-1047-2001.png": 0.8626005600793966, "CXR19_IM-0583-3003.png": 0.9367325365598402, "CXR2557_IM-1061-2001.png": 0.7448145529355933, "CXR2058_IM-0696-2002.png": 0.44802389477407895, "CXR2655_IM-1137-2001.png": 0.6047246416306413, "CXR2563_IM-1066-2001.png": 0.6274961448473736, "CXR2664_IM-1145-2001.png": 0.6115407168330069, "CXR2638_IM-1123-2001.png": 0.8272289207321316, "CXR2660_IM-1142-2001.png": 0.4201495527367836, "CXR270_IM-1168-1001.png": 1.6671034920127836, "CXR2679_IM-1153-2001.png": 0.7159486669724103, "CXR267_IM-1147-1001.png": 0.6932986022202897, "CXR2665_IM-1145-2001.png": 0.46589028564956264, "CXR3491_IM-1698-1001.png": 1.6937255655712995, "CXR2720_IM-1182-2001.png": 0.6483531303692311, "CXR3506_IM-1708-1001.png": 1.4956477121687888, "CXR3500_IM-1706-2001.png": 0.43311232742086625, "CXR3490_IM-1697-1001.png": 1.1100222856528734, "CXR3566_IM-1751-1001.png": 0.6824460278626163, "CXR3565_IM-1750-2001.png": 0.7966856403615376, "CXR3543_IM-1735-2001.png": 1.053868458711514, "CXR3544_IM-1736-2001.png": 0.5307665087735588, "CXR3532_IM-1726-1001.png": 0.7382297624434739, "CXR3639_IM-1804-1001.png": 0.7233373566237378, "CXR3638_IM-1804-1001.png": 0.5988150987245485, "CXR3650_IM-1813-1001.png": 1.4531203172291167, "CXR3628_IM-1796-2001.png": 0.7414831974816248, "CXR3612_IM-1785-2001.png": 0.9290533397939602, "CXR3733_IM-1866-1001.png": 0.6624571891076407, "CXR3745_IM-1872-1001.png": 1.5132502047124552, "CXR3768_IM-1887-2001.png": 0.5907678238540157, "CXR3783_IM-1898-1001.png": 0.6728646083830243, "CXR3727_IM-1863-2001.png": 0.9219915652933224, "CXR3794_IM-1908-1002.png": 0.8206855360826515, "CXR3809_IM-1919-1002001.png": 1.6485931712019475, "CXR3821_IM-1929-2001.png": 0.9075788910973441, "CXR3797_IM-1910-0001-0001.png": 0.6287353358255502, "CXR633_IM-2213-1001.png": 0.964580202978079, "CXR634_IM-2214-1001.png": 0.8356564823912015, "CXR640_IM-2219-1001.png": 1.2465419137972247, "CXR3827_IM-1932-1001.png": 0.6273575451060331, "CXR3824_IM-1931-1001.png": 0.7175748758011686, "CXR682_IM-2253-2001.png": 0.7621668378061381, "CXR651_IM-2229-1001.png": 1.0766522477819405, "CXR647_IM-2225-2001.png": 0.6598736826561828, "CXR70_IM-2264-3001.png": 1.0865258949283623, "CXR756_IM-2307-4001.png": 0.7291193609184147, "CXR718_IM-2280-3001.png": 0.8163931259698669, "CXR935_IM-2432-1001.png": 1.4204563353651087, "CXR899_IM-2407-1001.png": 1.3826130601001423, "CXR776_IM-2319-1001.png": 0.7239869659232959, "CXR810_IM-2343-1001.png": 0.6162249243643658,