{"000000079188.png": 6.428551185996909, "000000337987.png": 10.830435941739568, "000000004795.png": 7.95104404664238, "000000386912.png": 9.248143727805832, "000000458255.png": 4.5129490330386925, "000000012639.png": 13.733293293582788, "000000347265.png": 12.632276986062486, "000000049761.png": 14.235774714581193, "000000201426.png": 9.085852248238275, "000000294783.png": 10.191236768585306, "000000310862.png": 3.80561089873783, "000000229216.png": 11.0303630177335, "000000186296.png": 13.015392519992515, "000000561465.png": 6.575356179026964, "000000395903.png": 18.06939420785247, "000000438955.png": 11.57594305448596, "000000147745.png": 9.107319807928022, "000000051008.png": 7.145221378118946, "000000109313.png": 6.6628836020295585, "000000204329.png": 4.109189399016031, "000000271471.png": 4.672252859822085, "000000575500.png": 6.070312095164251, "000000477623.png": 9.426933325329516, "000000209613.png": 21.481351096585474, "000000086483.png": 12.848837924413813, "000000093437.png": 10.952304555942373, "000000126216.png": 21.886222344943857, "000000565607.png": 20.22785568086341, "000000343496.png": 14.340857674788325, "000000309391.png": 20.316858713837807, "000000411530.png": 16.092507394132486, "000000135561.png": 4.853231150969408, "000000535578.png": 21.067785379579895, "000000328238.png": 17.40631704014623, "000000414034.png": 6.839402704991165, "000000294831.png": 4.925916296034136, "000000291619.png": 6.273033760399124, "000000522889.png": 6.5628813335304, "000000032817.png": 4.599018326690739, "000000210032.png": 7.815964597543172, "000000414795.png": 10.752515765245997, "000000192716.png": 8.490470935553043, "000000249786.png": 7.434553553635332, "000000286422.png": 7.368016824066826, "000000060932.png": 9.246465836347534, "000000516143.png": 7.937780843417826, "000000176037.png": 17.06906879072975, "000000221017.png": 9.47462881108875, "000000399462.png": 18.539397511632526, "000000167159.png": 6.985148382804331, "000000044652.png": 2.356661164764901, "000000167572.png": 9.713812087568138, "000000136915.png": 7.553214862690769, "000000413395.png": 4.54969469906086, "000000504389.png": 10.177836109857948, "000000186282.png": 4.773809611117105, "000000010363.png": 11.753994362425624, "000000377814.png": 5.100982781214614, "000000532575.png": 5.898664370890974, "000000085195.png": 4.263921835219802, "000000144706.png": 4.5825163259097925, "000000362434.png": 7.3054422502457586, "000000269866.png": 5.444421113546365, "000000514914.png": 5.978923702923924, "000000170595.png": 3.3264430027936607, "000000506310.png": 7.823306174329996, "000000255401.png": 5.987828724902808, "000000187144.png": 6.006530308923516, "000000013923.png": 8.903449298667901, "000000402118.png": 3.7111195140354636, "000000537053.png": 18.034115224543868, "000000074733.png": 6.59203892002652, "000000192964.png": 6.609458795366923, "000000451693.png": 6.738461289131162, "000000174004.png": 18.419045459345732, "000000239773.png": 5.313072005666009, "000000303653.png": 14.552712397108786, "000000034071.png": 2.411832262709491, "000000451714.png": 7.911889522887521, "000000319935.png": 7.5888587213763845, "000000190923.png": 10.094867295288987, "000000252716.png": 8.761412464775956, "000000100510.png": 10.623628130292976, "000000148719.png": 16.264274390660706, "000000468124.png": 9.055289766360858, "000000180751.png": 7.333334424413191, "000000198960.png": 24.244465874444227, "000000068765.png": 7.054436215100366, "000000361919.png": 6.006432514763227, "000000289059.png": 4.691877344129478, "000000452515.png": 3.674199734177952, "000000306437.png": 6.425956072988065, "000000006040.png": 10.730893318096301, "000000190853.png": 4.531878066783336, "000000231125.png": 6.101388092160735, "000000252701.png": 14.771192220295502, "000000453341.png": 7.944161035033607, "000000477689.png": 6.859079814709279, "000000556158.png": 7.56893486000177, "000000291664.png": 15.66640023382009, "000000439623.png": 7.681937291424097, "000000269314.png": 5.981821422538049, "000000307074.png": 6.847107833487802, "000000380203.png": 13.850518650919177, "000000468632.png": 16.863633404844023, "000000047121.png": 2.9088067605709527, "000000351559.png": 5.511444078162973, "000000292024.png": 7.5600792571162785, "000000030504.png": 8.020236007680003, "000000351589.png": 10.114605256494935, "000000479596.png": 8.949197944687839, "000000102411.png": 9.21289622401765, "000000019924.png": 8.118190193733842, "000000007816.png": 8.750463239014392, "000000508602.png": 9.604207211700594, "000000215723.png": 5.478208132582428, "000000335081.png": 7.231011415317069, "000000314034.png": 14.258097770783131, "000000503841.png": 10.306597833617575, "000000533855.png": 5.638101821127052, "000000011511.png": 8.498815839764461, "000000570688.png": 9.335600893464616, "000000057027.png": 11.355816751761143, "000000192699.png": 9.986634938166958, "000000311789.png": 5.03081872270887, "000000310072.png": 9.619210893367276, "000000033109.png": 8.6953698642928, "000000389381.png": 11.988699484536156, "000000264968.png": 8.828070836704807, "000000092839.png": 6.314126587232851, "000000001000.png": 11.71648250985017, "000000329447.png": 11.967926913989237, "000000355610.png": 3.770193128133205, "000000336658.png": 10.888149592006801, "000000309938.png": 6.665484826756818, "000000232684.png": 2.5114608283059483, "000000502599.png": 9.32712869051731, "000000231549.png": 3.997350995836124, "000000369037.png": 11.79120592568872, "000000308328.png": 7.23666750857488, "000000455981.png": 3.3565100343388337, "000000468233.png": 3.526880688408634, "000000284762.png": 6.501584915318158, "000000482585.png": 6.329340607275912, "000000135604.png": 14.804499335740049, "000000538067.png": 5.961415879599527, "000000226662.png": 13.801900354046053, "000000311909.png": 12.129166439292973, "000000468954.png": 4.203644343915329, "000000250766.png": 10.950036301580614, "000000211042.png": 9.927376163979837, "000000097022.png": 7.135695261781455, "000000096001.png": 9.008589752801859, "000000238013.png": 6.809176749541847, "000000396863.png": 16.875585298540653, "000000173033.png": 4.784387969321345, "000000234779.png": 3.8435778248249375, "000000228942.png": 9.004815646106321, "000000400573.png": 7.909889790235453, "000000444879.png": 6.842995810796361, "000000133244.png": 12.494047574612335, "000000115118.png": 22.594410276586306, "000000505789.png": 16.595059895717892, "000000095786.png": 2.650343755000746, "000000200421.png": 10.001615800954427, "000000269682.png": 3.6736534570324864, "000000194940.png": 4.703017626594935, "000000532493.png": 12.54823424023534, "000000028285.png": 14.750771632944312, "000000102707.png": 8.038641285405832, "000000335177.png": 10.166923417670175, "000000361551.png": 6.5321501484290305, "000000239537.png": 15.464677243735814, "000000061171.png": 14.370892674042082, "000000117908.png": 5.366107087432577, "000000127135.png": 16.28553509012108, "000000391375.png": 16.871724257217156, "000000451043.png": 6.7134197960158275, "000000472623.png": 11.299912319567746, "000000027620.png": 6.730479489194224, "000000501243.png": 15.645950671549869, "000000342295.png": 8.55089243459366, "000000334417.png": 2.801596872084398, "000000434996.png": 4.609172878249839, "000000108440.png": 9.402015092902818, "000000076211.png": 6.078237620906329, "000000534601.png": 3.8547070455956796, "000000177357.png": 13.1218788479505, "000000404479.png": 4.398489324425233, "000000104612.png": 9.04751094785619, "000000560279.png": 4.8136250966831575, "000000229111.png": 6.605867685807674, "000000474452.png": 6.439673769039289, "000000183500.png": 6.031021952640912, "000000370486.png": 11.674597147638641, "000000167902.png": 11.691551811624166, "000000520659.png": 13.744620957609145, "000000346968.png": 3.283716645003859, "000000453708.png": 5.675359792948966, "000000138639.png": 12.729655865540693}