{"000000147745.png": 10.244209489622188, "000000395903.png": 18.344235927707643, "000000438955.png": 14.182734271631492, "000000561465.png": 5.04246782409913, "000000186296.png": 8.588974899645788, "000000229216.png": 8.705561502855389, "000000310862.png": 4.234491031596032, "000000294783.png": 8.67406134776642, "000000049761.png": 10.071108424078659, "000000201426.png": 9.279313253334273, "000000012639.png": 12.77184341663289, "000000347265.png": 11.677309414342908, "000000458255.png": 3.9258604914057216, "000000386912.png": 8.454466227722163, "000000337987.png": 11.006820070976472, "000000004795.png": 9.198834896102115, "000000079188.png": 7.4425052137328915, "000000135561.png": 4.0796455349230305, "000000411530.png": 16.835331704477706, "000000535578.png": 13.38569904179235, "000000309391.png": 15.464926191102698, "000000126216.png": 18.963973159102455, "000000565607.png": 20.589806685723268, "000000343496.png": 14.237696603325361, "000000093437.png": 8.983448244482332, "000000209613.png": 11.707518375599335, "000000204329.png": 5.467396116773611, "000000086483.png": 11.383634799808181, "000000575500.png": 6.858357918660459, "000000477623.png": 10.838290137237793, "000000109313.png": 7.270788498115725, "000000271471.png": 3.6090020742653692, "000000051008.png": 6.949915187309825, "000000413395.png": 5.318190133616868, "000000136915.png": 7.009484761225429, "000000167572.png": 6.71428989660508, "000000044652.png": 1.490705660855824, "000000167159.png": 5.482027472804955, "000000399462.png": 13.983100700742007, "000000221017.png": 8.998291145618712, "000000176037.png": 10.818274244238713, "000000516143.png": 7.93132338465788, "000000060932.png": 7.484420088312707, "000000286422.png": 5.859180488988736, "000000414795.png": 10.496601089434996, "000000249786.png": 8.83875171267488, "000000192716.png": 10.139307712614624, "000000210032.png": 8.237411261736712, "000000032817.png": 4.781906273812858, "000000291619.png": 5.0946225323239345, "000000522889.png": 6.453991658239872, "000000294831.png": 4.154146592224203, "000000414034.png": 5.715843006198756, "000000328238.png": 16.133052702169984, "000000174004.png": 14.839099250304134, "000000451693.png": 6.345534778454316, "000000192964.png": 4.508597212637533, "000000074733.png": 6.934692755983817, "000000537053.png": 12.022714569320875, "000000402118.png": 3.6740113853036034, "000000013923.png": 10.221579901908614, "000000187144.png": 6.991161134647348, "000000255401.png": 7.406126306322005, "000000506310.png": 7.3538233657714285, "000000170595.png": 3.830171512623279, "000000514914.png": 5.868400932991114, "000000085195.png": 5.142045147761566, "000000269866.png": 5.721547025323937, "000000362434.png": 7.087565987341498, "000000144706.png": 4.65431564785376, "000000377814.png": 5.088096973092022, "000000532575.png": 6.209488437625021, "000000010363.png": 5.867089546693459, "000000186282.png": 3.792598957652784, "000000504389.png": 9.010235297310935, "000000477689.png": 8.081716907915887, "000000453341.png": 9.26575531246164, "000000190853.png": 3.739647206718226, "000000252701.png": 11.166826556975277, "000000231125.png": 7.691528638448066, "000000006040.png": 9.299935664123721, "000000452515.png": 4.119764997422955, "000000306437.png": 5.131280082780033, "000000289059.png": 4.863869445341924, "000000361919.png": 6.825130709458582, "000000180751.png": 8.095399255208369, "000000068765.png": 7.015371060963743, "000000198960.png": 22.327359161656446, "000000468124.png": 8.963041863708169, "000000252716.png": 8.794089496036692, "000000148719.png": 13.852631188849347, "000000100510.png": 10.558863485415534, "000000319935.png": 7.30993143184108, "000000190923.png": 9.158060239257084, "000000451714.png": 8.6969930411838, "000000034071.png": 1.6142934058233338, "000000303653.png": 9.819336111264104, "000000239773.png": 5.112266603722841, "000000007816.png": 7.7144851579338765, "000000019924.png": 8.023687007326302, "000000102411.png": 9.742352690338091, "000000479596.png": 9.338895589015898, "000000351589.png": 6.236568374342831, "000000030504.png": 9.042569497454416, "000000292024.png": 6.481560413592312, "000000351559.png": 4.909909336045889, "000000047121.png": 3.1241771036440196, "000000468632.png": 14.290588473756436, "000000380203.png": 7.964054142900237, "000000307074.png": 5.953800154457902, "000000269314.png": 6.731335526653742, "000000439623.png": 7.537510002126342, "000000291664.png": 13.240659799595669, "000000556158.png": 7.2976498663213745, "000000336658.png": 5.09809748739252, "000000355610.png": 3.411509344727648, "000000001000.png": 12.953476471329115, "000000329447.png": 12.328081169387797, "000000092839.png": 7.2640587791335784, "000000389381.png": 11.002076417157985, "000000264968.png": 8.181318072864899, "000000310072.png": 10.308813511995021, "000000033109.png": 8.604767384914, "000000192699.png": 9.81195503616798, "000000311789.png": 3.1072057602606886, "000000057027.png": 10.001037889813245, "000000570688.png": 8.799956827296441, "000000011511.png": 8.5788868165533, "000000503841.png": 9.371538360600576, "000000533855.png": 4.826437937732138, "000000314034.png": 12.723917407806246, "000000335081.png": 7.256545594093857, "000000215723.png": 4.867614295321266, "000000508602.png": 11.613193727306477, "000000211042.png": 6.486891963085378, "000000250766.png": 11.334095775817394, "000000468954.png": 4.520417006061933, "000000311909.png": 10.80438399562189, "000000226662.png": 8.404775206621617, "000000538067.png": 6.664173965015938, "000000135604.png": 12.37900388217553, "000000482585.png": 6.796188626900646, "000000284762.png": 6.892895073969221, "000000468233.png": 3.0339514736027797, "000000455981.png": 3.549787521650587, "000000308328.png": 7.38170746855298, "000000369037.png": 6.087503745700605, "000000231549.png": 4.84455224365058, "000000502599.png": 14.233271037378277, "000000232684.png": 1.9403677941248716, "000000309938.png": 7.126931119701548, "000000239537.png": 9.989984522936593, "000000361551.png": 5.851466526047338, "000000335177.png": 9.162739363435223, "000000102707.png": 8.3351696890977, "000000028285.png": 8.496485004840746, "000000532493.png": 13.214954990434219, "000000095786.png": 2.801897168723254, "000000194940.png": 4.255985021295973, "000000269682.png": 2.996997451802245, "000000200421.png": 5.637692581503645, "000000505789.png": 17.915673986167086, "000000400573.png": 7.513626802558783, "000000115118.png": 15.31543925087221, "000000133244.png": 10.042333416846569, "000000444879.png": 8.664259080734022, "000000238013.png": 5.832786082411035, "000000228942.png": 8.959860039083198, "000000234779.png": 3.5913079529319463, "000000173033.png": 5.131320333053189, "000000097022.png": 5.655172047825932, "000000396863.png": 15.73635118894323, "000000096001.png": 8.776694981177144, "000000404479.png": 4.153772527209404, "000000472623.png": 8.96851782479819, "000000451043.png": 5.576527448077755, "000000534601.png": 4.06414731241254, "000000334417.png": 2.9261588944886507, "000000177357.png": 10.549170948110554, "000000027620.png": 7.14777281025375, "000000076211.png": 6.148876180438844, "000000108440.png": 7.816625376211133, "000000434996.png": 4.274212925116571, "000000342295.png": 7.942346636499705, "000000501243.png": 12.544941280139478, "000000391375.png": 4.963741154104107, "000000117908.png": 5.315026110973384, "000000127135.png": 14.597970229963426, "000000061171.png": 17.209958399982252, "000000560279.png": 5.202919796136139, "000000104612.png": 7.251158887520884, "000000167902.png": 9.794456868680632, "000000370486.png": 11.129777409731428, "000000346968.png": 3.215694204489228, "000000138639.png": 13.278379221172253, "000000453708.png": 4.858171564712918, "000000520659.png": 13.728211329904541, "000000183500.png": 5.8133410802442835, "000000474452.png": 6.420487963794415, "000000229111.png": 3.776303729246594}