{"CXR935_IM-2432-1001.png": 2.9258202705350573, "CXR3500_IM-1706-2001.png": 3.759533627113549, "CXR3566_IM-1751-1001.png": 2.706972338356412, "CXR5_IM-2117-1003002.png": 3.6355786254992526, "CXR1113_IM-0078-1002.png": 2.042287673367872, "CXR1071_IM-0051-2001.png": 0.9942968809721193, "CXR102_IM-0016-2001.png": 2.035483628527303, "CXR1088_IM-0061-1001.png": 5.429169979782418, "CXR1126_IM-0082-1001.png": 5.014285706294326, "CXR1130_IM-0087-1001.png": 4.668923685161563, "CXR1142_IM-0096-2001.png": 1.4431020336671532, "CXR1153_IM-0104-1001.png": 3.7340832497018135, "CXR1152_IM-0103-1001.png": 0.7908073091779348, "CXR1141_IM-0096-1002.png": 2.5811107699808122, "CXR1128_IM-0084-6001.png": 2.1212702976563005, "CXR1146_IM-0098-1001.png": 4.1716057166490375, "CXR1165_IM-0110-1001.png": 3.976881143346769, "CXR1160_IM-0107-1001.png": 2.843542199447436, "CXR1229_IM-0152-2001.png": 4.876609753323769, "CXR118_IM-0123-2001.png": 3.9331698270198117, "CXR1174_IM-0118-1001.png": 1.1432337539410384, "CXR1170_IM-0115-2001.png": 3.158787284472359, "CXR1211_IM-0142-1001.png": 3.2414336992803534, "CXR122_IM-0147-0001-0002.png": 3.339070364667375, "CXR1235_IM-0158-1001.png": 5.804793361925181, "CXR1372_IM-0239-2001.png": 1.4325390374366804, "CXR122_IM-0147-0001-0001.png": 4.59375123570749, "CXR1300_IM-0198-2001.png": 2.04564177941526, "CXR1278_IM-0185-1002.png": 1.6081894856439334, "CXR3060_IM-1426-1003.png": 2.7608323921958164, "CXR3171_IM-1494-1001.png": 2.912374940012287, "CXR3063_IM-1428-1001.png": 5.3532092634939765, "CXR3096_IM-1448-3003.png": 2.693073651573941, "CXR3057_IM-1424-1001-0001.png": 1.8163302468109104, "CXR3185_IM-1503-2001.png": 4.402101934306316, "CXR3058_IM-1425-2002.png": 4.385162715548732, "CXR1381_IM-0245-2001.png": 0.8560738415912361, "CXR3255_IM-1543-2001.png": 2.5770500868126156, "CXR3256_IM-1543-2001.png": 3.3414097042012605, "CXR3267_IM-1551-2001.png": 2.8686144433122034, "CXR3194_IM-1505-2001.png": 1.1242058632593972, "CXR3262_IM-1548-3001.png": 5.175552838195855, "CXR3249_IM-1539-2001.png": 2.919037707175076, "CXR3330_IM-1594-1001.png": 3.859901880253432, "CXR3369_IM-1621-2001.png": 2.8495357178056198, "CXR3292_IM-1572-2001.png": 5.410440212737888, "CXR3379_IM-1627-2001.png": 3.2452216177466617, "CXR3442_IM-1667-2001.png": 5.081895031125746, "CXR3385_IM-1632-2001.png": 4.778985580978547, "CXR3470_IM-1686-2001.png": 4.617261199676531, "CXR3451_IM-1674-1001.png": 2.003532995553896, "CXR3415_IM-1650-1002.png": 2.825597838205508, "CXR2087_IM-0718-3001.png": 5.010435516320262, "CXR3439_IM-1664-1001.png": 5.431388778127606, "CXR2178_IM-0790-3001.png": 1.6516733437657964, "CXR210_IM-0730-4001.png": 5.970094255608973, "CXR2123_IM-0748-1001.png": 5.394955389317441, "CXR2138_IM-0760-1001.png": 3.3811267690847817, "CXR2208_IM-0815-1002.png": 2.1269727244616567, "CXR2228_IM-0831-1001.png": 3.326183259322977, "CXR208_IM-0711-1001.png": 2.9149888750832824, "CXR2168_IM-0784-2001.png": 4.34802404770174, "CXR2239_IM-0836-1001.png": 3.460775299264765, "CXR226_IM-0851-2001.png": 3.0882557542819553, "CXR2262_IM-0852-1001.png": 1.6773116431608133, "CXR2259_IM-0850-2001.png": 5.0721710776462565, "CXR2246_IM-0843-2001.png": 0.8753162956235716, "CXR2277_IM-0864-2001.png": 4.048286695731516, "CXR3836_IM-1939-2001.png": 1.0695893188575847, "CXR3842_IM-1943-3003.png": 2.397265072242487, "CXR3944_IM-2014-1001.png": 3.6381767082814505, "CXR3931_IM-2003-3001.png": 1.4096689017049762, "CXR401_IM-2051-1001.png": 1.3567639787075139, "CXR427_IM-2070-2001.png": 4.221369951690229, "CXR3862_IM-1956-1001.png": 1.0836467602876494, "CXR436_IM-2076-1001-0001.png": 2.0551391449606595, "CXR433_IM-2073-2001.png": 3.6831630643300186, "CXR470_IM-2099-2001.png": 0.8397906794747517, "CXR459_IM-2090-1001.png": 1.1645725945289767, "CXR1402_IM-0257-1001.png": 3.709769115692232, "CXR48_IM-2103-2001.png": 1.0887226058163555, "CXR531_IM-2140-2001.png": 3.1543275244940663, "CXR524_IM-2135-0001-0001.png": 1.6715750989947162, "CXR558_IM-2158-0001-0001.png": 3.8751025778231067, "CXR2059_IM-0696-2001.png": 2.6784674357049774, "CXR2528_IM-1044-1001.png": 3.453617647562822, "CXR2740_IM-1195-1001.png": 5.090573581541054, "CXR2301_IM-0881-1001.png": 1.0831262099530783, "CXR3045_IM-1418-1001.png": 4.2505968902391835, "CXR609_IM-2197-2001.png": 4.246529424002924, "CXR1524_IM-0339-1001.png": 3.6630224683809485, "CXR1547_IM-0357-2001.png": 2.208131413848138, "CXR3830_IM-1933-1001.png": 3.0754463828356955, "CXR3471_IM-1687-2002.png": 5.126486378223093, "CXR1483_IM-0313-1001.png": 3.106942598385085, "CXR1655_IM-0431-2001.png": 2.8726725224694225, "CXR1699_IM-0459-2001.png": 2.8201687066921153, "CXR1677_IM-0446-1001.png": 4.404952174000664, "CXR163_IM-0410-3003.png": 2.9226799572749385, "CXR1666_IM-0440-0001-0001.png": 4.198038866708392, "CXR1653_IM-0429-2001.png": 4.772625901420606, "CXR17_IM-0460-2001.png": 0.8885924414662189, "CXR1788_IM-0513-1001.png": 3.658997286544068, "CXR1707_IM-0466-2001.png": 4.687154229056059, "CXR1706_IM-0466-1001.png": 2.8722415868916418, "CXR1834_IM-0539-1002.png": 2.7697816683611003, "CXR1840_IM-0545-1001.png": 3.754097592265604, "CXR1945_IM-0614-2001.png": 2.382057325206059, "CXR1967_IM-0629-1001.png": 4.129674765095348, "CXR1934_IM-0604-1001.png": 4.244396440425551, "CXR1975_IM-0634-1001.png": 1.7349465874499133, "CXR1881_IM-0570-2001.png": 3.8559849247749214, "CXR1966_IM-0629-1001.png": 2.6514585923430034, "CXR1841_IM-0545-2001.png": 3.8623525783493347, "CXR2541_IM-1053-2001.png": 2.6709922558980645, "CXR2528_IM-1044-2001.png": 4.419690361432202, "CXR2010_IM-0661-1001.png": 2.4945264762211714, "CXR19_IM-0583-3003.png": 2.664209721898294, "CXR2533_IM-1047-2001.png": 1.929973766014956, "CXR2058_IM-0696-2002.png": 0.9958416019954324, "CXR2557_IM-1061-2001.png": 1.8227044967814274, "CXR2655_IM-1137-2001.png": 6.181496835356583, "CXR2563_IM-1066-2001.png": 4.826875670313944, "CXR2664_IM-1145-2001.png": 4.431467987647198, "CXR2638_IM-1123-2001.png": 4.311735482951789, "CXR2660_IM-1142-2001.png": 0.6879801484358359, "CXR270_IM-1168-1001.png": 4.2541717221474915, "CXR2679_IM-1153-2001.png": 3.366714361252403, "CXR267_IM-1147-1001.png": 1.3374070272283007, "CXR3491_IM-1698-1001.png": 4.06020597418082, "CXR2665_IM-1145-2001.png": 0.8337358771827369, "CXR2720_IM-1182-2001.png": 4.039717433194903, "CXR3506_IM-1708-1001.png": 5.646421593428255, "CXR3490_IM-1697-1001.png": 3.1540707603162144, "CXR3565_IM-1750-2001.png": 2.0867334947004608, "CXR3543_IM-1735-2001.png": 3.7638238979702328, "CXR3544_IM-1736-2001.png": 5.394309012774752, "CXR3532_IM-1726-1001.png": 1.4935176541715818, "CXR3639_IM-1804-1001.png": 2.420115532177903, "CXR3638_IM-1804-1001.png": 1.2176083994565063, "CXR3650_IM-1813-1001.png": 4.276401032339167, "CXR3628_IM-1796-2001.png": 3.3246894744760676, "CXR3612_IM-1785-2001.png": 3.045953486743349, "CXR3733_IM-1866-1001.png": 1.3454159219427617, "CXR3745_IM-1872-1001.png": 3.104204503031059, "CXR3783_IM-1898-1001.png": 1.276947724903566, "CXR3768_IM-1887-2001.png": 2.533942398547265, "CXR3727_IM-1863-2001.png": 3.595049248503788, "CXR3794_IM-1908-1002.png": 1.7841769672668115, "CXR3809_IM-1919-1002001.png": 3.282349186934139, "CXR3821_IM-1929-2001.png": 3.9595219085440183, "CXR3797_IM-1910-0001-0001.png": 3.961713735275212, "CXR633_IM-2213-1001.png": 7.238630040276961, "CXR640_IM-2219-1001.png": 4.0295919364201245, "CXR634_IM-2214-1001.png": 2.8622619337839743, "CXR3827_IM-1932-1001.png": 1.4209262016681772, "CXR3824_IM-1931-1001.png": 1.2698870430829021, "CXR682_IM-2253-2001.png": 1.4657872253016588, "CXR651_IM-2229-1001.png": 3.0069383884070495, "CXR647_IM-2225-2001.png": 2.8640351889632027, "CXR70_IM-2264-3001.png": 4.04160017994186, "CXR756_IM-2307-4001.png": 3.568228024599411, "CXR718_IM-2280-3001.png": 5.407647857998393, "CXR899_IM-2407-1001.png": 4.380000627662646, "CXR776_IM-2319-1001.png": 1.4020773041233656, "CXR810_IM-2343-1001.png": 1.1680926395140785, "CXR801_IM-2335-2001.png": 2.2334293805888334, "CXR892_IM-2403-1001.png": 3.6024502358853923,