{"CXR935_IM-2432-1001.png": 4.123645105309715, "CXR3500_IM-1706-2001.png": 1.2910844048876853, "CXR3566_IM-1751-1001.png": 5.032738252472713, "CXR5_IM-2117-1003002.png": 3.8273542672764806, "CXR1113_IM-0078-1002.png": 6.051114880342681, "CXR102_IM-0016-2001.png": 5.51747041527574, "CXR1071_IM-0051-2001.png": 1.4225356020013744, "CXR1088_IM-0061-1001.png": 2.855051547820167, "CXR1126_IM-0082-1001.png": 3.203110965146845, "CXR1130_IM-0087-1001.png": 4.40609453013248, "CXR1153_IM-0104-1001.png": 6.461635775720559, "CXR1142_IM-0096-2001.png": 4.745523792954505, "CXR1152_IM-0103-1001.png": 1.5643484646562866, "CXR1141_IM-0096-1002.png": 5.3338612763515005, "CXR1128_IM-0084-6001.png": 6.432028068181076, "CXR1146_IM-0098-1001.png": 4.325367930727565, "CXR1165_IM-0110-1001.png": 4.689927638024698, "CXR1160_IM-0107-1001.png": 4.762695068036537, "CXR1229_IM-0152-2001.png": 5.350469831130994, "CXR118_IM-0123-2001.png": 4.608282910505353, "CXR1174_IM-0118-1001.png": 2.2355597292168516, "CXR1170_IM-0115-2001.png": 3.0637521140245565, "CXR1211_IM-0142-1001.png": 3.279714081383158, "CXR122_IM-0147-0001-0002.png": 3.82173940179425, "CXR1235_IM-0158-1001.png": 2.4116442798128106, "CXR1372_IM-0239-2001.png": 3.0232565920489742, "CXR122_IM-0147-0001-0001.png": 2.918144463617545, "CXR1300_IM-0198-2001.png": 3.389975372531668, "CXR1278_IM-0185-1002.png": 5.646821627016402, "CXR3060_IM-1426-1003.png": 4.915623380101859, "CXR3171_IM-1494-1001.png": 3.0127272862096115, "CXR3096_IM-1448-3003.png": 5.261269148231026, "CXR3063_IM-1428-1001.png": 3.208037171934097, "CXR3057_IM-1424-1001-0001.png": 5.004933196029442, "CXR3185_IM-1503-2001.png": 2.8577673481990375, "CXR3058_IM-1425-2002.png": 3.250470218746106, "CXR1381_IM-0245-2001.png": 3.2149964547118928, "CXR3256_IM-1543-2001.png": 2.080059454184046, "CXR3255_IM-1543-2001.png": 4.030998023180212, "CXR3267_IM-1551-2001.png": 3.8940229418332346, "CXR3194_IM-1505-2001.png": 1.7437818563452603, "CXR3262_IM-1548-3001.png": 3.454069157489806, "CXR3249_IM-1539-2001.png": 3.9304578302241544, "CXR3330_IM-1594-1001.png": 2.149172239579829, "CXR3369_IM-1621-2001.png": 2.2730042411809883, "CXR3292_IM-1572-2001.png": 3.017350964944673, "CXR3379_IM-1627-2001.png": 1.9458803362052186, "CXR3385_IM-1632-2001.png": 3.841886833860524, "CXR3442_IM-1667-2001.png": 3.4677862513448376, "CXR3470_IM-1686-2001.png": 1.1457368765834919, "CXR3415_IM-1650-1002.png": 3.4821023745781505, "CXR3451_IM-1674-1001.png": 4.326775082457599, "CXR2087_IM-0718-3001.png": 4.227061669058562, "CXR3439_IM-1664-1001.png": 3.104478793807931, "CXR2178_IM-0790-3001.png": 4.52352163284806, "CXR210_IM-0730-4001.png": 3.9240027224123297, "CXR2123_IM-0748-1001.png": 3.603638702754551, "CXR2138_IM-0760-1001.png": 4.700976486779423, "CXR2208_IM-0815-1002.png": 4.844158377494265, "CXR2228_IM-0831-1001.png": 4.036077526761734, "CXR2168_IM-0784-2001.png": 5.9383118205681225, "CXR208_IM-0711-1001.png": 4.790601949565502, "CXR226_IM-0851-2001.png": 3.6174288805573784, "CXR2239_IM-0836-1001.png": 6.030920713983136, "CXR2262_IM-0852-1001.png": 2.689353727528341, "CXR2246_IM-0843-2001.png": 2.2191092540543176, "CXR2259_IM-0850-2001.png": 2.3849930737110503, "CXR3836_IM-1939-2001.png": 1.84839932941753, "CXR2277_IM-0864-2001.png": 3.953991323253922, "CXR3842_IM-1943-3003.png": 3.0712762829680247, "CXR3944_IM-2014-1001.png": 4.332084356440672, "CXR3931_IM-2003-3001.png": 2.342919900829939, "CXR401_IM-2051-1001.png": 1.9941137193350875, "CXR427_IM-2070-2001.png": 4.940793853686422, "CXR3862_IM-1956-1001.png": 1.9828015683103355, "CXR433_IM-2073-2001.png": 2.8586724305728577, "CXR436_IM-2076-1001-0001.png": 4.222459925484474, "CXR459_IM-2090-1001.png": 2.1320855285610247, "CXR470_IM-2099-2001.png": 2.7794771318670914, "CXR48_IM-2103-2001.png": 2.3538739227302177, "CXR1402_IM-0257-1001.png": 2.9890907186185465, "CXR531_IM-2140-2001.png": 4.393831639055573, "CXR524_IM-2135-0001-0001.png": 4.512484305772899, "CXR558_IM-2158-0001-0001.png": 3.444156927128384, "CXR2059_IM-0696-2001.png": 2.0445445476642816, "CXR2528_IM-1044-1001.png": 3.701817972186249, "CXR2740_IM-1195-1001.png": 3.5361666649098438, "CXR2301_IM-0881-1001.png": 0.8248953032564549, "CXR3045_IM-1418-1001.png": 4.969133067143458, "CXR609_IM-2197-2001.png": 2.7520046258943878, "CXR1524_IM-0339-1001.png": 2.3483659409665916, "CXR1547_IM-0357-2001.png": 2.845208760178149, "CXR3830_IM-1933-1001.png": 2.7938271823877177, "CXR3471_IM-1687-2002.png": 3.575408049891593, "CXR1483_IM-0313-1001.png": 3.033952861299163, "CXR1655_IM-0431-2001.png": 1.6242936626134419, "CXR1699_IM-0459-2001.png": 7.424949887740929, "CXR1677_IM-0446-1001.png": 5.277843943808669, "CXR163_IM-0410-3003.png": 4.866486604474584, "CXR1653_IM-0429-2001.png": 2.1358985829376653, "CXR1666_IM-0440-0001-0001.png": 2.6871364222804406, "CXR17_IM-0460-2001.png": 1.4021752930622293, "CXR1788_IM-0513-1001.png": 4.625077341571635, "CXR1707_IM-0466-2001.png": 4.7783365494355605, "CXR1834_IM-0539-1002.png": 5.346910952580708, "CXR1706_IM-0466-1001.png": 5.3617856694001045, "CXR1840_IM-0545-1001.png": 3.5936543251080035, "CXR1945_IM-0614-2001.png": 5.65618463849469, "CXR1967_IM-0629-1001.png": 2.9173120229726774, "CXR1934_IM-0604-1001.png": 5.0567126154245505, "CXR1975_IM-0634-1001.png": 2.7452055389129577, "CXR1881_IM-0570-2001.png": 3.5277504354344735, "CXR1966_IM-0629-1001.png": 4.732248896521516, "CXR1841_IM-0545-2001.png": 1.7059665041709144, "CXR2541_IM-1053-2001.png": 3.935044240068669, "CXR2528_IM-1044-2001.png": 3.7199194706113414, "CXR2010_IM-0661-1001.png": 4.432644869991008, "CXR2533_IM-1047-2001.png": 3.8545533798133857, "CXR19_IM-0583-3003.png": 3.172178183992292, "CXR2557_IM-1061-2001.png": 2.801113270071362, "CXR2058_IM-0696-2002.png": 1.9181777183202837, "CXR2655_IM-1137-2001.png": 1.8392849665655666, "CXR2563_IM-1066-2001.png": 4.801136906764835, "CXR2664_IM-1145-2001.png": 3.318274412699382, "CXR2638_IM-1123-2001.png": 3.396285912704361, "CXR2660_IM-1142-2001.png": 2.0559653356221874, "CXR270_IM-1168-1001.png": 4.591059455945423, "CXR2679_IM-1153-2001.png": 2.2359257590247443, "CXR267_IM-1147-1001.png": 2.5118932004215946, "CXR2665_IM-1145-2001.png": 2.356003537177898, "CXR3491_IM-1698-1001.png": 4.33904261261914, "CXR2720_IM-1182-2001.png": 2.6471031165377292, "CXR3506_IM-1708-1001.png": 3.5151112512952336, "CXR3490_IM-1697-1001.png": 3.1594208151250904, "CXR3565_IM-1750-2001.png": 4.359774528886153, "CXR3543_IM-1735-2001.png": 2.6674471889876257, "CXR3544_IM-1736-2001.png": 1.6028985420444337, "CXR3532_IM-1726-1001.png": 2.325737086321445, "CXR3639_IM-1804-1001.png": 2.4776870383646092, "CXR3638_IM-1804-1001.png": 1.2282663390974549, "CXR3650_IM-1813-1001.png": 3.7788377951860044, "CXR3628_IM-1796-2001.png": 6.307845501809895, "CXR3612_IM-1785-2001.png": 3.8849465416706, "CXR3733_IM-1866-1001.png": 1.694497972395989, "CXR3745_IM-1872-1001.png": 3.9786385170900247, "CXR3768_IM-1887-2001.png": 2.5818554837908803, "CXR3783_IM-1898-1001.png": 1.73480498926096, "CXR3727_IM-1863-2001.png": 4.092517652757036, "CXR3794_IM-1908-1002.png": 3.42987135984121, "CXR3809_IM-1919-1002001.png": 5.065690842307161, "CXR3821_IM-1929-2001.png": 3.303233876883978, "CXR3797_IM-1910-0001-0001.png": 2.303906349077007, "CXR633_IM-2213-1001.png": 3.386001231603788, "CXR634_IM-2214-1001.png": 5.772928228303224, "CXR640_IM-2219-1001.png": 3.022801132820941, "CXR3827_IM-1932-1001.png": 2.5272159473034765, "CXR3824_IM-1931-1001.png": 2.796604642845049, "CXR682_IM-2253-2001.png": 4.846025991175134, "CXR651_IM-2229-1001.png": 3.139037745886895, "CXR647_IM-2225-2001.png": 1.9382317855020894, "CXR70_IM-2264-3001.png": 2.9827446404734577, "CXR756_IM-2307-4001.png": 3.1847334418041666, "CXR718_IM-2280-3001.png": 2.919455996898333, "CXR899_IM-2407-1001.png": 3.068415393680986, "CXR776_IM-2319-1001.png": 1.889270720557114, "CXR810_IM-2343-1001.png": 2.263504572455441, "CXR801_IM-2335-2001.png": 5.347055085499426, "CXR965_IM-2455-1001.png": 4.862478345541884,