{"000000229216.png": 7.327817887323571, "000000328238.png": 13.447596320057519, "000000477623.png": 10.73819067109535, "000000186282.png": 3.5987824920981795, "000000380203.png": 6.839850813965936, "000000060932.png": 7.375416410339371, "000000034071.png": 1.6276546487365195, "000000255401.png": 8.201509812285199, "000000361919.png": 6.86597092746889, "000000319935.png": 6.660662276367446, "000000451714.png": 9.232154765957274, "000000286422.png": 5.905291299707373, "000000414034.png": 5.012436165465425, "000000291619.png": 4.1853092592672345, "000000414795.png": 9.880610965019734, "000000294831.png": 3.660135265952718, "000000032817.png": 5.14596503790748, "000000210032.png": 8.306162579991053, "000000310862.png": 5.783105698663019, "000000472623.png": 8.175543700312893, "000000095786.png": 3.5885410587754847, "000000537053.png": 9.070652406871083, "000000192964.png": 3.6886594849957017, "000000451693.png": 6.405541118080651, "000000074733.png": 6.863765260437703, "000000013923.png": 11.300924245587954, "000000402118.png": 3.455103074903791, "000000194940.png": 4.525887721689952, "000000239537.png": 8.528485175586015, "000000451043.png": 10.952901759925403, "000000361551.png": 6.302220644333643, "000000102707.png": 8.54059077762287, "000000049761.png": 9.137440367660949, "000000337987.png": 9.670369389086142, "000000004795.png": 9.126306495375246, "000000294783.png": 7.171222592430561, "000000458255.png": 3.4232722352823144, "000000079188.png": 9.39007578028341, "000000347265.png": 11.879562108367196, "000000109313.png": 7.833787843868706, "000000395903.png": 14.747287140300374, "000000575500.png": 7.191170918752301, "000000561465.png": 4.494297112416337, "000000204329.png": 6.7875689815954, "000000186296.png": 6.631341219610923, "000000117908.png": 5.350191200331199, "000000028285.png": 7.344764312743941, "000000532493.png": 12.30932214634868, "000000391375.png": 4.258463781290186, "000000167572.png": 6.118481766253713, "000000504389.png": 8.279067133102975, "000000221017.png": 8.521476503412853, "000000044652.png": 1.50983312985892, "000000413395.png": 6.480825019708499, "000000342295.png": 8.112347878204622, "000000434996.png": 4.145309923442871, "000000534601.png": 4.5562167222974015, "000000560279.png": 6.452629633729883, "000000334417.png": 3.4600787338636323, "000000370486.png": 9.594455139748499, "000000167902.png": 8.720685636060033, "000000453708.png": 4.64702964445037, "000000173033.png": 7.334295128884575, "000000211042.png": 5.815181381737582, "000000133244.png": 8.779696410465451, "000000096001.png": 9.0369288095617, "000000231549.png": 4.914569884517398, "000000468233.png": 2.936806257789739, "000000135604.png": 11.251834640791806, "000000538067.png": 7.649423058177949, "000000455981.png": 3.773140524126766, "000000482585.png": 7.649928288296769, "000000369037.png": 5.673159147893875, "000000232684.png": 1.8307087984348138, "000000329447.png": 10.633743682391191, "000000011511.png": 7.586945078401343, "000000310072.png": 9.678014903339244, "000000057027.png": 7.9207637635079235, "000000192699.png": 9.002585105713933, "000000311789.png": 3.009777341675861, "000000092839.png": 5.930427194747426, "000000001000.png": 10.430141949988206, "000000389381.png": 10.111807679984604, "000000335177.png": 10.311279905656052, "000000127135.png": 13.503288968638287, "000000061171.png": 11.403285083766837, "000000269682.png": 2.9010009848390093, "000000200421.png": 4.909708974115868, "000000238013.png": 4.936802877822469, "000000444879.png": 8.23671140958952, "000000234779.png": 3.681438874662218, "000000115118.png": 12.732576202196377, "000000228942.png": 8.127976222704513, "000000505789.png": 14.547360295103507, "000000400573.png": 6.956339542389172, "000000250766.png": 10.360550122777056, "000000396863.png": 13.794406521589003, "000000097022.png": 5.02267086062295, "000000474452.png": 6.281324751661735, "000000108440.png": 8.60749317972436, "000000404479.png": 4.407139479130109, "000000177357.png": 10.070990490344425, "000000076211.png": 6.874874236345654, "000000229111.png": 2.839027950050974, "000000501243.png": 10.861999187111728, "000000104612.png": 6.828633127838199, "000000027620.png": 7.508501634732803, "000000355610.png": 3.9611481963231827, "000000033109.png": 7.422191669036389, "000000264968.png": 7.848631649606141, "000000570688.png": 9.720888229497977, "000000533855.png": 4.27099674397737, "000000336658.png": 5.238284133805561, "000000503841.png": 8.81679819131627, "000000468954.png": 4.871899479765056, "000000007816.png": 7.313131073242543, "000000215723.png": 4.487382056791943, "000000565607.png": 17.461520348525042, "000000411530.png": 13.907878505714066, "000000135561.png": 3.8858641680015835, "000000535578.png": 10.81039167774103, "000000209613.png": 9.093099016420487, "000000093437.png": 7.22056745494796, "000000126216.png": 16.063045814631487, "000000252701.png": 10.557623485109822, "000000439623.png": 7.452938347021558, "000000556158.png": 8.394908947103886, "000000183500.png": 6.404036639982657, "000000190853.png": 3.6196469517085794, "000000306437.png": 4.509916368253675, "000000291664.png": 12.418173731717388, "000000006040.png": 8.212147830020605, "000000307074.png": 6.975261423544561, "000000269314.png": 7.29165412354444, "000000477689.png": 9.041913453891866, "000000047121.png": 4.283712307553732, "000000292024.png": 5.517565975482083, "000000102411.png": 11.031418453280564, "000000479596.png": 8.47507599906874, "000000351589.png": 5.814162626669032, "000000030504.png": 9.302518834330723, "000000508602.png": 10.378940468267986, "000000351559.png": 4.5488488242358045, "000000335081.png": 6.540553217866339, "000000314034.png": 10.422410586500243, "000000019924.png": 12.519208358127162, "000000468632.png": 11.292980218856755, "000000506310.png": 6.745962917647914, "000000377814.png": 5.8646524317297235, "000000514914.png": 7.311334859064599, "000000085195.png": 9.086441893524963, "000000532575.png": 6.322502887302089, "000000170595.png": 5.54540115300435, "000000010363.png": 4.580277326340001, "000000138639.png": 10.242171973644073, "000000346968.png": 3.1613507070184186, "000000520659.png": 10.678473023371307, "000000201426.png": 8.53243689814058, "000000386912.png": 7.6154204224218764, "000000012639.png": 11.669479822044858, "000000311909.png": 9.22001506195804, "000000226662.png": 7.928735339047559, "000000284762.png": 9.685618211129311, "000000308328.png": 7.112668661451383, "000000502599.png": 9.914865508230315, "000000309938.png": 7.04034692919302, "000000174004.png": 11.753268318847006, "000000303653.png": 8.503034915192476, "000000239773.png": 4.345426918138981, "000000187144.png": 7.600144687419742, "000000453341.png": 8.560068997159773, "000000231125.png": 8.193043369602334, "000000452515.png": 4.4429296581475475, "000000289059.png": 4.745574626930459, "000000252716.png": 9.009481261706785, "000000198960.png": 17.439514808544352, "000000068765.png": 6.117775865301185, "000000468124.png": 8.868723040268927, "000000100510.png": 9.085651015268205, "000000190923.png": 8.29264056161029, "000000180751.png": 7.971809198408037, "000000148719.png": 10.812561755178407, "000000192716.png": 10.196138681576434, "000000522889.png": 5.540919025182771, "000000249786.png": 8.243289380327871, "000000362434.png": 6.904656433081213, "000000269866.png": 6.508917866234313, "000000144706.png": 5.128590691926102, "000000176037.png": 9.179886673923013, "000000167159.png": 4.747702927694851, "000000399462.png": 11.274334178140286, "000000136915.png": 6.384612351644155, "000000516143.png": 7.612925154107213, "000000343496.png": 11.990692695830653, "000000309391.png": 13.147159934762248, "000000086483.png": 10.717464294283188, "000000147745.png": 11.12488446761298, "000000051008.png": 8.127622231913312, "000000438955.png": 12.34348905808055, "000000271471.png": 3.073189025652583}