{"000000079188.png": 4.562798044326049, "000000337987.png": 6.736351739164366, "000000004795.png": 4.688344458336257, "000000386912.png": 5.7436095384163455, "000000458255.png": 2.3318161715746157, "000000012639.png": 6.82953395975282, "000000347265.png": 7.401766638935599, "000000049761.png": 4.767400429717935, "000000201426.png": 5.251639161980787, "000000294783.png": 5.7989717398483736, "000000310862.png": 2.2914962120891778, "000000229216.png": 5.292349060992575, "000000186296.png": 4.7109981905106375, "000000561465.png": 3.138010119459883, "000000395903.png": 9.94664219545595, "000000438955.png": 8.979571840255844, "000000147745.png": 7.078220117617007, "000000051008.png": 4.19007141265178, "000000109313.png": 4.109506385440723, "000000204329.png": 2.5679392988355896, "000000271471.png": 2.1444230247846763, "000000575500.png": 4.498431271450018, "000000477623.png": 6.193851562235893, "000000209613.png": 6.948825634380472, "000000086483.png": 8.647706245248266, "000000093437.png": 5.18707132928649, "000000126216.png": 11.13654987475951, "000000565607.png": 14.002623198773218, "000000343496.png": 8.440567760023146, "000000309391.png": 10.388737008070768, "000000411530.png": 9.538211566901568, "000000135561.png": 2.641044521035064, "000000535578.png": 7.626965179422953, "000000328238.png": 8.596864056493054, "000000414034.png": 3.868317547734527, "000000294831.png": 2.458720639009943, "000000291619.png": 2.8500828320804485, "000000522889.png": 4.542859181177584, "000000032817.png": 2.628746203551561, "000000210032.png": 5.08276404249368, "000000414795.png": 6.006229449841665, "000000192716.png": 6.175470513228268, "000000249786.png": 4.850456739015985, "000000286422.png": 3.215622383730763, "000000060932.png": 5.4768538781434595, "000000516143.png": 5.336383108018447, "000000176037.png": 7.270470680052206, "000000221017.png": 4.5534808187449025, "000000399462.png": 7.325426975005224, "000000167159.png": 3.423712006150428, "000000044652.png": 0.934620719844999, "000000167572.png": 4.916931979706426, "000000136915.png": 4.497165268347764, "000000413395.png": 3.250216446868964, "000000504389.png": 5.607111245632622, "000000186282.png": 2.9424419227712395, "000000010363.png": 3.8057383180957527, "000000377814.png": 3.0202954962847315, "000000532575.png": 4.191154644336905, "000000085195.png": 2.8717976744267015, "000000144706.png": 2.656075348523872, "000000362434.png": 4.714159577446575, "000000269866.png": 3.7413792432266453, "000000514914.png": 3.2127051163077995, "000000170595.png": 2.293744984566881, "000000506310.png": 5.082656119386782, "000000255401.png": 4.104624334657685, "000000187144.png": 4.570441016885465, "000000013923.png": 6.3438027637754, "000000402118.png": 2.345393504430775, "000000537053.png": 5.971583445881572, "000000074733.png": 4.325964014610047, "000000192964.png": 3.006393266585251, "000000451693.png": 2.6621697796233668, "000000174004.png": 7.979089370441722, "000000239773.png": 3.163660644880647, "000000303653.png": 6.350482545788504, "000000034071.png": 1.0233643391865208, "000000451714.png": 5.222134124227412, "000000319935.png": 5.022626397774324, "000000190923.png": 6.1801196208136275, "000000252716.png": 4.832860614304908, "000000100510.png": 6.610398698410256, "000000148719.png": 8.004993465372714, "000000468124.png": 5.428353904119201, "000000180751.png": 5.2468038295122685, "000000198960.png": 12.833671558905662, "000000068765.png": 5.285852954416374, "000000361919.png": 4.038443936681476, "000000289059.png": 3.1026389433392576, "000000452515.png": 2.208661274949509, "000000306437.png": 3.693835187525079, "000000006040.png": 7.193880036792547, "000000190853.png": 1.6002863455247984, "000000231125.png": 4.291254291059285, "000000252701.png": 5.261035023136985, "000000453341.png": 5.343032680357569, "000000477689.png": 5.499604233547796, "000000556158.png": 4.4073638807107445, "000000291664.png": 6.579527754022449, "000000439623.png": 4.9167600378218115, "000000269314.png": 4.679295214213375, "000000307074.png": 4.842729584512953, "000000380203.png": 5.169155209484967, "000000468632.png": 7.867589602769821, "000000047121.png": 1.6999245822197533, "000000351559.png": 3.4585763645577776, "000000292024.png": 3.5134376089697024, "000000030504.png": 5.555371575831291, "000000351589.png": 5.034141982314465, "000000479596.png": 5.681866321880851, "000000102411.png": 6.571650295653924, "000000019924.png": 6.780929748781998, "000000007816.png": 4.704706286454365, "000000508602.png": 7.090336609057734, "000000215723.png": 3.4023254199934247, "000000335081.png": 4.449981449973842, "000000314034.png": 7.170078422995164, "000000503841.png": 5.8670581568799145, "000000533855.png": 2.901824755986604, "000000011511.png": 5.321490006403017, "000000570688.png": 6.355168450794118, "000000057027.png": 5.8850045313421555, "000000192699.png": 6.427524736812828, "000000311789.png": 1.7829373157898456, "000000310072.png": 7.0722478977083645, "000000033109.png": 5.298149625424749, "000000389381.png": 5.741760217258607, "000000264968.png": 4.611998211661807, "000000092839.png": 3.5569760535580675, "000000001000.png": 7.326134965482854, "000000329447.png": 7.173558798994157, "000000355610.png": 1.8892307996951274, "000000336658.png": 4.715338453341556, "000000309938.png": 4.401905149737343, "000000232684.png": 1.4392891194570114, "000000502599.png": 7.084136298932949, "000000231549.png": 3.0755899621083413, "000000369037.png": 3.62256638561593, "000000308328.png": 4.75052080377618, "000000455981.png": 2.012705254502286, "000000468233.png": 1.7127044489712333, "000000284762.png": 4.444790036135529, "000000482585.png": 4.27881740509695, "000000135604.png": 6.389220829586857, "000000538067.png": 3.761461763001224, "000000226662.png": 6.923083273953032, "000000311909.png": 7.62336118454046, "000000468954.png": 2.5892055123532396, "000000250766.png": 7.381852974861124, "000000211042.png": 4.496685074042707, "000000097022.png": 3.957875089296414, "000000096001.png": 4.358843816496057, "000000238013.png": 3.812745131248688, "000000396863.png": 9.42171848438941, "000000173033.png": 2.599886338376645, "000000234779.png": 1.9546746700819728, "000000228942.png": 5.831068656354217, "000000400573.png": 4.1741193034655, "000000444879.png": 5.397137104149484, "000000133244.png": 6.8941222407481835, "000000115118.png": 9.756906385126586, "000000505789.png": 11.452563191338408, "000000095786.png": 1.534250313744446, "000000200421.png": 4.03524902314184, "000000269682.png": 1.9449112595439462, "000000194940.png": 3.094356164485308, "000000532493.png": 5.870859169644883, "000000028285.png": 5.841573061343396, "000000102707.png": 5.253369057808818, "000000335177.png": 6.517362952435812, "000000361551.png": 3.411904735733436, "000000239537.png": 4.231587840245087, "000000061171.png": 7.721874627708151, "000000117908.png": 3.4244177127064557, "000000127135.png": 8.800306764518291, "000000391375.png": 3.4724645564792493, "000000451043.png": 2.855134915999592, "000000472623.png": 5.888291076558391, "000000027620.png": 4.548400335313128, "000000501243.png": 8.907070546726311, "000000342295.png": 4.788479008696838, "000000334417.png": 1.8576350209818262, "000000434996.png": 2.4268980184416553, "000000108440.png": 6.052941665020414, "000000076211.png": 3.796811059871405, "000000534601.png": 2.0071754046871058, "000000177357.png": 6.121132106577015, "000000404479.png": 2.4353673726071183, "000000104612.png": 4.823721709217253, "000000560279.png": 2.8703346245326817, "000000229111.png": 2.1502248665685206, "000000474452.png": 4.345665876744146, "000000183500.png": 3.716301764550844, "000000370486.png": 7.5849693894135655, "000000167902.png": 6.4815939610983335, "000000520659.png": 8.384817809828961, "000000346968.png": 1.7789471390350295, "000000453708.png": 3.0828626039443554, "000000138639.png": 8.256528946913905}