{"000000079188.png": 10.326426713630594, "000000337987.png": 13.898894754390177, "000000004795.png": 14.450088026634692, "000000386912.png": 10.872887897106716, "000000458255.png": 5.257262812400111, "000000012639.png": 16.41696125829969, "000000347265.png": 14.84552127289257, "000000049761.png": 13.452442646025482, "000000201426.png": 12.440451878154473, "000000294783.png": 10.143843301295535, "000000310862.png": 7.733031426783501, "000000229216.png": 10.073513896604233, "000000186296.png": 9.097501334515327, "000000561465.png": 6.149020579134875, "000000395903.png": 21.91402562815533, "000000438955.png": 19.528950899411726, "000000147745.png": 15.190907430961746, "000000051008.png": 10.010135935572151, "000000109313.png": 11.050097522924915, "000000204329.png": 12.918267277585114, "000000271471.png": 4.077881161106547, "000000575500.png": 9.830264078017981, "000000477623.png": 15.609785305281871, "000000209613.png": 10.982892200109124, "000000086483.png": 14.173377429947221, "000000093437.png": 9.810234796002854, "000000126216.png": 21.356462624549653, "000000565607.png": 23.825215127898414, "000000343496.png": 15.177556769794084, "000000309391.png": 17.2280589784418, "000000411530.png": 19.922474408243687, "000000135561.png": 5.134533548687875, "000000535578.png": 13.979516217127564, "000000328238.png": 18.54898322453566, "000000414034.png": 7.578332555004959, "000000294831.png": 5.096384462304416, "000000291619.png": 5.07398352756408, "000000522889.png": 8.369297082480433, "000000032817.png": 6.832551249029353, "000000210032.png": 11.856681474823294, "000000414795.png": 14.453540505287357, "000000192716.png": 13.676900723663907, "000000249786.png": 12.924669341229214, "000000286422.png": 9.009174359710967, "000000060932.png": 9.593865792247247, "000000516143.png": 10.660155683732457, "000000176037.png": 11.789764910111794, "000000221017.png": 12.347834578021944, "000000399462.png": 15.914648536999408, "000000167159.png": 6.8876789062244175, "000000044652.png": 2.098445769210427, "000000167572.png": 8.096719037218103, "000000136915.png": 9.15421206191491, "000000413395.png": 9.132731293669105, "000000504389.png": 9.627903415304136, "000000186282.png": 5.070455147734023, "000000010363.png": 5.877449848724632, "000000377814.png": 8.731290700590195, "000000532575.png": 8.338344741215943, "000000085195.png": 11.002216698339778, "000000144706.png": 6.470777360102883, "000000362434.png": 9.786780599537874, "000000269866.png": 9.182710152834398, "000000514914.png": 11.344453914184266, "000000170595.png": 7.897534491074779, "000000506310.png": 9.831411494889906, "000000255401.png": 11.914597645072348, "000000187144.png": 10.182138433392481, "000000013923.png": 15.186053061911299, "000000402118.png": 5.146236958759481, "000000537053.png": 12.902517572814793, "000000074733.png": 9.814455260875375, "000000192964.png": 5.0309610414797055, "000000451693.png": 9.274974750915055, "000000174004.png": 16.160639249224637, "000000239773.png": 6.222673943239059, "000000303653.png": 11.023312636774719, "000000034071.png": 1.9169691070156252, "000000451714.png": 13.49475416044253, "000000319935.png": 9.757226895092822, "000000190923.png": 11.572725985341208, "000000252716.png": 10.52251954122547, "000000100510.png": 13.241182537571849, "000000148719.png": 15.021791264660328, "000000468124.png": 13.2190626683943, "000000180751.png": 11.759190100127272, "000000198960.png": 22.64015745169841, "000000068765.png": 8.92061000551869, "000000361919.png": 10.158308656593695, "000000289059.png": 6.672550590862309, "000000452515.png": 6.764843500361052, "000000306437.png": 6.615445907928389, "000000006040.png": 11.592890247294807, "000000190853.png": 5.886235697304248, "000000231125.png": 12.615676103765027, "000000252701.png": 17.649028393093612, "000000453341.png": 13.050515612689818, "000000477689.png": 12.54231676019781, "000000556158.png": 10.15071026030423, "000000291664.png": 19.798813796179797, "000000439623.png": 10.31892394805616, "000000269314.png": 9.750900499967969, "000000307074.png": 8.928291453699686, "000000380203.png": 8.711947787774815, "000000468632.png": 15.60412816855621, "000000047121.png": 5.769009670574333, "000000351559.png": 6.65588869146145, "000000292024.png": 7.689449506834917, "000000030504.png": 13.769615521504825, "000000351589.png": 7.532616975255842, "000000479596.png": 11.617179311082857, "000000102411.png": 15.328239725740021, "000000019924.png": 13.522418328750287, "000000007816.png": 10.563273819648881, "000000508602.png": 15.858586084726898, "000000215723.png": 6.4744563842785, "000000335081.png": 9.261645809187678, "000000314034.png": 14.196791878214094, "000000503841.png": 12.263226897974146, "000000533855.png": 6.186247811449978, "000000011511.png": 11.175844440546479, "000000570688.png": 12.075716069830582, "000000057027.png": 11.08689082742947, "000000192699.png": 12.430957294205001, "000000311789.png": 4.115715499231669, "000000310072.png": 13.715381146190207, "000000033109.png": 10.24548605203545, "000000389381.png": 15.630039973293297, "000000264968.png": 10.746639902649044, "000000092839.png": 9.127909891187853, "000000001000.png": 15.201929533177713, "000000329447.png": 14.760339544196901, "000000355610.png": 5.208604079519098, "000000336658.png": 6.506986513465005, "000000309938.png": 10.458170439209315, "000000232684.png": 2.6059258687427214, "000000502599.png": 16.125397614274014, "000000231549.png": 7.342387591244375, "000000369037.png": 5.9442361345540045, "000000308328.png": 10.494215149626456, "000000455981.png": 5.215742643710096, "000000468233.png": 3.6323605843823836, "000000284762.png": 13.612220890848892, "000000482585.png": 9.125001844158568, "000000135604.png": 15.71571013833607, "000000538067.png": 9.760579291398214, "000000226662.png": 10.202853252594338, "000000311909.png": 12.681848525722227, "000000468954.png": 6.872058172854501, "000000250766.png": 14.505934758423102, "000000211042.png": 7.6372249004278325, "000000097022.png": 7.410410736389762, "000000096001.png": 13.4606632292789, "000000238013.png": 6.985236680261588, "000000396863.png": 18.597957226691193, "000000173033.png": 12.285001549288351, "000000234779.png": 5.0565391670868, "000000228942.png": 11.426663910240917, "000000400573.png": 9.586341891546313, "000000444879.png": 11.780670188486214, "000000133244.png": 12.125877312816268, "000000115118.png": 15.756607677431727, "000000505789.png": 21.137174020501387, "000000095786.png": 5.383906608293959, "000000200421.png": 6.377393890368881, "000000269682.png": 3.7918149558120184, "000000194940.png": 6.086026194545001, "000000532493.png": 18.6836768218716, "000000028285.png": 8.612733063492552, "000000102707.png": 12.311415680921002, "000000335177.png": 12.820561015331434, "000000361551.png": 8.69866491337833, "000000239537.png": 12.987493312680337, "000000061171.png": 17.58746751102177, "000000117908.png": 7.408848294768809, "000000127135.png": 18.829268692826222, "000000391375.png": 4.7715171270670815, "000000451043.png": 12.848109527267752, "000000472623.png": 10.766134368530304, "000000027620.png": 10.89872974580726, "000000501243.png": 14.767730006536762, "000000342295.png": 12.192155837522954, "000000334417.png": 4.785944915679322, "000000434996.png": 6.7980871396127425, "000000108440.png": 10.79087647546555, "000000076211.png": 9.460672365483871, "000000534601.png": 6.518909244606757, "000000177357.png": 14.281924644077234, "000000404479.png": 6.1946250766118816, "000000104612.png": 8.906480954855972, "000000560279.png": 8.793700012401757, "000000229111.png": 3.8160650907261617, "000000474452.png": 8.587648877476958, "000000183500.png": 8.77499455816349, "000000370486.png": 13.788495588980792, "000000167902.png": 11.639061973095501, "000000520659.png": 15.158218963345256, "000000346968.png": 4.155939652661414, "000000453708.png": 6.081219362180115, "000000138639.png": 14.764305252580458}