{"000000079188.png": 6.961831660470869, "000000337987.png": 10.1159993202609, "000000004795.png": 8.361303910656563, "000000386912.png": 8.873140443539581, "000000458255.png": 4.957876237734005, "000000012639.png": 11.387199716542474, "000000347265.png": 10.481598195787491, "000000049761.png": 7.48821167689755, "000000201426.png": 7.7720939727167435, "000000294783.png": 8.509364106866188, "000000310862.png": 4.448527149029927, "000000229216.png": 7.926645892746549, "000000186296.png": 8.67955045139953, "000000561465.png": 5.060617504010986, "000000395903.png": 15.315101470544956, "000000438955.png": 13.351175236164476, "000000147745.png": 9.894069799273382, "000000051008.png": 6.027982157618234, "000000109313.png": 7.0315817025740674, "000000204329.png": 4.522500829531698, "000000271471.png": 4.005394324201935, "000000575500.png": 6.8523932015196465, "000000477623.png": 10.03646541757976, "000000209613.png": 9.339318145492866, "000000086483.png": 11.820953591973023, "000000093437.png": 7.307497133547124, "000000126216.png": 16.09667561533618, "000000565607.png": 19.71318521118524, "000000343496.png": 11.927313948143805, "000000309391.png": 15.039599397190488, "000000411530.png": 13.906611800988431, "000000135561.png": 4.002853227611619, "000000535578.png": 11.223222230826018, "000000328238.png": 12.280692534888631, "000000414034.png": 6.020378437669737, "000000294831.png": 4.3857745012916975, "000000291619.png": 3.955301584591915, "000000522889.png": 6.466357439314079, "000000032817.png": 3.9769647605690186, "000000210032.png": 7.848704513169973, "000000414795.png": 8.779710620613683, "000000192716.png": 9.305110467067122, "000000249786.png": 7.3295490006801485, "000000286422.png": 5.473683594087641, "000000060932.png": 7.600207965548536, "000000516143.png": 7.899432235659716, "000000176037.png": 10.446846277125257, "000000221017.png": 8.226616723291183, "000000399462.png": 12.191900029816843, "000000167159.png": 6.5736268181905215, "000000044652.png": 1.3740826681170502, "000000167572.png": 7.090133569964106, "000000136915.png": 6.389060123447747, "000000413395.png": 4.878719508242601, "000000504389.png": 7.65039635086329, "000000186282.png": 4.11897627303144, "000000010363.png": 5.734483167437513, "000000377814.png": 5.974860410789652, "000000532575.png": 6.106160288273686, "000000085195.png": 4.985529946313837, "000000144706.png": 4.547238078958432, "000000362434.png": 7.570659716023446, "000000269866.png": 5.9563192186407194, "000000514914.png": 5.612876693395212, "000000170595.png": 4.112416447383953, "000000506310.png": 7.278738768159648, "000000255401.png": 6.1995895785270765, "000000187144.png": 6.857880344191385, "000000013923.png": 9.134789973692191, "000000402118.png": 4.143657155979652, "000000537053.png": 9.806166815101765, "000000074733.png": 6.9612600377921625, "000000192964.png": 4.0175035518595354, "000000451693.png": 7.095213768264238, "000000174004.png": 12.71713650564016, "000000239773.png": 4.465814329007838, "000000303653.png": 9.123766846532881, "000000034071.png": 1.4286564233703989, "000000451714.png": 8.062780689616089, "000000319935.png": 7.197201784167659, "000000190923.png": 8.7347786569273, "000000252716.png": 7.3520657568766925, "000000100510.png": 10.617804856660575, "000000148719.png": 11.797932943808558, "000000468124.png": 9.220911751002657, "000000180751.png": 8.13789640369061, "000000198960.png": 18.02727776096488, "000000068765.png": 7.337690801905519, "000000361919.png": 6.4478239167019025, "000000289059.png": 5.32114132453646, "000000452515.png": 4.284134979855622, "000000306437.png": 6.640111579983768, "000000006040.png": 9.927648409977712, "000000190853.png": 4.595925275197076, "000000231125.png": 7.39572914407743, "000000252701.png": 8.872207152951159, "000000453341.png": 8.756797221168938, "000000477689.png": 8.442025907968304, "000000556158.png": 7.548929422760976, "000000291664.png": 11.66189396061493, "000000439623.png": 7.732503424777607, "000000269314.png": 6.928186312992232, "000000307074.png": 6.5369176154378295, "000000380203.png": 7.3658173861339185, "000000468632.png": 11.484310255596833, "000000047121.png": 3.168654891695857, "000000351559.png": 5.204231148892319, "000000292024.png": 5.665869493772635, "000000030504.png": 8.675654852644284, "000000351589.png": 6.7195032069941965, "000000479596.png": 8.253648666370195, "000000102411.png": 9.289755110551187, "000000019924.png": 8.901110492187591, "000000007816.png": 6.930753820784231, "000000508602.png": 10.663381006337904, "000000215723.png": 5.385856881853635, "000000335081.png": 6.4994096587075125, "000000314034.png": 10.5403875777775, "000000503841.png": 8.707136601412476, "000000533855.png": 4.040160468814568, "000000011511.png": 7.65890580060071, "000000570688.png": 8.657432398568307, "000000057027.png": 8.526604485953435, "000000192699.png": 9.227389454666113, "000000311789.png": 3.1987620165865365, "000000310072.png": 10.264975946239584, "000000033109.png": 8.13888818101991, "000000389381.png": 9.93113196008553, "000000264968.png": 6.9372948997472825, "000000092839.png": 5.712448483286373, "000000001000.png": 11.059311586836637, "000000329447.png": 10.284771339729335, "000000355610.png": 3.066602925227398, "000000336658.png": 6.358806878419772, "000000309938.png": 6.806012031545775, "000000232684.png": 1.9824259092304772, "000000502599.png": 10.772077731148682, "000000231549.png": 4.632123750548941, "000000369037.png": 6.542835822844821, "000000308328.png": 7.157543237099411, "000000455981.png": 2.916512429603959, "000000468233.png": 3.0727156456087714, "000000284762.png": 7.308127783961715, "000000482585.png": 7.373194488098237, "000000135604.png": 10.462852450245503, "000000538067.png": 6.064863229738799, "000000226662.png": 9.134142503358268, "000000311909.png": 10.530985939428652, "000000468954.png": 4.525511401747811, "000000250766.png": 10.311634916824385, "000000211042.png": 7.407380699460535, "000000097022.png": 6.26799709222927, "000000096001.png": 7.0691537192435465, "000000238013.png": 5.470303463801335, "000000396863.png": 13.17392092371791, "000000173033.png": 5.912152054549416, "000000234779.png": 3.3056876347398485, "000000228942.png": 8.42394590857684, "000000400573.png": 7.037456529583924, "000000444879.png": 8.862228448910946, "000000133244.png": 9.75052349859225, "000000115118.png": 13.877381463716011, "000000505789.png": 17.322134424785197, "000000095786.png": 3.0927464983785087, "000000200421.png": 5.802102506705005, "000000269682.png": 3.524619919738142, "000000194940.png": 5.407925265696822, "000000532493.png": 11.26216009705639, "000000028285.png": 7.847521513750737, "000000102707.png": 8.674033362631167, "000000335177.png": 9.28052700152438, "000000361551.png": 6.091166256326928, "000000239537.png": 6.962658302926493, "000000061171.png": 12.04583029715194, "000000117908.png": 4.967448059606013, "000000127135.png": 13.442496615909697, "000000391375.png": 4.677812528609437, "000000451043.png": 5.472516148837218, "000000472623.png": 8.603797632376379, "000000027620.png": 7.4352159048015825, "000000501243.png": 12.714092896326095, "000000342295.png": 8.23751438163811, "000000334417.png": 3.010669468650665, "000000434996.png": 4.796985986365875, "000000108440.png": 8.87297045509806, "000000076211.png": 7.632459605157335, "000000534601.png": 5.046702508339616, "000000177357.png": 9.359441830172262, "000000404479.png": 3.8108728614986944, "000000104612.png": 7.59283579293004, "000000560279.png": 4.676603331389122, "000000229111.png": 3.199753399889222, "000000474452.png": 6.2485658274364875, "000000183500.png": 5.503557836918499, "000000370486.png": 10.883932771602156, "000000167902.png": 9.365334256140876, "000000520659.png": 11.696460178334046, "000000346968.png": 3.058020871656789, "000000453708.png": 4.501086934110712, "000000138639.png": 12.094554832328054}