{"000000001000.png": 10.252704270742944, "000000011511.png": 7.0573417715336, "000000010363.png": 5.770573465296602, "000000007816.png": 6.246699180348206, "000000006040.png": 9.517120051120836, "000000004795.png": 7.386138334893962, "000000013923.png": 8.292970670518523, "000000019924.png": 8.395464038505994, "000000012639.png": 10.38079655951203, "000000032817.png": 3.6251144240474553, "000000030504.png": 7.725163737192845, "000000028285.png": 7.617381633882121, "000000027620.png": 6.877708016311314, "000000047121.png": 2.9217455345650754, "000000044652.png": 1.2664759409671584, "000000034071.png": 1.3792092077363869, "000000033109.png": 7.644216278946845, "000000060932.png": 7.262196791641207, "000000049761.png": 6.449966467952344, "000000057027.png": 7.9562185649072115, "000000051008.png": 5.628748723218031, "000000074733.png": 6.4904517655205956, "000000068765.png": 6.975772139485294, "000000061171.png": 10.743427632800728, "000000093437.png": 6.758104815391483, "000000085195.png": 4.463078577280663, "000000092839.png": 5.0936943465827955, "000000086483.png": 11.21233395366684, "000000076211.png": 7.246100935026376, "000000097022.png": 6.002267047483316, "000000100510.png": 10.107227735334886, "000000096001.png": 6.224250469265326, "000000095786.png": 2.8078248392283562, "000000104612.png": 7.213274291002648, "000000108440.png": 8.544947012742044, "000000102707.png": 7.991416350115702, "000000102411.png": 8.456564650555778, "000000117908.png": 4.576544661353855, "000000115118.png": 13.34883160087849, "000000109313.png": 6.357863850519474, "000000133244.png": 9.06753573342615, "000000126216.png": 14.858037297227947, "000000127135.png": 12.221444203062184, "000000136915.png": 5.860637783403686, "000000135604.png": 9.474379472810266, "000000135561.png": 3.8155745383650523, "000000147745.png": 9.200627469590636, "000000144706.png": 4.323478531855267, "000000138639.png": 11.266986452041841, "000000167902.png": 8.79982352823146, "000000167572.png": 6.969346904923374, "000000167159.png": 6.56699053438835, "000000148719.png": 11.03004646485331, "000000174004.png": 12.11745621969647, "000000173033.png": 5.108330389073087, "000000170595.png": 3.717166718547665, "000000180751.png": 7.592620472543293, "000000177357.png": 8.403462731189812, "000000176037.png": 10.100847973917714, "000000190853.png": 4.309741514308021, "000000186296.png": 8.25237390683315, "000000187144.png": 6.425359666280195, "000000183500.png": 5.0064853508988225, "000000186282.png": 3.9288080721422487, "000000192964.png": 3.8228668918090785, "000000192716.png": 8.707397142191141, "000000192699.png": 8.614980080322555, "000000190923.png": 8.20441756210548, "000000201426.png": 7.011984681848755, "000000198960.png": 16.741590255439085, "000000194940.png": 5.164793896719974, "000000210032.png": 7.2207679311291, "000000209613.png": 8.93517459265645, "000000204329.png": 3.8172735183643685, "000000200421.png": 5.699436691275, "000000226662.png": 8.816088390432107, "000000221017.png": 7.698395694676051, "000000215723.png": 5.186048327465042, "000000211042.png": 7.413592426642002, "000000231125.png": 6.858344976867905, "000000229216.png": 7.467512212538192, "000000229111.png": 3.1103814038849187, "000000228942.png": 7.910389095098134, "000000239773.png": 4.153355260322984, "000000239537.png": 5.986751208177131, "000000238013.png": 5.15443359004807, "000000234779.png": 3.04266270203269, "000000232684.png": 1.8751768382014813, "000000231549.png": 4.227977475222126, "000000264968.png": 6.3451893186800445, "000000255401.png": 5.50707033734078, "000000252716.png": 6.939878431418882, "000000252701.png": 7.53603971214467, "000000250766.png": 9.467111632532063, "000000249786.png": 6.487341688036121, "000000286422.png": 4.838861124615305, "000000284762.png": 6.515796632513288, "000000271471.png": 3.769162364948123, "000000269682.png": 3.547935807735025, "000000269866.png": 5.481001461118433, "000000269314.png": 6.327777044597388, "000000292024.png": 5.345418267563813, "000000291664.png": 10.265251818802264, "000000289059.png": 5.1613798958841315, "000000291619.png": 3.7456570886502627, "000000308328.png": 6.520105841619687, "000000307074.png": 6.169195239414786, "000000306437.png": 6.429842825084487, "000000303653.png": 8.619344959549844, "000000294831.png": 4.252778651197003, "000000294783.png": 8.056536236150636, "000000309391.png": 14.249539828230953, "000000319935.png": 6.730997967089091, "000000369037.png": 6.55057454281889, "000000362434.png": 7.334542705635988, "000000361551.png": 5.698879017335408, "000000361919.png": 5.792694406514544, "000000351589.png": 6.516407806357517, "000000355610.png": 2.750101095168606, "000000347265.png": 9.920931743465925, "000000351559.png": 4.87494088472784, "000000346968.png": 2.8635575299885025, "000000343496.png": 11.146339397142986, "000000342295.png": 7.43761523252275, "000000337987.png": 9.33498025526927, "000000335081.png": 6.009225221271338, "000000336658.png": 6.328511335323682, "000000335177.png": 8.69996770469707, "000000334417.png": 2.757114304871886, "000000329447.png": 9.391371479826676, "000000328238.png": 11.042232269917013, "000000309938.png": 6.206353921196961, "000000310862.png": 4.048635671988063, "000000310072.png": 9.743707242173794, "000000311789.png": 3.050285885314998, "000000314034.png": 9.772736521298823, "000000311909.png": 9.94866869803863, "000000438955.png": 12.182352504114125, "000000434996.png": 4.516726732288239, "000000439623.png": 7.156160827118503, "000000444879.png": 8.236244006406332, "000000451043.png": 4.507038746509169, "000000451693.png": 6.8126887154586235, "000000377814.png": 5.461585369928681, "000000370486.png": 10.252999988939772, "000000458255.png": 4.8485836120922725, "000000468124.png": 8.581099974012016, "000000455981.png": 2.6294726102745574, "000000453708.png": 4.273461463372649, "000000453341.png": 8.002309827222966, "000000452515.png": 3.976818747777112, "000000451714.png": 7.197655666000317, "000000380203.png": 7.115179141691789, "000000389381.png": 8.934270424007366, "000000391375.png": 4.665828413475197, "000000386912.png": 8.565792379017, "000000396863.png": 12.247399829400093, "000000395903.png": 13.514016091785836, "000000402118.png": 3.9150001152188447, "000000400573.png": 6.708908820199122, "000000399462.png": 11.035311232483174, "000000404479.png": 3.3904449527175613, "000000411530.png": 12.67322051461401, "000000413395.png": 4.3805467688278386, "000000414034.png": 5.603492142397984, "000000414795.png": 7.855616375160627, "000000537053.png": 8.97453867606125, "000000535578.png": 10.440706698787935, "000000534601.png": 4.617338913223523, "000000532575.png": 5.691413321780322, "000000533855.png": 3.709932247907639, "000000532493.png": 9.950204224058298, "000000514914.png": 4.853952945674081, "000000522889.png": 5.96661101214648, "000000520659.png": 10.808129044542602, "000000516143.png": 7.41790263356765, "000000508602.png": 9.764870774339332, "000000506310.png": 6.794695909161459, "000000505789.png": 16.447081629169713, "000000503841.png": 7.986144030826431, "000000504389.png": 7.198511678887849, "000000502599.png": 9.619511448436297, "000000501243.png": 12.199635785565716, "000000482585.png": 7.299865725510812, "000000477689.png": 7.653857638445251, "000000479596.png": 7.490109551007786, "000000477623.png": 9.185879628329486, "000000474452.png": 5.811925398096201, "000000472623.png": 8.163853552278995, "000000468954.png": 4.1609075793279136, "000000468632.png": 10.637941696936833, "000000468233.png": 3.024413123696636, "000000575500.png": 6.387025566615906, "000000565607.png": 18.416138122852363, "000000561465.png": 4.9443411489720015, "000000570688.png": 8.102112379641671, "000000560279.png": 4.204432081486821, "000000538067.png": 5.656371733740509, "000000556158.png": 7.144668142753543, "000000079188.png": 6.431177852105189}