{"000000079188.png": 6.5199952209714525, "000000337987.png": 10.936755374656805, "000000004795.png": 8.125764786508343, "000000386912.png": 9.321245743461164, "000000458255.png": 4.533262546923784, "000000012639.png": 14.194025913623346, "000000347265.png": 12.527425943861699, "000000049761.png": 14.502911817081653, "000000201426.png": 9.247202232265902, "000000294783.png": 9.902619545951506, "000000310862.png": 3.792589447770922, "000000229216.png": 11.176450614693028, "000000186296.png": 12.998507301643267, "000000561465.png": 6.430546842932699, "000000395903.png": 18.445110249684493, "000000438955.png": 11.671464884216446, "000000147745.png": 8.958686878049757, "000000051008.png": 7.102770418351531, "000000109313.png": 6.864699676697288, "000000204329.png": 4.481609818490328, "000000271471.png": 4.802730850033797, "000000575500.png": 6.032214354277135, "000000477623.png": 9.491835712674305, "000000209613.png": 21.34641882581463, "000000086483.png": 12.787308558401396, "000000093437.png": 10.848554134438704, "000000126216.png": 22.39121474091605, "000000565607.png": 20.269028069297327, "000000343496.png": 14.293371802444085, "000000309391.png": 20.43924649692477, "000000411530.png": 16.17132394660524, "000000135561.png": 4.671361218807319, "000000535578.png": 21.486468181672258, "000000328238.png": 17.850121181681352, "000000414034.png": 6.954296598338831, "000000294831.png": 5.02092724540884, "000000291619.png": 7.2591595281400085, "000000522889.png": 6.5926326020853905, "000000032817.png": 4.633795709266814, "000000210032.png": 7.868593183452792, "000000414795.png": 10.959028463657564, "000000192716.png": 8.465041652920343, "000000249786.png": 7.51997986573855, "000000286422.png": 7.186028198395749, "000000060932.png": 9.272967543470703, "000000516143.png": 8.060651751570365, "000000176037.png": 16.693874307552186, "000000221017.png": 9.732266040503736, "000000399462.png": 19.546159672236644, "000000167159.png": 7.164881141469976, "000000044652.png": 2.4774641152554815, "000000167572.png": 9.651708248815368, "000000136915.png": 7.721813849759715, "000000413395.png": 4.489982839289327, "000000504389.png": 9.860566429909934, "000000186282.png": 4.796020343159514, "000000010363.png": 11.716183154297633, "000000377814.png": 5.202965538505665, "000000532575.png": 5.875728413131008, "000000085195.png": 4.239573815754413, "000000144706.png": 4.672864010109234, "000000362434.png": 7.433347263030855, "000000269866.png": 5.445673470144431, "000000514914.png": 6.047890981877729, "000000170595.png": 3.349055490007831, "000000506310.png": 7.914132683893024, "000000255401.png": 6.040023338922612, "000000187144.png": 6.111248727686409, "000000013923.png": 8.888512992418073, "000000402118.png": 3.854242427762688, "000000537053.png": 19.2883739291681, "000000074733.png": 6.613808565838897, "000000192964.png": 6.722498599078384, "000000451693.png": 6.902620424756102, "000000174004.png": 19.060813013338265, "000000239773.png": 5.49621369917395, "000000303653.png": 14.471621234557874, "000000034071.png": 2.4150904333728302, "000000451714.png": 7.928973282702897, "000000319935.png": 7.717009577973912, "000000190923.png": 10.19001449863244, "000000252716.png": 8.908530736249629, "000000100510.png": 10.886190957479153, "000000148719.png": 16.248520256436287, "000000468124.png": 9.216993145012951, "000000180751.png": 7.399728110043235, "000000198960.png": 24.3781525825623, "000000068765.png": 7.243644729685695, "000000361919.png": 6.048892715169062, "000000289059.png": 4.712596031011843, "000000452515.png": 3.7486387561432473, "000000306437.png": 6.57791848558467, "000000006040.png": 10.759244527883718, "000000190853.png": 4.471889235969924, "000000231125.png": 6.0980164283117135, "000000252701.png": 14.475097473670338, "000000453341.png": 8.108423679301405, "000000477689.png": 6.812609028226269, "000000556158.png": 7.657948766290527, "000000291664.png": 15.177737930176267, "000000439623.png": 7.802280340668342, "000000269314.png": 5.95098630056879, "000000307074.png": 6.909987007569036, "000000380203.png": 13.780796529701407, "000000468632.png": 17.27732759027317, "000000047121.png": 2.8531834925200337, "000000351559.png": 5.701780023146052, "000000292024.png": 7.713601105200004, "000000030504.png": 8.084500951929419, "000000351589.png": 10.04103731135526, "000000479596.png": 9.104068088053952, "000000102411.png": 9.015998320549116, "000000019924.png": 8.015898795113317, "000000007816.png": 9.053634190407651, "000000508602.png": 9.558678170299451, "000000215723.png": 5.696837543179624, "000000335081.png": 7.350676741601746, "000000314034.png": 14.961627148129269, "000000503841.png": 10.657579124448912, "000000533855.png": 5.303040769234694, "000000011511.png": 8.497059266575176, "000000570688.png": 9.156152028467, "000000057027.png": 11.142660435613413, "000000192699.png": 10.087470201162356, "000000311789.png": 5.1610839250869045, "000000310072.png": 9.575240884307506, "000000033109.png": 8.540293350975354, "000000389381.png": 12.211913523234116, "000000264968.png": 9.05452609837542, "000000092839.png": 6.315130606181233, "000000001000.png": 11.762492704736209, "000000329447.png": 12.158705953720876, "000000355610.png": 3.9095772679615335, "000000336658.png": 11.034552335960754, "000000309938.png": 6.706406016181928, "000000232684.png": 2.7145883440699574, "000000502599.png": 9.19967367687843, "000000231549.png": 4.0494834645571816, "000000369037.png": 11.43116429295242, "000000308328.png": 7.361086668485628, "000000455981.png": 3.421892129534216, "000000468233.png": 3.5258242886566253, "000000284762.png": 6.462133019151937, "000000482585.png": 6.234002110058101, "000000135604.png": 15.22899704208459, "000000538067.png": 6.1854535664046235, "000000226662.png": 13.679261313252706, "000000311909.png": 12.200912109484705, "000000468954.png": 4.24070823281615, "000000250766.png": 11.049722314722555, "000000211042.png": 10.018186616130562, "000000097022.png": 7.23318606724952, "000000096001.png": 9.188297061414175, "000000238013.png": 6.829187212467793, "000000396863.png": 16.734925500639804, "000000173033.png": 4.725231216953464, "000000234779.png": 3.923678444155274, "000000228942.png": 8.903711067405707, "000000400573.png": 8.053824892696824, "000000444879.png": 6.874044538386306, "000000133244.png": 12.730976823665456, "000000115118.png": 22.585108044469667, "000000505789.png": 16.68846723170521, "000000095786.png": 2.665519666275445, "000000200421.png": 9.692509305412436, "000000269682.png": 3.7303801290227234, "000000194940.png": 4.7856305584383, "000000532493.png": 12.997971213287258, "000000028285.png": 14.80328316478012, "000000102707.png": 8.144683850270592, "000000335177.png": 10.144153021564264, "000000361551.png": 6.815797389002635, "000000239537.png": 16.245274388431003, "000000061171.png": 14.397312063573532, "000000117908.png": 5.442375383949054, "000000127135.png": 16.637741760519283, "000000391375.png": 16.24325737006142, "000000451043.png": 6.861308913625328, "000000472623.png": 11.206268443004417, "000000027620.png": 6.832509299284539, "000000501243.png": 16.047381604812948, "000000342295.png": 8.530235935316252, "000000334417.png": 2.8265000517071734, "000000434996.png": 4.682422237390953, "000000108440.png": 9.354498285054259, "000000076211.png": 6.25870523904448, "000000534601.png": 3.874448302749296, "000000177357.png": 13.726540664830502, "000000404479.png": 4.571663287544266, "000000104612.png": 9.477672735820486, "000000560279.png": 4.831236447928692, "000000229111.png": 6.501971348732055, "000000474452.png": 6.514230850149805, "000000183500.png": 5.976500683948208, "000000370486.png": 11.969713753860018, "000000167902.png": 11.682191768821363, "000000520659.png": 13.683084907739264, "000000346968.png": 3.290159541390266, "000000453708.png": 5.660296101595552, "000000138639.png": 12.69996200844283}