{"CXR1071_IM-0051-2001.png": 1.3359350592486057, "CXR1088_IM-0061-1001.png": 2.563129173501374, "CXR1113_IM-0078-1002.png": 2.0853022643397496, "CXR102_IM-0016-2001.png": 2.075053273945025, "CXR1126_IM-0082-1001.png": 2.095712432712473, "CXR1130_IM-0087-1001.png": 3.1795740994002637, "CXR1153_IM-0104-1001.png": 3.0706711130713633, "CXR1142_IM-0096-2001.png": 1.3479181276558387, "CXR1152_IM-0103-1001.png": 1.3323368007117762, "CXR1141_IM-0096-1002.png": 1.9507784762963745, "CXR1128_IM-0084-6001.png": 1.9175262918704403, "CXR1146_IM-0098-1001.png": 2.317933274194228, "CXR1165_IM-0110-1001.png": 1.8558620406251645, "CXR1160_IM-0107-1001.png": 2.5498477941386737, "CXR1229_IM-0152-2001.png": 2.1160626122514525, "CXR118_IM-0123-2001.png": 1.2942961720823687, "CXR1174_IM-0118-1001.png": 1.953905704524859, "CXR1170_IM-0115-2001.png": 1.899178561774361, "CXR1211_IM-0142-1001.png": 3.0315447372993094, "CXR122_IM-0147-0001-0002.png": 2.043995278105141, "CXR1235_IM-0158-1001.png": 2.421984489812824, "CXR1372_IM-0239-2001.png": 1.4272267419070552, "CXR122_IM-0147-0001-0001.png": 3.2845057262998143, "CXR1300_IM-0198-2001.png": 1.5995458030915113, "CXR1278_IM-0185-1002.png": 1.5558426964325045, "CXR3060_IM-1426-1003.png": 2.6694508559341443, "CXR3171_IM-1494-1001.png": 2.2048743140698335, "CXR3096_IM-1448-3003.png": 1.8435582733136753, "CXR3063_IM-1428-1001.png": 3.0004606969294083, "CXR3057_IM-1424-1001-0001.png": 1.6494727263044773, "CXR3185_IM-1503-2001.png": 1.584052122218014, "CXR3058_IM-1425-2002.png": 2.9839982570635915, "CXR1381_IM-0245-2001.png": 1.2116685022638545, "CXR3256_IM-1543-2001.png": 1.4419969658723586, "CXR3255_IM-1543-2001.png": 1.7192294871340428, "CXR3267_IM-1551-2001.png": 1.5219892932484143, "CXR3194_IM-1505-2001.png": 1.146933433885181, "CXR3262_IM-1548-3001.png": 2.7693990076183495, "CXR3249_IM-1539-2001.png": 1.6031936248420136, "CXR3330_IM-1594-1001.png": 2.4517155959106454, "CXR3369_IM-1621-2001.png": 1.6431209808978533, "CXR3292_IM-1572-2001.png": 1.6226404965249557, "CXR3379_IM-1627-2001.png": 1.8824144861989884, "CXR3385_IM-1632-2001.png": 1.8217804768602883, "CXR3442_IM-1667-2001.png": 1.4510469904648755, "CXR3470_IM-1686-2001.png": 1.6228904252614265, "CXR3415_IM-1650-1002.png": 1.932327541119973, "CXR3451_IM-1674-1001.png": 1.992496016007669, "CXR2087_IM-0718-3001.png": 1.9942110044600825, "CXR3439_IM-1664-1001.png": 1.8761425868515422, "CXR2178_IM-0790-3001.png": 1.5589052208134702, "CXR210_IM-0730-4001.png": 1.6931544707473252, "CXR2123_IM-0748-1001.png": 2.9671282122790212, "CXR2138_IM-0760-1001.png": 2.881921260485134, "CXR2208_IM-0815-1002.png": 1.7032383248106056, "CXR2228_IM-0831-1001.png": 2.7579499235891296, "CXR2168_IM-0784-2001.png": 1.9337731466568446, "CXR208_IM-0711-1001.png": 2.6523308797465233, "CXR226_IM-0851-2001.png": 1.613316169333351, "CXR2239_IM-0836-1001.png": 1.907992539711069, "CXR2262_IM-0852-1001.png": 2.7008481456678517, "CXR2246_IM-0843-2001.png": 1.4895533519673347, "CXR2259_IM-0850-2001.png": 2.18319244708372, "CXR3836_IM-1939-2001.png": 1.3543517394264513, "CXR2277_IM-0864-2001.png": 1.542237705652043, "CXR3842_IM-1943-3003.png": 1.7299869607222262, "CXR3944_IM-2014-1001.png": 2.637731225622946, "CXR3931_IM-2003-3001.png": 2.2681929576039486, "CXR401_IM-2051-1001.png": 1.836126744076468, "CXR427_IM-2070-2001.png": 1.7672087926050668, "CXR3862_IM-1956-1001.png": 1.578820916809302, "CXR433_IM-2073-2001.png": 1.6398223352852157, "CXR436_IM-2076-1001-0001.png": 1.80877576069332, "CXR459_IM-2090-1001.png": 1.5674268625371859, "CXR470_IM-2099-2001.png": 1.111333962016482, "CXR48_IM-2103-2001.png": 1.3823641527432864, "CXR5_IM-2117-1003002.png": 2.3289694119031985, "CXR1402_IM-0257-1001.png": 2.412390774229562, "CXR531_IM-2140-2001.png": 1.829727192426454, "CXR524_IM-2135-0001-0001.png": 1.7617781432862634, "CXR558_IM-2158-0001-0001.png": 3.0383359789881794, "CXR2059_IM-0696-2001.png": 1.3307837652368517, "CXR2528_IM-1044-1001.png": 2.2472926181065556, "CXR2740_IM-1195-1001.png": 1.839768070235934, "CXR2301_IM-0881-1001.png": 1.3765589844946422, "CXR3045_IM-1418-1001.png": 2.758706037975848, "CXR609_IM-2197-2001.png": 1.2823947558143507, "CXR1524_IM-0339-1001.png": 2.2967951981915222, "CXR1547_IM-0357-2001.png": 1.5430673574416234, "CXR3830_IM-1933-1001.png": 2.0153352727752805, "CXR3471_IM-1687-2002.png": 2.307970629200622, "CXR1483_IM-0313-1001.png": 2.0951407119481433, "CXR1655_IM-0431-2001.png": 1.559834923954147, "CXR1699_IM-0459-2001.png": 2.0277102850533186, "CXR1677_IM-0446-1001.png": 2.7658287479816988, "CXR163_IM-0410-3003.png": 2.0078159321077806, "CXR1653_IM-0429-2001.png": 1.4436019826458675, "CXR1666_IM-0440-0001-0001.png": 3.02422958939044, "CXR17_IM-0460-2001.png": 1.3545946641357733, "CXR1788_IM-0513-1001.png": 3.2020225278215677, "CXR1707_IM-0466-2001.png": 1.9742451110159485, "CXR1834_IM-0539-1002.png": 1.9442923781532837, "CXR1706_IM-0466-1001.png": 2.6122724845918683, "CXR1840_IM-0545-1001.png": 2.6258942215060084, "CXR1945_IM-0614-2001.png": 2.0169319303539925, "CXR1967_IM-0629-1001.png": 2.935846562597114, "CXR1934_IM-0604-1001.png": 2.3799070973396215, "CXR1975_IM-0634-1001.png": 2.7808779394231165, "CXR1881_IM-0570-2001.png": 1.492511900600673, "CXR1966_IM-0629-1001.png": 2.39327706304802, "CXR1841_IM-0545-2001.png": 1.4895456753814733, "CXR2541_IM-1053-2001.png": 1.4257046103846147, "CXR2528_IM-1044-2001.png": 1.6356863502438137, "CXR2010_IM-0661-1001.png": 2.820747473465226, "CXR2533_IM-1047-2001.png": 1.6363422357714033, "CXR19_IM-0583-3003.png": 1.9323739755149372, "CXR2557_IM-1061-2001.png": 1.457211937593756, "CXR2058_IM-0696-2002.png": 0.9502140173479231, "CXR2655_IM-1137-2001.png": 1.4051340001486636, "CXR2563_IM-1066-2001.png": 1.5310282234729982, "CXR2664_IM-1145-2001.png": 1.4464614103507374, "CXR2638_IM-1123-2001.png": 1.5431575889760845, "CXR2660_IM-1142-2001.png": 1.2410331059238098, "CXR270_IM-1168-1001.png": 2.744216960675628, "CXR2679_IM-1153-2001.png": 1.588983210786952, "CXR267_IM-1147-1001.png": 1.7956098145993136, "CXR2665_IM-1145-2001.png": 1.226328832695557, "CXR3491_IM-1698-1001.png": 3.10878825709657, "CXR2720_IM-1182-2001.png": 1.4451088108802266, "CXR3506_IM-1708-1001.png": 2.754354286402132, "CXR3500_IM-1706-2001.png": 1.3654766016336133, "CXR3490_IM-1697-1001.png": 1.9857230265732906, "CXR3566_IM-1751-1001.png": 1.6256852209741566, "CXR3565_IM-1750-2001.png": 1.4172916710484, "CXR3543_IM-1735-2001.png": 1.9830696749325545, "CXR3544_IM-1736-2001.png": 1.3705054508373553, "CXR3532_IM-1726-1001.png": 1.8299734880711644, "CXR3639_IM-1804-1001.png": 1.7923947211768894, "CXR3638_IM-1804-1001.png": 1.6535350087786729, "CXR3650_IM-1813-1001.png": 2.748996688223365, "CXR3628_IM-1796-2001.png": 1.5162581866736442, "CXR3612_IM-1785-2001.png": 1.6168358234456393, "CXR3733_IM-1866-1001.png": 2.1333551943640408, "CXR3745_IM-1872-1001.png": 2.6496062638369846, "CXR3768_IM-1887-2001.png": 1.4097431789881745, "CXR3783_IM-1898-1001.png": 1.6783966489044098, "CXR3727_IM-1863-2001.png": 1.6828988395629312, "CXR3794_IM-1908-1002.png": 1.6480980571910389, "CXR3809_IM-1919-1002001.png": 2.4508624322047345, "CXR3821_IM-1929-2001.png": 1.8213373401270108, "CXR3797_IM-1910-0001-0001.png": 1.399185888663499, "CXR633_IM-2213-1001.png": 1.81701934472907, "CXR634_IM-2214-1001.png": 1.7163583016883217, "CXR640_IM-2219-1001.png": 2.717598212758377, "CXR3827_IM-1932-1001.png": 2.008835440868107, "CXR3824_IM-1931-1001.png": 2.0115434098976896, "CXR682_IM-2253-2001.png": 1.550851957865556, "CXR651_IM-2229-1001.png": 2.1722396870275977, "CXR647_IM-2225-2001.png": 1.5932156039257996, "CXR70_IM-2264-3001.png": 2.7294637138168123, "CXR756_IM-2307-4001.png": 1.316578281746107, "CXR718_IM-2280-3001.png": 1.5944642682686703, "CXR935_IM-2432-1001.png": 2.833582376434898, "CXR899_IM-2407-1001.png": 2.82195747329927, "CXR776_IM-2319-1001.png": 2.0347156865537253, "CXR810_IM-2343-1001.png": 2.025361443871195, "CXR801_IM-2335-2001.png": 1.938088323994733,