{"CXR1113_IM-0078-1002.png": 1.7968679798141687, "CXR102_IM-0016-2001.png": 1.674845210752053, "CXR1071_IM-0051-2001.png": 1.1663395691751066, "CXR1088_IM-0061-1001.png": 2.582352848233495, "CXR1126_IM-0082-1001.png": 2.9835317296417374, "CXR1130_IM-0087-1001.png": 3.240508463544517, "CXR1153_IM-0104-1001.png": 3.020906499680457, "CXR1142_IM-0096-2001.png": 1.0954492407586647, "CXR1152_IM-0103-1001.png": 0.7101279868987115, "CXR1141_IM-0096-1002.png": 1.8918572426760236, "CXR1128_IM-0084-6001.png": 1.7250775059861851, "CXR1146_IM-0098-1001.png": 2.547954112515428, "CXR1165_IM-0110-1001.png": 2.3986694958001626, "CXR1160_IM-0107-1001.png": 2.4639244867482755, "CXR1229_IM-0152-2001.png": 3.2853397972727327, "CXR118_IM-0123-2001.png": 4.115608133365051, "CXR1174_IM-0118-1001.png": 1.1113401297112901, "CXR1170_IM-0115-2001.png": 1.8057056561216225, "CXR1211_IM-0142-1001.png": 2.742498028000942, "CXR122_IM-0147-0001-0002.png": 2.5173318265238396, "CXR1235_IM-0158-1001.png": 2.406876626573316, "CXR1372_IM-0239-2001.png": 1.120475273069298, "CXR122_IM-0147-0001-0001.png": 3.2604053130883446, "CXR1300_IM-0198-2001.png": 1.4823063650431496, "CXR1278_IM-0185-1002.png": 1.3336760934889824, "CXR3060_IM-1426-1003.png": 2.3275077806687965, "CXR3171_IM-1494-1001.png": 2.4657813633589756, "CXR3096_IM-1448-3003.png": 1.845315334875305, "CXR3063_IM-1428-1001.png": 3.104432775113378, "CXR3057_IM-1424-1001-0001.png": 1.5133922740545647, "CXR3185_IM-1503-2001.png": 2.9993309482732444, "CXR3058_IM-1425-2002.png": 2.7169126183623447, "CXR1381_IM-0245-2001.png": 0.9017595121216712, "CXR3256_IM-1543-2001.png": 1.2468187384191285, "CXR3255_IM-1543-2001.png": 1.7923898226683934, "CXR3267_IM-1551-2001.png": 3.881574549030292, "CXR3194_IM-1505-2001.png": 1.432764035814365, "CXR3262_IM-1548-3001.png": 2.7644903808892693, "CXR3249_IM-1539-2001.png": 3.6322991394080986, "CXR3330_IM-1594-1001.png": 1.9941688332062517, "CXR3369_IM-1621-2001.png": 4.324318683910151, "CXR3292_IM-1572-2001.png": 2.3555094200763214, "CXR3379_IM-1627-2001.png": 1.7504743922763553, "CXR3385_IM-1632-2001.png": 3.183757328140969, "CXR3442_IM-1667-2001.png": 4.830786503367094, "CXR3470_IM-1686-2001.png": 4.896903943362237, "CXR3415_IM-1650-1002.png": 1.9664563221141969, "CXR3451_IM-1674-1001.png": 1.6221915180019801, "CXR2087_IM-0718-3001.png": 4.770175961070563, "CXR3439_IM-1664-1001.png": 3.0248419146828063, "CXR2178_IM-0790-3001.png": 1.287968820588985, "CXR210_IM-0730-4001.png": 4.545611554310308, "CXR2123_IM-0748-1001.png": 2.6710511438622326, "CXR2138_IM-0760-1001.png": 2.7888714769128233, "CXR2208_IM-0815-1002.png": 1.5971746151249684, "CXR2228_IM-0831-1001.png": 2.5770380997082554, "CXR2168_IM-0784-2001.png": 3.2310363134908355, "CXR208_IM-0711-1001.png": 2.6354103018918162, "CXR226_IM-0851-2001.png": 4.246638377862255, "CXR2239_IM-0836-1001.png": 2.726593691739353, "CXR2262_IM-0852-1001.png": 1.548117332372195, "CXR2246_IM-0843-2001.png": 0.8587074349153944, "CXR2259_IM-0850-2001.png": 2.2933793309879644, "CXR3836_IM-1939-2001.png": 1.0150967441837369, "CXR2277_IM-0864-2001.png": 1.5570752847228406, "CXR3842_IM-1943-3003.png": 1.5838238021165025, "CXR3944_IM-2014-1001.png": 2.919024767803742, "CXR3931_IM-2003-3001.png": 1.6862791739559173, "CXR401_IM-2051-1001.png": 1.2723386650986106, "CXR427_IM-2070-2001.png": 1.7398268384378361, "CXR3862_IM-1956-1001.png": 1.0154164135967312, "CXR433_IM-2073-2001.png": 1.7883212800673118, "CXR436_IM-2076-1001-0001.png": 1.542622349503676, "CXR459_IM-2090-1001.png": 1.166212908476329, "CXR470_IM-2099-2001.png": 0.9187877804375628, "CXR48_IM-2103-2001.png": 1.0611304446722554, "CXR5_IM-2117-1003002.png": 2.6992643680274133, "CXR1402_IM-0257-1001.png": 3.4180099250584757, "CXR531_IM-2140-2001.png": 1.7445318556383043, "CXR524_IM-2135-0001-0001.png": 1.479564223722711, "CXR558_IM-2158-0001-0001.png": 3.0871144108203623, "CXR2059_IM-0696-2001.png": 3.0277028464971885, "CXR2528_IM-1044-1001.png": 3.34921414021997, "CXR2740_IM-1195-1001.png": 2.6933743371485113, "CXR2301_IM-0881-1001.png": 0.7574920114489688, "CXR3045_IM-1418-1001.png": 3.2191508328010774, "CXR609_IM-2197-2001.png": 2.440473923985854, "CXR1524_IM-0339-1001.png": 3.972814579864482, "CXR1547_IM-0357-2001.png": 1.4115824743310117, "CXR3830_IM-1933-1001.png": 3.2709423960146453, "CXR3471_IM-1687-2002.png": 2.7018549351345746, "CXR1483_IM-0313-1001.png": 1.9790242464074017, "CXR1655_IM-0431-2001.png": 1.9392774645659159, "CXR1699_IM-0459-2001.png": 2.0616340635187322, "CXR1677_IM-0446-1001.png": 4.247256148580062, "CXR163_IM-0410-3003.png": 1.933341403026749, "CXR1653_IM-0429-2001.png": 1.8280525689424598, "CXR1666_IM-0440-0001-0001.png": 3.3690141154502844, "CXR17_IM-0460-2001.png": 0.8036258238981026, "CXR1788_IM-0513-1001.png": 3.1293209776457256, "CXR1707_IM-0466-2001.png": 4.550312778915469, "CXR1834_IM-0539-1002.png": 1.9731107564120693, "CXR1706_IM-0466-1001.png": 2.499663538708974, "CXR1840_IM-0545-1001.png": 3.53596342114305, "CXR1945_IM-0614-2001.png": 1.8779260071528765, "CXR1967_IM-0629-1001.png": 2.8451758587892595, "CXR1934_IM-0604-1001.png": 2.9035909016261647, "CXR1975_IM-0634-1001.png": 1.7660396260078368, "CXR1881_IM-0570-2001.png": 4.22386745805746, "CXR1966_IM-0629-1001.png": 2.241771748945197, "CXR1841_IM-0545-2001.png": 2.8509358522055153, "CXR2541_IM-1053-2001.png": 1.4173014832275619, "CXR2528_IM-1044-2001.png": 4.370989903816747, "CXR2010_IM-0661-1001.png": 2.1649301560863847, "CXR2533_IM-1047-2001.png": 1.4367239580535403, "CXR19_IM-0583-3003.png": 1.837865340943989, "CXR2557_IM-1061-2001.png": 1.2759566934978124, "CXR2058_IM-0696-2002.png": 0.9065833106056913, "CXR2655_IM-1137-2001.png": 4.451405261330611, "CXR2563_IM-1066-2001.png": 3.922487383388232, "CXR2664_IM-1145-2001.png": 4.097278620951868, "CXR2638_IM-1123-2001.png": 1.8360855032898553, "CXR2660_IM-1142-2001.png": 0.6773251158626168, "CXR270_IM-1168-1001.png": 2.8502622514100127, "CXR2679_IM-1153-2001.png": 1.3500573694376625, "CXR267_IM-1147-1001.png": 1.3054042810874427, "CXR2665_IM-1145-2001.png": 0.8768396279384418, "CXR3491_IM-1698-1001.png": 4.211610748487446, "CXR2720_IM-1182-2001.png": 3.1613939868783607, "CXR3506_IM-1708-1001.png": 3.31990892750756, "CXR3500_IM-1706-2001.png": 3.2705924128999606, "CXR3490_IM-1697-1001.png": 1.9217320166994623, "CXR3566_IM-1751-1001.png": 1.8477866704446553, "CXR3565_IM-1750-2001.png": 2.4941618566124952, "CXR3543_IM-1735-2001.png": 1.914741703391198, "CXR3544_IM-1736-2001.png": 3.804911667533968, "CXR3532_IM-1726-1001.png": 1.3672923839450444, "CXR3639_IM-1804-1001.png": 2.4007357204651876, "CXR3638_IM-1804-1001.png": 1.1742928565033368, "CXR3650_IM-1813-1001.png": 2.7869917834997366, "CXR3628_IM-1796-2001.png": 2.638231969301721, "CXR3612_IM-1785-2001.png": 1.6555589434312734, "CXR3733_IM-1866-1001.png": 1.3552080393180526, "CXR3745_IM-1872-1001.png": 2.5655367087263103, "CXR3768_IM-1887-2001.png": 1.9703350243400926, "CXR3783_IM-1898-1001.png": 1.1377174851957494, "CXR3727_IM-1863-2001.png": 4.050719205721845, "CXR3794_IM-1908-1002.png": 1.6057179651288735, "CXR3809_IM-1919-1002001.png": 2.7230773623977256, "CXR3821_IM-1929-2001.png": 1.6809308116909654, "CXR3797_IM-1910-0001-0001.png": 1.3980862873683215, "CXR633_IM-2213-1001.png": 4.507542940108287, "CXR634_IM-2214-1001.png": 3.2670698102782643, "CXR640_IM-2219-1001.png": 2.9347665210662406, "CXR3827_IM-1932-1001.png": 1.544228442151389, "CXR3824_IM-1931-1001.png": 1.437053050739023, "CXR682_IM-2253-2001.png": 1.1917271097877482, "CXR651_IM-2229-1001.png": 1.8777712597990224, "CXR647_IM-2225-2001.png": 3.4722011126330727, "CXR70_IM-2264-3001.png": 4.300495814676851, "CXR756_IM-2307-4001.png": 3.5183674001687515, "CXR718_IM-2280-3001.png": 6.120196088327184, "CXR935_IM-2432-1001.png": 3.113998881993215, "CXR899_IM-2407-1001.png": 2.980959671802345, "CXR776_IM-2319-1001.png": 1.4486474939938154, "CXR810_IM-2343-1001.png": 1.3047372018174337, "CXR801_IM-2335-2001.png": 1.776061937219939,