{"CXR935_IM-2432-1001.png": 3.058106134757551, "CXR3500_IM-1706-2001.png": 2.7683310840103754, "CXR3566_IM-1751-1001.png": 1.652404650328092, "CXR5_IM-2117-1003002.png": 2.4620042964988382, "CXR1113_IM-0078-1002.png": 1.6617155113243562, "CXR102_IM-0016-2001.png": 1.5636785627770509, "CXR1071_IM-0051-2001.png": 1.1575948730813381, "CXR1088_IM-0061-1001.png": 2.139820128639853, "CXR1126_IM-0082-1001.png": 2.576857184133665, "CXR1130_IM-0087-1001.png": 2.87224279799525, "CXR1153_IM-0104-1001.png": 2.6812904714936905, "CXR1142_IM-0096-2001.png": 0.9676915799074667, "CXR1152_IM-0103-1001.png": 0.6455725251216186, "CXR1141_IM-0096-1002.png": 1.7022183434669829, "CXR1128_IM-0084-6001.png": 1.5582417292325232, "CXR1146_IM-0098-1001.png": 2.1963736016539284, "CXR1165_IM-0110-1001.png": 2.0663685829684537, "CXR1160_IM-0107-1001.png": 2.253484286777005, "CXR1229_IM-0152-2001.png": 2.908963564706026, "CXR118_IM-0123-2001.png": 3.5064067169968567, "CXR1174_IM-0118-1001.png": 1.031780672057018, "CXR1170_IM-0115-2001.png": 1.5447829313333388, "CXR1211_IM-0142-1001.png": 2.4685353895895434, "CXR122_IM-0147-0001-0002.png": 2.3424797190239763, "CXR1235_IM-0158-1001.png": 2.014519390268613, "CXR1372_IM-0239-2001.png": 1.0022579338198365, "CXR122_IM-0147-0001-0001.png": 2.9334997061354273, "CXR1300_IM-0198-2001.png": 1.2798972147459138, "CXR1278_IM-0185-1002.png": 1.202374350695105, "CXR3060_IM-1426-1003.png": 2.09268435179114, "CXR3171_IM-1494-1001.png": 2.2326023648455817, "CXR3096_IM-1448-3003.png": 1.6239706394764326, "CXR3063_IM-1428-1001.png": 2.653857425640399, "CXR3057_IM-1424-1001-0001.png": 1.392530063951239, "CXR3185_IM-1503-2001.png": 2.7000860662668575, "CXR3058_IM-1425-2002.png": 2.332847976500072, "CXR1381_IM-0245-2001.png": 0.8422883733540558, "CXR3256_IM-1543-2001.png": 1.018026284815072, "CXR3255_IM-1543-2001.png": 1.55175247760444, "CXR3267_IM-1551-2001.png": 3.917908738325997, "CXR3194_IM-1505-2001.png": 1.477765236954992, "CXR3262_IM-1548-3001.png": 2.3408780706381282, "CXR3249_IM-1539-2001.png": 3.2073763857553974, "CXR3330_IM-1594-1001.png": 1.6234761002690403, "CXR3369_IM-1621-2001.png": 3.7080091257519108, "CXR3292_IM-1572-2001.png": 1.9164059878061601, "CXR3379_IM-1627-2001.png": 1.5842126096858247, "CXR3385_IM-1632-2001.png": 2.7077944714956788, "CXR3442_IM-1667-2001.png": 4.487768790754237, "CXR3470_IM-1686-2001.png": 5.013149741728138, "CXR3415_IM-1650-1002.png": 1.770612303765356, "CXR3451_IM-1674-1001.png": 1.4441337303243866, "CXR2087_IM-0718-3001.png": 4.588408334727636, "CXR3439_IM-1664-1001.png": 2.5490402721973164, "CXR2178_IM-0790-3001.png": 1.1497327642817177, "CXR210_IM-0730-4001.png": 4.345529399764293, "CXR2123_IM-0748-1001.png": 2.1948082470306765, "CXR2138_IM-0760-1001.png": 2.5605156249599057, "CXR2208_IM-0815-1002.png": 1.429432080638185, "CXR2228_IM-0831-1001.png": 2.327316429525237, "CXR2168_IM-0784-2001.png": 2.901007019286141, "CXR208_IM-0711-1001.png": 2.4328914330914153, "CXR226_IM-0851-2001.png": 3.839458093174081, "CXR2239_IM-0836-1001.png": 2.360264456661684, "CXR2262_IM-0852-1001.png": 1.4070806101531976, "CXR2246_IM-0843-2001.png": 0.8053569873006683, "CXR2259_IM-0850-2001.png": 1.8136137211128103, "CXR3836_IM-1939-2001.png": 0.9332755057163801, "CXR2277_IM-0864-2001.png": 1.3339280478252544, "CXR3842_IM-1943-3003.png": 1.3715268489474124, "CXR3944_IM-2014-1001.png": 2.558651156032778, "CXR3931_IM-2003-3001.png": 1.6952779444893895, "CXR401_IM-2051-1001.png": 1.1651384639353466, "CXR427_IM-2070-2001.png": 1.4989638010937425, "CXR3862_IM-1956-1001.png": 0.9291066531665693, "CXR433_IM-2073-2001.png": 1.4933735360767044, "CXR436_IM-2076-1001-0001.png": 1.38056635171312, "CXR459_IM-2090-1001.png": 1.1134712904825232, "CXR470_IM-2099-2001.png": 0.8715831216463356, "CXR48_IM-2103-2001.png": 1.0014331010040307, "CXR1402_IM-0257-1001.png": 3.3918864602074303, "CXR531_IM-2140-2001.png": 1.5154088078062162, "CXR524_IM-2135-0001-0001.png": 1.3464751553551164, "CXR558_IM-2158-0001-0001.png": 2.827496134870941, "CXR2059_IM-0696-2001.png": 2.528821548630874, "CXR2528_IM-1044-1001.png": 2.8865257398793545, "CXR2740_IM-1195-1001.png": 2.28146542713831, "CXR2301_IM-0881-1001.png": 0.6334925694591643, "CXR3045_IM-1418-1001.png": 2.833143430156051, "CXR609_IM-2197-2001.png": 2.066314749729201, "CXR1524_IM-0339-1001.png": 3.6477444766133, "CXR1547_IM-0357-2001.png": 1.2186212921942778, "CXR3830_IM-1933-1001.png": 2.7581118967603806, "CXR3471_IM-1687-2002.png": 2.2481246007851716, "CXR1483_IM-0313-1001.png": 1.6858985760490086, "CXR1655_IM-0431-2001.png": 1.7062171677868356, "CXR1699_IM-0459-2001.png": 1.837835246091075, "CXR1677_IM-0446-1001.png": 4.058874742322556, "CXR163_IM-0410-3003.png": 1.6818037494107037, "CXR1653_IM-0429-2001.png": 1.6081361830226304, "CXR1666_IM-0440-0001-0001.png": 3.148776594958159, "CXR17_IM-0460-2001.png": 0.727621436900805, "CXR1788_IM-0513-1001.png": 2.9002320716454615, "CXR1707_IM-0466-2001.png": 4.168378195799662, "CXR1834_IM-0539-1002.png": 1.771047979161061, "CXR1706_IM-0466-1001.png": 2.3143118919315757, "CXR1840_IM-0545-1001.png": 3.3473309569807275, "CXR1945_IM-0614-2001.png": 1.6985234958684527, "CXR1967_IM-0629-1001.png": 2.486639805520165, "CXR1934_IM-0604-1001.png": 2.4809916602681064, "CXR1975_IM-0634-1001.png": 1.660407923140613, "CXR1881_IM-0570-2001.png": 4.513284412827736, "CXR1966_IM-0629-1001.png": 2.0651263653257397, "CXR1841_IM-0545-2001.png": 2.5786917194260868, "CXR2541_IM-1053-2001.png": 1.2358261207334307, "CXR2528_IM-1044-2001.png": 3.8176109458775564, "CXR2010_IM-0661-1001.png": 1.99945190747321, "CXR2533_IM-1047-2001.png": 1.2740902739900704, "CXR19_IM-0583-3003.png": 1.6147682675181851, "CXR2557_IM-1061-2001.png": 1.0921233046204604, "CXR2058_IM-0696-2002.png": 0.826416310619857, "CXR2655_IM-1137-2001.png": 3.960399527054132, "CXR2563_IM-1066-2001.png": 3.8093516593059182, "CXR2664_IM-1145-2001.png": 3.6461116265099474, "CXR2638_IM-1123-2001.png": 1.5049493572983341, "CXR2660_IM-1142-2001.png": 0.6357057762431941, "CXR270_IM-1168-1001.png": 2.4630741682346153, "CXR2679_IM-1153-2001.png": 1.1079553304366054, "CXR267_IM-1147-1001.png": 1.2281741066018648, "CXR2665_IM-1145-2001.png": 0.8583737556923982, "CXR3491_IM-1698-1001.png": 3.6517553592745555, "CXR2720_IM-1182-2001.png": 2.8720911617505123, "CXR3506_IM-1708-1001.png": 3.0436918196548515, "CXR3490_IM-1697-1001.png": 1.6440834738665655, "CXR3565_IM-1750-2001.png": 2.3071019444720617, "CXR3543_IM-1735-2001.png": 1.6359764559035535, "CXR3544_IM-1736-2001.png": 3.228615424243577, "CXR3532_IM-1726-1001.png": 1.2581913982400916, "CXR3639_IM-1804-1001.png": 2.303685342412147, "CXR3638_IM-1804-1001.png": 1.1023838570601225, "CXR3650_IM-1813-1001.png": 2.3860872929623516, "CXR3628_IM-1796-2001.png": 2.425221210919104, "CXR3612_IM-1785-2001.png": 1.4252756077327715, "CXR3733_IM-1866-1001.png": 1.286742291621235, "CXR3745_IM-1872-1001.png": 2.3592740272556467, "CXR3768_IM-1887-2001.png": 1.794972109066017, "CXR3783_IM-1898-1001.png": 1.0252800675319336, "CXR3727_IM-1863-2001.png": 3.7148556993799904, "CXR3794_IM-1908-1002.png": 1.4467359492840555, "CXR3809_IM-1919-1002001.png": 2.5505633837557515, "CXR3821_IM-1929-2001.png": 1.4101700139686277, "CXR3797_IM-1910-0001-0001.png": 1.2180486063803901, "CXR633_IM-2213-1001.png": 3.817129751896953, "CXR634_IM-2214-1001.png": 3.525313641766464, "CXR640_IM-2219-1001.png": 2.613139100105454, "CXR3827_IM-1932-1001.png": 1.5077132965566449, "CXR3824_IM-1931-1001.png": 1.433153107123888, "CXR682_IM-2253-2001.png": 1.0773649111844639, "CXR651_IM-2229-1001.png": 1.6037999663443618, "CXR647_IM-2225-2001.png": 2.985407718041745, "CXR70_IM-2264-3001.png": 3.946613628376896, "CXR756_IM-2307-4001.png": 3.5914129758458992, "CXR718_IM-2280-3001.png": 5.44556683186759, "CXR899_IM-2407-1001.png": 2.7551932351809314, "CXR776_IM-2319-1001.png": 1.3676905577853182, "CXR810_IM-2343-1001.png": 1.2747193885790007, "CXR801_IM-2335-2001.png": 1.5763258249183076, "CXR965_IM-2455-1001.png": 2.5394360581271904,