{"CXR1113_IM-0078-1002.png": 2.6838463998466153, "CXR102_IM-0016-2001.png": 2.7992801050598857, "CXR1071_IM-0051-2001.png": 1.9778277210003385, "CXR1088_IM-0061-1001.png": 2.485391802100199, "CXR1153_IM-0104-1001.png": 3.8335981606233034, "CXR1126_IM-0082-1001.png": 2.737969617661207, "CXR1130_IM-0087-1001.png": 3.797000323148823, "CXR1142_IM-0096-2001.png": 1.70218443963852, "CXR1152_IM-0103-1001.png": 1.1413968260566185, "CXR1141_IM-0096-1002.png": 2.534717112498224, "CXR1128_IM-0084-6001.png": 2.652635649294031, "CXR1146_IM-0098-1001.png": 2.6598508781430072, "CXR1165_IM-0110-1001.png": 2.4082538679046883, "CXR1160_IM-0107-1001.png": 3.241321009667318, "CXR1229_IM-0152-2001.png": 3.2206900976391153, "CXR118_IM-0123-2001.png": 2.375913752326872, "CXR1174_IM-0118-1001.png": 1.7122857280339312, "CXR1170_IM-0115-2001.png": 2.162237786933514, "CXR1211_IM-0142-1001.png": 2.999773287046086, "CXR122_IM-0147-0001-0002.png": 2.9966872636116633, "CXR1235_IM-0158-1001.png": 2.0691037664034306, "CXR1372_IM-0239-2001.png": 1.6319402647136463, "CXR122_IM-0147-0001-0001.png": 3.702915191880238, "CXR1300_IM-0198-2001.png": 1.9500892522771986, "CXR1278_IM-0185-1002.png": 2.1263604157904212, "CXR3060_IM-1426-1003.png": 3.1819336267025204, "CXR3171_IM-1494-1001.png": 2.615758911705229, "CXR3096_IM-1448-3003.png": 2.3648842327219497, "CXR3063_IM-1428-1001.png": 3.384924212837872, "CXR3057_IM-1424-1001-0001.png": 2.5231557231095088, "CXR3185_IM-1503-2001.png": 2.042229673009087, "CXR3058_IM-1425-2002.png": 3.143322278872813, "CXR1381_IM-0245-2001.png": 1.6135366915565863, "CXR3256_IM-1543-2001.png": 1.224898195446675, "CXR3255_IM-1543-2001.png": 2.207695381812815, "CXR3267_IM-1551-2001.png": 3.6908014374644447, "CXR3194_IM-1505-2001.png": 2.107747172892192, "CXR3262_IM-1548-3001.png": 2.906085871903111, "CXR3249_IM-1539-2001.png": 2.641356323374507, "CXR3330_IM-1594-1001.png": 1.9486251108950576, "CXR3369_IM-1621-2001.png": 2.611235307442479, "CXR3292_IM-1572-2001.png": 1.946824983926064, "CXR3379_IM-1627-2001.png": 1.6423847469113517, "CXR3385_IM-1632-2001.png": 2.469703470256345, "CXR3442_IM-1667-2001.png": 3.2520454849682094, "CXR3470_IM-1686-2001.png": 2.9743292618821333, "CXR3415_IM-1650-1002.png": 2.355877230787508, "CXR3451_IM-1674-1001.png": 2.450641354178817, "CXR2087_IM-0718-3001.png": 3.678773608139921, "CXR3439_IM-1664-1001.png": 2.4205497713953092, "CXR2178_IM-0790-3001.png": 2.0327136715769654, "CXR210_IM-0730-4001.png": 3.2803396783912167, "CXR2123_IM-0748-1001.png": 2.6850170845259598, "CXR2138_IM-0760-1001.png": 3.674234295576974, "CXR2208_IM-0815-1002.png": 2.2079541979936645, "CXR2228_IM-0831-1001.png": 3.190198896468287, "CXR2168_IM-0784-2001.png": 3.3399948746164485, "CXR208_IM-0711-1001.png": 3.4654201711714947, "CXR226_IM-0851-2001.png": 3.130935862779181, "CXR2239_IM-0836-1001.png": 2.7537472867454023, "CXR2262_IM-0852-1001.png": 2.2717949232355545, "CXR2246_IM-0843-2001.png": 1.4841136426464447, "CXR2259_IM-0850-2001.png": 1.6398204754455539, "CXR3836_IM-1939-2001.png": 1.5101825938738402, "CXR2277_IM-0864-2001.png": 2.167542827855764, "CXR3842_IM-1943-3003.png": 1.8059547409642687, "CXR3944_IM-2014-1001.png": 3.10030810603031, "CXR3931_IM-2003-3001.png": 2.5113484268811996, "CXR401_IM-2051-1001.png": 1.7314828917580514, "CXR427_IM-2070-2001.png": 2.3972809757974116, "CXR3862_IM-1956-1001.png": 1.5587706465800826, "CXR433_IM-2073-2001.png": 1.734983039826317, "CXR436_IM-2076-1001-0001.png": 2.271182152328407, "CXR459_IM-2090-1001.png": 1.7304267452178321, "CXR470_IM-2099-2001.png": 1.6955774365139036, "CXR48_IM-2103-2001.png": 1.8116000617803893, "CXR5_IM-2117-1003002.png": 3.3023728787563793, "CXR1402_IM-0257-1001.png": 5.398960655171979, "CXR531_IM-2140-2001.png": 2.305815689005459, "CXR524_IM-2135-0001-0001.png": 2.1745147115456134, "CXR558_IM-2158-0001-0001.png": 3.612437834262295, "CXR2059_IM-0696-2001.png": 1.888682627609828, "CXR2528_IM-1044-1001.png": 2.7999157296243147, "CXR2740_IM-1195-1001.png": 2.445866479200171, "CXR2301_IM-0881-1001.png": 0.7692185828862215, "CXR3045_IM-1418-1001.png": 3.6053340691186238, "CXR609_IM-2197-2001.png": 2.0744110103628217, "CXR1524_IM-0339-1001.png": 2.6259849140908846, "CXR1547_IM-0357-2001.png": 1.7373741548893973, "CXR3830_IM-1933-1001.png": 2.5093835874717194, "CXR3471_IM-1687-2002.png": 2.5197174401407834, "CXR1483_IM-0313-1001.png": 2.3642666733414712, "CXR1655_IM-0431-2001.png": 1.870253912995359, "CXR1699_IM-0459-2001.png": 3.039112623663567, "CXR1677_IM-0446-1001.png": 4.792626149628493, "CXR163_IM-0410-3003.png": 2.3602384211837486, "CXR1653_IM-0429-2001.png": 1.6717350878352637, "CXR1666_IM-0440-0001-0001.png": 3.92253088701887, "CXR17_IM-0460-2001.png": 1.174308285220029, "CXR1788_IM-0513-1001.png": 4.023535979133573, "CXR1707_IM-0466-2001.png": 3.9025395506906104, "CXR1834_IM-0539-1002.png": 2.565663920059575, "CXR1706_IM-0466-1001.png": 3.5139919802796666, "CXR1840_IM-0545-1001.png": 4.389102656386351, "CXR1945_IM-0614-2001.png": 3.188494712331226, "CXR1967_IM-0629-1001.png": 2.927755334609705, "CXR1934_IM-0604-1001.png": 3.0580981602893686, "CXR1975_IM-0634-1001.png": 2.431125812860018, "CXR1881_IM-0570-2001.png": 2.950935036362473, "CXR1966_IM-0629-1001.png": 3.066924945036771, "CXR1841_IM-0545-2001.png": 2.09070592603549, "CXR2541_IM-1053-2001.png": 1.9299761323467872, "CXR2528_IM-1044-2001.png": 2.934973586829714, "CXR2010_IM-0661-1001.png": 3.1489720623182933, "CXR2533_IM-1047-2001.png": 2.079671476981394, "CXR19_IM-0583-3003.png": 2.247251467141375, "CXR2557_IM-1061-2001.png": 1.6256137720739892, "CXR2058_IM-0696-2002.png": 1.2177109507593826, "CXR2655_IM-1137-2001.png": 2.5264604718598878, "CXR2563_IM-1066-2001.png": 3.2177367032279127, "CXR2664_IM-1145-2001.png": 2.6742922688157504, "CXR2638_IM-1123-2001.png": 1.8236344286994546, "CXR2660_IM-1142-2001.png": 1.1616606210043918, "CXR270_IM-1168-1001.png": 3.367464584254893, "CXR2679_IM-1153-2001.png": 1.3257096192455629, "CXR267_IM-1147-1001.png": 1.9660303064479638, "CXR2665_IM-1145-2001.png": 1.6865696969969401, "CXR3491_IM-1698-1001.png": 3.899735137076241, "CXR2720_IM-1182-2001.png": 2.456527106445867, "CXR3506_IM-1708-1001.png": 3.462744439907254, "CXR3500_IM-1706-2001.png": 1.689500723736183, "CXR3490_IM-1697-1001.png": 2.2847489728519195, "CXR3566_IM-1751-1001.png": 2.2859328387541438, "CXR3565_IM-1750-2001.png": 2.508213842291508, "CXR3543_IM-1735-2001.png": 2.1459215597495063, "CXR3544_IM-1736-2001.png": 1.9661803324136575, "CXR3532_IM-1726-1001.png": 1.9523162349858698, "CXR3639_IM-1804-1001.png": 2.490445472536348, "CXR3638_IM-1804-1001.png": 1.5408829460511975, "CXR3650_IM-1813-1001.png": 3.039204094281783, "CXR3628_IM-1796-2001.png": 2.4380686183447238, "CXR3612_IM-1785-2001.png": 2.0681088608317366, "CXR3733_IM-1866-1001.png": 1.9608245655593375, "CXR3745_IM-1872-1001.png": 3.1693570276349616, "CXR3768_IM-1887-2001.png": 2.0153011452035328, "CXR3783_IM-1898-1001.png": 1.514079857816092, "CXR3727_IM-1863-2001.png": 3.2610738915332957, "CXR3794_IM-1908-1002.png": 1.9095242524950926, "CXR3809_IM-1919-1002001.png": 3.6780040819183557, "CXR3821_IM-1929-2001.png": 1.7937148591683503, "CXR3797_IM-1910-0001-0001.png": 1.4960858069021241, "CXR633_IM-2213-1001.png": 3.050411736463595, "CXR634_IM-2214-1001.png": 3.9395524652899216, "CXR640_IM-2219-1001.png": 3.242862984638785, "CXR3827_IM-1932-1001.png": 2.3484587299406097, "CXR3824_IM-1931-1001.png": 2.5514555542401998, "CXR682_IM-2253-2001.png": 1.9427125004425083, "CXR651_IM-2229-1001.png": 2.1628488437045505, "CXR647_IM-2225-2001.png": 2.2524229465533305, "CXR70_IM-2264-3001.png": 4.380557342385702, "CXR756_IM-2307-4001.png": 3.235275570738518, "CXR718_IM-2280-3001.png": 3.2572521324876145, "CXR935_IM-2432-1001.png": 5.163253169836328, "CXR899_IM-2407-1001.png": 2.928355058753095, "CXR776_IM-2319-1001.png": 2.1754031718602387, "CXR810_IM-2343-1001.png": 1.9554749278692594, "CXR801_IM-2335-2001.png": 2.6101945640446007, "CXR965_IM-2455-1001.png": 3.4871916468788915,