{"000000001000.png": 10.186981245840974, "000000011511.png": 7.006558828564469, "000000010363.png": 5.923946060164109, "000000007816.png": 6.155005721450752, "000000006040.png": 9.580556973141366, "000000004795.png": 7.200847890598724, "000000013923.png": 8.129795033986142, "000000019924.png": 8.357733868487065, "000000012639.png": 10.204153087656733, "000000032817.png": 3.6190854351536648, "000000030504.png": 7.562275509490192, "000000028285.png": 7.682597232964249, "000000027620.png": 6.83722993971785, "000000047121.png": 2.831957786396077, "000000044652.png": 1.2616358870046407, "000000034071.png": 1.409496858214416, "000000033109.png": 7.631310749664618, "000000060932.png": 7.3445826203068165, "000000049761.png": 6.240836768586132, "000000057027.png": 7.940526910626404, "000000051008.png": 5.64407558264878, "000000074733.png": 6.456690953640719, "000000068765.png": 6.982927878801308, "000000061171.png": 10.488764337891993, "000000093437.png": 6.73623824921309, "000000085195.png": 4.376180169725004, "000000092839.png": 4.973141361770956, "000000086483.png": 11.235998581818473, "000000076211.png": 7.230209373990856, "000000097022.png": 6.056713159586614, "000000100510.png": 10.010364946935443, "000000096001.png": 6.076705345592396, "000000095786.png": 2.760208147587822, "000000104612.png": 7.2554481113663405, "000000108440.png": 8.591754989576227, "000000102707.png": 7.879286765830893, "000000102411.png": 8.361615084099075, "000000117908.png": 4.573718104891809, "000000115118.png": 13.431486452046517, "000000109313.png": 6.253370751334896, "000000133244.png": 9.001581201260555, "000000126216.png": 14.711683273854769, "000000127135.png": 12.001793015886456, "000000136915.png": 5.835491386182272, "000000135604.png": 9.344848788700572, "000000135561.png": 3.861514385049026, "000000147745.png": 9.136910740499308, "000000144706.png": 4.321786240754012, "000000138639.png": 11.172769008028379, "000000167902.png": 8.785726628347055, "000000167572.png": 7.145916966552307, "000000167159.png": 6.745502293606634, "000000148719.png": 11.001400026092396, "000000174004.png": 12.156946003314921, "000000173033.png": 4.9303953578886075, "000000170595.png": 3.644283556734469, "000000180751.png": 7.5838696843926146, "000000177357.png": 8.253447129208174, "000000176037.png": 10.196279283662847, "000000190853.png": 4.2724365348954105, "000000186296.png": 8.289984132869446, "000000187144.png": 6.366595234247528, "000000183500.png": 4.894744601653754, "000000186282.png": 3.9687669353791115, "000000192964.png": 3.878657410706992, "000000192716.png": 8.590379082651836, "000000192699.png": 8.614000390526561, "000000190923.png": 8.229138682626136, "000000201426.png": 6.917658194405977, "000000198960.png": 16.593074151741558, "000000194940.png": 5.143894665549731, "000000210032.png": 7.186918556997726, "000000209613.png": 9.068222762718527, "000000204329.png": 3.6679368520741558, "000000200421.png": 5.804401597231143, "000000226662.png": 8.903447126491617, "000000221017.png": 7.72191752816235, "000000215723.png": 5.243022709128153, "000000211042.png": 7.612829648910434, "000000231125.png": 6.850530753530873, "000000229216.png": 7.502253680264035, "000000229111.png": 3.190604171061616, "000000228942.png": 7.904968670274866, "000000239773.png": 4.150404829209684, "000000239537.png": 5.798291693833711, "000000238013.png": 5.165006267166372, "000000234779.png": 3.0363991897314735, "000000232684.png": 1.8747878309512247, "000000231549.png": 4.1883437244296315, "000000264968.png": 6.2900706423198, "000000255401.png": 5.4098653369529925, "000000252716.png": 6.984710641132368, "000000252701.png": 7.248384980252058, "000000250766.png": 9.35570622927576, "000000249786.png": 6.305800023319611, "000000286422.png": 4.7005119475732915, "000000284762.png": 6.367363980490449, "000000271471.png": 3.762916686917606, "000000269682.png": 3.6595626725007935, "000000269866.png": 5.424644603968846, "000000269314.png": 6.23788602377608, "000000292024.png": 5.391969753478614, "000000291664.png": 9.948545882796044, "000000289059.png": 5.2233404163451596, "000000291619.png": 3.8056539192018084, "000000308328.png": 6.46251956451626, "000000307074.png": 6.196914698210138, "000000306437.png": 6.388654810262538, "000000303653.png": 8.663939122673515, "000000294831.png": 4.320479895745159, "000000294783.png": 8.090657794506534, "000000309391.png": 14.204168496896436, "000000319935.png": 6.7345343396926705, "000000369037.png": 6.722904324649889, "000000362434.png": 7.449839757219984, "000000361551.png": 5.680744861897003, "000000361919.png": 5.6811191936084375, "000000351589.png": 6.6127167725325275, "000000355610.png": 2.72461058524218, "000000347265.png": 9.985091971420918, "000000351559.png": 4.856950621953084, "000000346968.png": 2.869577062503576, "000000343496.png": 11.075423906329332, "000000342295.png": 7.315898935863117, "000000337987.png": 9.212617113488914, "000000335081.png": 5.989089710119963, "000000336658.png": 6.486518651563163, "000000335177.png": 8.678362713578181, "000000334417.png": 2.739137428309288, "000000329447.png": 9.292697283538443, "000000328238.png": 10.870193707225374, "000000309938.png": 6.121828564543704, "000000310862.png": 3.9976730449099653, "000000310072.png": 9.793783719049417, "000000311789.png": 3.0826159454135817, "000000314034.png": 9.753740896062103, "000000311909.png": 9.959066713653838, "000000438955.png": 11.975000832798226, "000000434996.png": 4.525804497503311, "000000439623.png": 7.106655904597583, "000000444879.png": 8.147391362109804, "000000451043.png": 4.259324260478138, "000000451693.png": 6.834348979683705, "000000377814.png": 5.395895547537706, "000000370486.png": 10.252079385473147, "000000458255.png": 4.739954896332591, "000000468124.png": 8.526052949603017, "000000455981.png": 2.6138839158055336, "000000453708.png": 4.3289383240402906, "000000453341.png": 7.886115995055267, "000000452515.png": 3.9655203978324436, "000000451714.png": 7.060275374425012, "000000380203.png": 7.267184540980488, "000000389381.png": 8.787945261565344, "000000391375.png": 4.838141882908968, "000000386912.png": 8.656495445560033, "000000396863.png": 12.169945050472936, "000000395903.png": 13.111100048475425, "000000402118.png": 3.9189988258782917, "000000400573.png": 6.7602278345664235, "000000399462.png": 10.825708882694945, "000000404479.png": 3.320575348716379, "000000411530.png": 12.411141435266645, "000000413395.png": 4.318514012959936, "000000414034.png": 5.594504718398747, "000000414795.png": 7.7250422595977835, "000000537053.png": 8.88083594256509, "000000535578.png": 10.417870687357208, "000000534601.png": 4.541835320769662, "000000532575.png": 5.683242522215247, "000000533855.png": 3.7116222024801524, "000000532493.png": 9.68678829842611, "000000514914.png": 4.70403177083224, "000000522889.png": 5.892538103932237, "000000520659.png": 10.716673099567416, "000000516143.png": 7.418458570265057, "000000508602.png": 9.67366503011769, "000000506310.png": 6.8045738735012655, "000000505789.png": 16.38402239812051, "000000503841.png": 7.908527409840649, "000000504389.png": 7.225672119849684, "000000502599.png": 9.380712591890738, "000000501243.png": 12.201418474603976, "000000482585.png": 7.457288603798758, "000000477689.png": 7.49469399683402, "000000479596.png": 7.368758019702877, "000000477623.png": 9.079042511634063, "000000474452.png": 5.7869126585627075, "000000472623.png": 8.241449643435281, "000000468954.png": 4.110785047337915, "000000468632.png": 10.602825373066484, "000000468233.png": 3.084656526993483, "000000575500.png": 6.379559627744241, "000000565607.png": 18.23273436908324, "000000561465.png": 5.053453105268302, "000000570688.png": 8.033989918545887, "000000560279.png": 4.137119048649342, "000000538067.png": 5.632312081741322, "000000556158.png": 7.128306906082558, "000000079188.png": 6.39672481956936}