{"000000079188.png": 6.91239108852477, "000000337987.png": 9.724079886896014, "000000004795.png": 7.653469475618785, "000000386912.png": 7.92442298557508, "000000458255.png": 3.682310055520636, "000000012639.png": 10.830838285743427, "000000347265.png": 10.599092264749636, "000000049761.png": 8.191297400112408, "000000201426.png": 8.40407703985873, "000000294783.png": 7.521062016599274, "000000310862.png": 4.012232443978867, "000000229216.png": 8.01398904829007, "000000186296.png": 8.150464528704525, "000000561465.png": 4.704296570214259, "000000395903.png": 14.749704166531268, "000000438955.png": 10.806943705722755, "000000147745.png": 8.839343604606286, "000000051008.png": 6.146317541454208, "000000109313.png": 6.050463579115493, "000000204329.png": 3.8953588434333293, "000000271471.png": 3.967866592843036, "000000575500.png": 6.154223902932938, "000000477623.png": 8.86243790171791, "000000209613.png": 10.807043175723551, "000000086483.png": 10.32127422956846, "000000093437.png": 7.871939767921298, "000000126216.png": 16.55954006572061, "000000565607.png": 17.414330060824334, "000000343496.png": 11.685021794483431, "000000309391.png": 13.525593847769642, "000000411530.png": 13.431209063352881, "000000135561.png": 3.7738321787125977, "000000535578.png": 12.598791154704626, "000000328238.png": 13.822985868575975, "000000414034.png": 5.29724007998762, "000000294831.png": 4.0643708013454045, "000000291619.png": 4.886795411025477, "000000522889.png": 5.461014452486962, "000000032817.png": 4.488968762490642, "000000210032.png": 7.505474474342837, "000000414795.png": 9.111373415211995, "000000192716.png": 8.036127516679858, "000000249786.png": 6.915191784368361, "000000286422.png": 4.7102227318371535, "000000060932.png": 6.847292081280632, "000000516143.png": 6.889604100567154, "000000176037.png": 9.594145434534505, "000000221017.png": 8.463185708354603, "000000399462.png": 12.211150547957258, "000000167159.png": 5.259870385957092, "000000044652.png": 1.4129905733386374, "000000167572.png": 6.326967667822511, "000000136915.png": 6.474181912616039, "000000413395.png": 4.848808317789196, "000000504389.png": 7.860149633978033, "000000186282.png": 3.583885291156098, "000000010363.png": 5.5643358177417355, "000000377814.png": 4.7701181377164, "000000532575.png": 5.418961351638323, "000000085195.png": 4.424131504288639, "000000144706.png": 4.750304481687787, "000000362434.png": 6.67420122317053, "000000269866.png": 5.007027932798048, "000000514914.png": 4.811399377490019, "000000170595.png": 3.546784639144321, "000000506310.png": 6.718252077635731, "000000255401.png": 6.291517828745358, "000000187144.png": 6.292554077856754, "000000013923.png": 7.7838658608775715, "000000402118.png": 3.546224994937711, "000000537053.png": 10.798111399848674, "000000074733.png": 6.357384793041237, "000000192964.png": 4.221192740317389, "000000451693.png": 5.635698544155463, "000000174004.png": 12.719690717707454, "000000239773.png": 4.579853967500778, "000000303653.png": 8.864160815753921, "000000034071.png": 1.6599470188824799, "000000451714.png": 7.737436040441762, "000000319935.png": 6.520524523323853, "000000190923.png": 8.266810344947471, "000000252716.png": 7.9191886482788645, "000000100510.png": 9.371285768882142, "000000148719.png": 11.51379844515121, "000000468124.png": 8.006116469607242, "000000180751.png": 7.019694058522902, "000000198960.png": 17.997197957293594, "000000068765.png": 6.700328348395104, "000000361919.png": 6.09531708594631, "000000289059.png": 4.315999999392429, "000000452515.png": 3.5283466341019616, "000000306437.png": 4.808957350303629, "000000006040.png": 8.083769116585604, "000000190853.png": 3.6762304972173205, "000000231125.png": 6.411787534849862, "000000252701.png": 8.921553376152, "000000453341.png": 7.566074141823966, "000000477689.png": 6.689913110861396, "000000556158.png": 7.242720591896068, "000000291664.png": 11.193804983818161, "000000439623.png": 6.780652604911906, "000000269314.png": 5.708623820892936, "000000307074.png": 5.531932295429245, "000000380203.png": 7.412494204529434, "000000468632.png": 12.343266956769265, "000000047121.png": 2.900053208720563, "000000351559.png": 4.466897564144163, "000000292024.png": 6.064483992327626, "000000030504.png": 7.973223439202926, "000000351589.png": 5.822594093319031, "000000479596.png": 8.174602167435355, "000000102411.png": 8.434805183002627, "000000019924.png": 7.064461314494685, "000000007816.png": 6.968588093116906, "000000508602.png": 9.25826267104358, "000000215723.png": 4.891427265909748, "000000335081.png": 6.714114980759133, "000000314034.png": 11.528789065740884, "000000503841.png": 8.196851421469965, "000000533855.png": 4.286436019265624, "000000011511.png": 7.259354205713287, "000000570688.png": 7.094495424841912, "000000057027.png": 8.787475602500534, "000000192699.png": 9.040852987783351, "000000311789.png": 3.046650657519567, "000000310072.png": 8.783282551350341, "000000033109.png": 7.262175137352158, "000000389381.png": 10.435684928400688, "000000264968.png": 7.352760636362848, "000000092839.png": 6.286557298517854, "000000001000.png": 10.513921718999999, "000000329447.png": 10.634490187145218, "000000355610.png": 3.4140361768623353, "000000336658.png": 4.75216082708406, "000000309938.png": 6.39678209390368, "000000232684.png": 1.528222479179897, "000000502599.png": 9.461575519907107, "000000231549.png": 4.2271716912483095, "000000369037.png": 6.33897881256165, "000000308328.png": 6.6475254191442135, "000000455981.png": 3.260710964675852, "000000468233.png": 2.8231414312655376, "000000284762.png": 6.1416827171758985, "000000482585.png": 6.089717439038577, "000000135604.png": 10.786557586491458, "000000538067.png": 6.214719101349947, "000000226662.png": 7.373585617290939, "000000311909.png": 9.374086438439978, "000000468954.png": 4.229312293176282, "000000250766.png": 9.646145735385117, "000000211042.png": 6.601684235384425, "000000097022.png": 5.219556893164403, "000000096001.png": 7.498088287211677, "000000238013.png": 5.199545179757671, "000000396863.png": 12.737195536431356, "000000173033.png": 4.436247149560954, "000000234779.png": 3.576794676483405, "000000228942.png": 7.42757264660558, "000000400573.png": 6.720938209262272, "000000444879.png": 7.300830382612988, "000000133244.png": 8.615414990720698, "000000115118.png": 13.55344319803071, "000000505789.png": 14.786688279442131, "000000095786.png": 2.728626082401263, "000000200421.png": 5.335455257902016, "000000269682.png": 2.909224794431961, "000000194940.png": 4.34650380860983, "000000532493.png": 9.905695272668183, "000000028285.png": 7.579803867996933, "000000102707.png": 8.054238596079367, "000000335177.png": 8.05922841266346, "000000361551.png": 5.0901698581056705, "000000239537.png": 8.308855569460869, "000000061171.png": 13.231176159162011, "000000117908.png": 4.989619148999539, "000000127135.png": 12.387636472598118, "000000391375.png": 4.963709742818038, "000000451043.png": 4.777395071556161, "000000472623.png": 8.646238618385699, "000000027620.png": 6.601576358600291, "000000501243.png": 11.91714920998609, "000000342295.png": 7.083628611385064, "000000334417.png": 2.802678523648337, "000000434996.png": 4.145962571149081, "000000108440.png": 7.133318520770533, "000000076211.png": 6.106331337979902, "000000534601.png": 3.940735182014318, "000000177357.png": 9.220625912252594, "000000404479.png": 3.8788580128447494, "000000104612.png": 6.756680963418778, "000000560279.png": 4.791070881861869, "000000229111.png": 3.617769413899562, "000000474452.png": 5.70559724777481, "000000183500.png": 4.560429206625506, "000000370486.png": 10.288273184323279, "000000167902.png": 9.567830169659766, "000000520659.png": 11.054285543831927, "000000346968.png": 3.068632310209967, "000000453708.png": 4.5980674478018795, "000000138639.png": 10.991243156547013}