{"000000337987.png": 8.815419375780513, "000000079188.png": 6.614818587403387, "000000201426.png": 7.248407777238793, "000000049761.png": 6.585833315509906, "000000347265.png": 10.961599831894818, "000000012639.png": 9.549340026014109, "000000458255.png": 4.500752603818841, "000000386912.png": 9.35473961063171, "000000004795.png": 6.813839255697296, "000000561465.png": 5.928602828577207, "000000186296.png": 8.051316354137295, "000000229216.png": 8.008073752468164, "000000310862.png": 4.177515702573865, "000000294783.png": 8.875910074079917, "000000271471.png": 4.722247017777777, "000000204329.png": 3.033646532706513, "000000109313.png": 5.5870485627467374, "000000051008.png": 8.03562302702206, "000000147745.png": 9.05702358104088, "000000395903.png": 11.744479266797823, "000000438955.png": 10.230433773104238, "000000565607.png": 16.720580950203054, "000000126216.png": 15.579194856270624, "000000093437.png": 7.059097892107632, "000000209613.png": 11.993956472519946, "000000086483.png": 11.843082614211006, "000000477623.png": 8.078201629089346, "000000575500.png": 5.896468234980149, "000000294831.png": 4.525891705500351, "000000535578.png": 11.810523771796982, "000000414034.png": 5.544083659991401, "000000328238.png": 11.912386338349547, "000000135561.png": 4.4190875559697895, "000000411530.png": 11.967071390127233, "000000309391.png": 13.675315424606477, "000000343496.png": 10.945409207476361, "000000192716.png": 7.452225950583221, "000000414795.png": 7.87969022229964, "000000210032.png": 7.305917075330903, "000000032817.png": 4.449264375110123, "000000522889.png": 5.278754793841747, "000000291619.png": 10.781251676891307, "000000176037.png": 10.237662135435327, "000000060932.png": 10.085083563326261, "000000516143.png": 7.041920971301433, "000000286422.png": 3.7924044709150646, "000000249786.png": 5.723433949541747, "000000413395.png": 4.687174967533465, "000000221017.png": 7.312250591392653, "000000136915.png": 6.332626799530726, "000000167572.png": 8.896854913848234, "000000044652.png": 1.3074677320375572, "000000167159.png": 5.42614192164805, "000000399462.png": 10.426085216795698, "000000362434.png": 7.1322990003888105, "000000144706.png": 4.231823548409529, "000000085195.png": 3.8639017032394896, "000000532575.png": 7.455376887002517, "000000377814.png": 4.470202129709236, "000000010363.png": 6.885627140343115, "000000186282.png": 4.62595963674967, "000000504389.png": 8.44172057092704, "000000187144.png": 6.031399459965998, "000000255401.png": 5.628239835893891, "000000506310.png": 8.78326509824556, "000000170595.png": 3.342789530934729, "000000514914.png": 3.76410937887913, "000000269866.png": 5.159407756916345, "000000174004.png": 11.005496680280205, "000000451693.png": 5.013283556170278, "000000192964.png": 9.811897964697307, "000000074733.png": 6.691924039961991, "000000537053.png": 9.306918779207066, "000000013923.png": 7.423597641827553, "000000402118.png": 3.5301886061063383, "000000252716.png": 7.40010976644623, "000000190923.png": 8.533074217092942, "000000319935.png": 7.100322994081295, "000000451714.png": 6.716708911210845, "000000034071.png": 3.4902738878655355, "000000303653.png": 9.03694763225924, "000000239773.png": 4.992099637659758, "000000180751.png": 6.716722934823048, "000000198960.png": 16.97823049282825, "000000468124.png": 7.215700925784822, "000000148719.png": 10.395194442743803, "000000100510.png": 9.054790743344396, "000000252701.png": 6.839572089355745, "000000006040.png": 10.476197498721385, "000000231125.png": 6.511690127987752, "000000190853.png": 3.8123474464195217, "000000306437.png": 7.0982781877793855, "000000452515.png": 3.4990012393783063, "000000289059.png": 4.730939957121591, "000000361919.png": 5.2370030465795265, "000000068765.png": 8.58520876639597, "000000307074.png": 6.860964087900142, "000000269314.png": 5.551719727597654, "000000439623.png": 6.480139333700948, "000000291664.png": 9.041390236824245, "000000477689.png": 7.281864453260871, "000000556158.png": 7.017479113725623, "000000453341.png": 6.955912294700077, "000000292024.png": 6.020433813429106, "000000047121.png": 3.4163731138926208, "000000351559.png": 7.219437238137803, "000000468632.png": 10.5666192769422, "000000380203.png": 10.357378350562989, "000000508602.png": 9.162714523750003, "000000007816.png": 6.030729903754077, "000000019924.png": 8.92754394555226, "000000102411.png": 9.242010571789011, "000000479596.png": 7.1008301705183525, "000000351589.png": 9.17187731985024, "000000030504.png": 7.555994066054711, "000000011511.png": 9.892221960620319, "000000503841.png": 7.527249023484714, "000000533855.png": 5.276048224640461, "000000314034.png": 10.599853372337659, "000000335081.png": 6.974737804548594, "000000215723.png": 5.638242256287232, "000000264968.png": 6.501143662954692, "000000389381.png": 8.16617186195136, "000000033109.png": 8.649842394007837, "000000310072.png": 9.175484560410618, "000000057027.png": 8.773885887504738, "000000311789.png": 5.245880490341373, "000000192699.png": 9.335601756760965, "000000570688.png": 7.617080975265663, "000000336658.png": 9.219174976112157, "000000309938.png": 6.0627835328094175, "000000355610.png": 3.0829201339455703, "000000329447.png": 10.055538900436584, "000000001000.png": 9.552876425214963, "000000092839.png": 5.5134081557398975, "000000284762.png": 5.36073289508813, "000000468233.png": 3.3176833110693145, "000000455981.png": 5.097065440218506, "000000308328.png": 6.576761278571457, "000000369037.png": 9.646773873772384, "000000231549.png": 3.944205872972205, "000000232684.png": 5.434649940917762, "000000502599.png": 8.670211690771255, "000000250766.png": 9.093564613772516, "000000468954.png": 4.052456447134409, "000000311909.png": 11.144896563114429, "000000226662.png": 11.503014336908018, "000000538067.png": 5.62687022299422, "000000482585.png": 6.770791156988285, "000000135604.png": 9.298779963225035, "000000234779.png": 3.513656655991698, "000000173033.png": 3.955045895842616, "000000238013.png": 5.820577366480876, "000000396863.png": 14.509447029197714, "000000096001.png": 6.247955089806132, "000000097022.png": 5.6277949644139795, "000000211042.png": 8.014162579514052, "000000095786.png": 2.8968031697644134, "000000505789.png": 13.833665791036038, "000000115118.png": 14.167316252413752, "000000133244.png": 8.386320687940417, "000000444879.png": 7.0746627252819545, "000000400573.png": 6.109175493188588, "000000228942.png": 8.43928246391443, "000000028285.png": 8.311306266178216, "000000532493.png": 8.45749400213625, "000000194940.png": 5.309349913067779, "000000269682.png": 4.279944208488328, "000000200421.png": 8.449184257376123, "000000391375.png": 10.89042568818172, "000000127135.png": 10.777992212351105, "000000117908.png": 5.097797355298661, "000000061171.png": 10.725514103283258, "000000239537.png": 6.510752650598744, "000000361551.png": 5.115074504449859, "000000335177.png": 9.075207888697118, "000000102707.png": 7.398458344826617, "000000108440.png": 9.687043946200191, "000000434996.png": 4.225573158082295, "000000334417.png": 2.934085138738313, "000000342295.png": 6.410023224423334, "000000501243.png": 11.99173931995707, "000000027620.png": 6.145110792283586, "000000472623.png": 9.932109938049951, "000000451043.png": 3.905381579338204, "000000229111.png": 3.902019237533828, "000000560279.png": 4.38124651619759, "000000104612.png": 9.196450015307464, "000000404479.png": 3.2580810575675456, "000000534601.png": 3.9558020247946177, "000000177357.png": 8.018681191258217, "000000076211.png": 5.80658278223936, "000000453708.png": 6.822491444071534, "000000346968.png": 3.192277536331714, "000000520659.png": 10.875190818779384, "000000167902.png": 9.990860113786933, "000000370486.png": 11.048801362281418, "000000183500.png": 3.9100140932360614, "000000474452.png": 5.828578762740662, "000000138639.png": 10.978086069992383}