{"CXR1229_IM-0152-2001.png": 2.2214537946406225, "CXR118_IM-0123-2001.png": 1.4563449094616567, "CXR1160_IM-0107-1001.png": 2.585797082322454, "CXR1165_IM-0110-1001.png": 2.0402765998404635, "CXR1146_IM-0098-1001.png": 2.454313103233905, "CXR1128_IM-0084-6001.png": 2.0182484299876595, "CXR1141_IM-0096-1002.png": 2.0408363925421122, "CXR1152_IM-0103-1001.png": 0.8027109063659114, "CXR1153_IM-0104-1001.png": 3.1708058376269, "CXR1142_IM-0096-2001.png": 1.4935516202727972, "CXR1126_IM-0082-1001.png": 2.223711711692213, "CXR1130_IM-0087-1001.png": 3.257131225879775, "CXR1088_IM-0061-1001.png": 2.5136883602912756, "CXR102_IM-0016-2001.png": 1.7888983389339763, "CXR1071_IM-0051-2001.png": 1.104886625971706, "CXR1113_IM-0078-1002.png": 2.0864868472663956, "CXR3194_IM-1505-2001.png": 0.9825392121534807, "CXR3267_IM-1551-2001.png": 1.5224286003963545, "CXR3255_IM-1543-2001.png": 2.0698256649057405, "CXR3256_IM-1543-2001.png": 1.3362272230784418, "CXR1381_IM-0245-2001.png": 0.9434174663651448, "CXR3058_IM-1425-2002.png": 3.0261628923500665, "CXR3185_IM-1503-2001.png": 1.5198793092918734, "CXR3063_IM-1428-1001.png": 3.0429673275273115, "CXR3057_IM-1424-1001-0001.png": 1.7144882976248341, "CXR3096_IM-1448-3003.png": 2.1420227650130763, "CXR3171_IM-1494-1001.png": 2.3981374504333184, "CXR1278_IM-0185-1002.png": 1.5416201748425196, "CXR1300_IM-0198-2001.png": 1.8303212183513786, "CXR3060_IM-1426-1003.png": 2.5931050530428843, "CXR122_IM-0147-0001-0001.png": 2.993616285027947, "CXR1372_IM-0239-2001.png": 1.4692048167287417, "CXR1235_IM-0158-1001.png": 2.2573943321869887, "CXR122_IM-0147-0001-0002.png": 2.338096100368388, "CXR1211_IM-0142-1001.png": 2.839346908171737, "CXR1170_IM-0115-2001.png": 1.8788962485166762, "CXR1174_IM-0118-1001.png": 1.2187906373610917, "CXR2138_IM-0760-1001.png": 2.7726141649080915, "CXR2208_IM-0815-1002.png": 1.8585647078883607, "CXR2087_IM-0718-3001.png": 2.071630135646318, "CXR2123_IM-0748-1001.png": 2.8656722348909307, "CXR2178_IM-0790-3001.png": 1.6423901255500941, "CXR3439_IM-1664-1001.png": 2.0223528834688107, "CXR210_IM-0730-4001.png": 1.854874204089449, "CXR3451_IM-1674-1001.png": 2.1179221516505273, "CXR3442_IM-1667-2001.png": 1.4932814234758371, "CXR3470_IM-1686-2001.png": 1.285070483475829, "CXR3415_IM-1650-1002.png": 1.9679295308674412, "CXR3385_IM-1632-2001.png": 1.9284375380591514, "CXR3379_IM-1627-2001.png": 1.4938108853976453, "CXR3292_IM-1572-2001.png": 1.6432472227015864, "CXR3369_IM-1621-2001.png": 1.5610882599423168, "CXR3330_IM-1594-1001.png": 2.255449958647955, "CXR3249_IM-1539-2001.png": 1.6457910343228992, "CXR3262_IM-1548-3001.png": 3.1028159049169766, "CXR436_IM-2076-1001-0001.png": 1.9224327151460305, "CXR433_IM-2073-2001.png": 1.6661072152824263, "CXR3862_IM-1956-1001.png": 1.1052652166727772, "CXR427_IM-2070-2001.png": 1.9241325050032696, "CXR401_IM-2051-1001.png": 1.2414438227923557, "CXR3931_IM-2003-3001.png": 1.4724477563010112, "CXR3944_IM-2014-1001.png": 2.6469055715990337, "CXR3842_IM-1943-3003.png": 1.8091279589908325, "CXR2277_IM-0864-2001.png": 1.694014629167202, "CXR3836_IM-1939-2001.png": 1.0901989725060464, "CXR2259_IM-0850-2001.png": 1.6035994737643235, "CXR2262_IM-0852-1001.png": 1.6665629312113157, "CXR2246_IM-0843-2001.png": 0.9712773872567602, "CXR2239_IM-0836-1001.png": 2.0517809143356844, "CXR226_IM-0851-2001.png": 1.716132947936163, "CXR208_IM-0711-1001.png": 2.5664001461134265, "CXR2168_IM-0784-2001.png": 1.878383202573408, "CXR2228_IM-0831-1001.png": 2.8919306686087474, "CXR609_IM-2197-2001.png": 1.3749843629607574, "CXR3045_IM-1418-1001.png": 2.8970578057512673, "CXR2301_IM-0881-1001.png": 0.9498610394067969, "CXR2528_IM-1044-1001.png": 2.3902255032313264, "CXR2740_IM-1195-1001.png": 2.03966996918647, "CXR558_IM-2158-0001-0001.png": 2.982258002726403, "CXR2059_IM-0696-2001.png": 1.326099227472097, "CXR524_IM-2135-0001-0001.png": 1.747803524794882, "CXR531_IM-2140-2001.png": 1.967289410858315, "CXR1402_IM-0257-1001.png": 2.531842562221581, "CXR5_IM-2117-1003002.png": 2.5000961864980535, "CXR48_IM-2103-2001.png": 1.1553922255193299, "CXR470_IM-2099-2001.png": 0.9429734636075484, "CXR459_IM-2090-1001.png": 1.1236573835036103, "CXR1881_IM-0570-2001.png": 1.4403022037757403, "CXR1934_IM-0604-1001.png": 2.5921782114784935, "CXR1967_IM-0629-1001.png": 2.5431302399996665, "CXR1945_IM-0614-2001.png": 2.1973511071614316, "CXR1706_IM-0466-1001.png": 2.4355439574450632, "CXR1834_IM-0539-1002.png": 2.0488442502169106, "CXR1840_IM-0545-1001.png": 2.7549533648321303, "CXR1707_IM-0466-2001.png": 1.612929702243179, "CXR1788_IM-0513-1001.png": 3.0071100776965394, "CXR17_IM-0460-2001.png": 0.8651036605283519, "CXR1666_IM-0440-0001-0001.png": 2.782492331808543, "CXR1677_IM-0446-1001.png": 2.475647193450637, "CXR163_IM-0410-3003.png": 2.2178651049703633, "CXR1653_IM-0429-2001.png": 1.2654177704307341, "CXR1699_IM-0459-2001.png": 2.260416795608927, "CXR1483_IM-0313-1001.png": 2.3071267752474047, "CXR1655_IM-0431-2001.png": 1.527647697718559, "CXR3471_IM-1687-2002.png": 2.3950882127200392, "CXR3830_IM-1933-1001.png": 2.125984543571494, "CXR1524_IM-0339-1001.png": 1.957722487621561, "CXR1547_IM-0357-2001.png": 1.6866111767310987, "CXR2679_IM-1153-2001.png": 1.4027349036268304, "CXR270_IM-1168-1001.png": 3.073710658543727, "CXR2660_IM-1142-2001.png": 0.7966428671532395, "CXR2638_IM-1123-2001.png": 1.7027350453930405, "CXR2563_IM-1066-2001.png": 1.4049858267783484, "CXR2664_IM-1145-2001.png": 1.3835808845256259, "CXR2655_IM-1137-2001.png": 1.425095748584653, "CXR2058_IM-0696-2002.png": 0.9687224355554093, "CXR2557_IM-1061-2001.png": 1.6324236677953436, "CXR19_IM-0583-3003.png": 2.011199030922563, "CXR2533_IM-1047-2001.png": 1.8214016654463658, "CXR2528_IM-1044-2001.png": 1.7551911304823173, "CXR2010_IM-0661-1001.png": 2.5164762360949307, "CXR1841_IM-0545-2001.png": 1.4690420582261534, "CXR2541_IM-1053-2001.png": 1.582144940288717, "CXR1975_IM-0634-1001.png": 1.611276099136291, "CXR1966_IM-0629-1001.png": 2.3407931055966, "CXR3745_IM-1872-1001.png": 2.5153594978451213, "CXR3733_IM-1866-1001.png": 1.2947448429715602, "CXR3612_IM-1785-2001.png": 1.8146660003681323, "CXR3628_IM-1796-2001.png": 1.5889833615006668, "CXR3650_IM-1813-1001.png": 2.9075727343314646, "CXR3639_IM-1804-1001.png": 1.7802134240451244, "CXR3638_IM-1804-1001.png": 1.10738262653237, "CXR3532_IM-1726-1001.png": 1.4138063401715777, "CXR3544_IM-1736-2001.png": 1.3189653400717398, "CXR3543_IM-1735-2001.png": 1.9498811477828213, "CXR3490_IM-1697-1001.png": 2.162853389312506, "CXR3565_IM-1750-2001.png": 1.5679656582673356, "CXR3500_IM-1706-2001.png": 1.2217780771485705, "CXR3566_IM-1751-1001.png": 1.4988141755144277, "CXR2720_IM-1182-2001.png": 1.600421768448165, "CXR3506_IM-1708-1001.png": 2.8375250039135715, "CXR3491_IM-1698-1001.png": 3.1579353762579316, "CXR2665_IM-1145-2001.png": 0.912749700431852, "CXR267_IM-1147-1001.png": 1.3122161726360209, "CXR3824_IM-1931-1001.png": 1.3299323821509208, "CXR3827_IM-1932-1001.png": 1.3145764151573425, "CXR640_IM-2219-1001.png": 2.5717720424868857, "CXR634_IM-2214-1001.png": 1.7615727177148701, "CXR633_IM-2213-1001.png": 2.009531692080567, "CXR3797_IM-1910-0001-0001.png": 1.4105007413017947, "CXR3821_IM-1929-2001.png": 1.8193899767351165, "CXR3809_IM-1919-1002001.png": 2.4970888533575657, "CXR3794_IM-1908-1002.png": 1.6969097141623373, "CXR3727_IM-1863-2001.png": 1.8330943659626169, "CXR3783_IM-1898-1001.png": 1.1869892526080716, "CXR3768_IM-1887-2001.png": 1.5891326649134503, "CXR2938_IM-1339-1001.png": 2.6046751633603025, "CXR2958_IM-1354-1002.png": 1.833224161704101, "CXR2919_IM-1321-2001.png": 1.5892167858642439, "CXR2773_IM-1214-1001.png": 2.3747076505921085, "CXR2814_IM-1239-1001.png": 0.8322823854266271, "CXR984_IM-2471-2001.png": 0.8569101729649077, "CXR993_IM-2478-1001.png": 2.547886873787326, "CXR892_IM-2403-1001.png": 2.948160580402445, "CXR2761_IM-1208-2001.png": 0.7847453162299044, "CXR965_IM-2455-1001.png": 3.3076277106010528, "CXR718_IM-2280-3001.png": 1.7784110935501136,