{"CXR1113_IM-0078-1002.png": 2.1522286910416413, "CXR102_IM-0016-2001.png": 2.25437362017951, "CXR1071_IM-0051-2001.png": 2.0597862163617293, "CXR1088_IM-0061-1001.png": 2.724013026659104, "CXR1126_IM-0082-1001.png": 2.2516316577141464, "CXR1130_IM-0087-1001.png": 3.643224355516189, "CXR1153_IM-0104-1001.png": 3.4756775316577277, "CXR1142_IM-0096-2001.png": 1.6355818100471229, "CXR1152_IM-0103-1001.png": 1.738952014101087, "CXR1141_IM-0096-1002.png": 1.96915317475145, "CXR1128_IM-0084-6001.png": 1.826039089264039, "CXR1146_IM-0098-1001.png": 2.4022296089587525, "CXR1165_IM-0110-1001.png": 2.020589027275914, "CXR1160_IM-0107-1001.png": 2.962682966408782, "CXR1229_IM-0152-2001.png": 1.7951100375067037, "CXR118_IM-0123-2001.png": 1.4182527027190281, "CXR1174_IM-0118-1001.png": 2.6892812981974186, "CXR1170_IM-0115-2001.png": 2.317227569893794, "CXR1211_IM-0142-1001.png": 3.596767929680535, "CXR122_IM-0147-0001-0002.png": 2.2538950838337994, "CXR1235_IM-0158-1001.png": 2.592241127614354, "CXR1372_IM-0239-2001.png": 1.1695415592007445, "CXR122_IM-0147-0001-0001.png": 3.7627209339950287, "CXR1300_IM-0198-2001.png": 1.7580807759795307, "CXR1278_IM-0185-1002.png": 1.414573692747569, "CXR3060_IM-1426-1003.png": 3.008525643340342, "CXR3171_IM-1494-1001.png": 2.5527833573758536, "CXR3096_IM-1448-3003.png": 2.0637757254634375, "CXR3063_IM-1428-1001.png": 3.5002998474862888, "CXR3057_IM-1424-1001-0001.png": 1.4484524893141704, "CXR3185_IM-1503-2001.png": 2.042902406039767, "CXR3058_IM-1425-2002.png": 3.407434722247596, "CXR1381_IM-0245-2001.png": 2.203048218228401, "CXR3256_IM-1543-2001.png": 1.663084972816531, "CXR3255_IM-1543-2001.png": 1.9279292643595614, "CXR3267_IM-1551-2001.png": 1.046680807830136, "CXR3194_IM-1505-2001.png": 2.1682352114732484, "CXR3262_IM-1548-3001.png": 3.199116526620523, "CXR3249_IM-1539-2001.png": 1.2694802449804483, "CXR3330_IM-1594-1001.png": 3.003586192124212, "CXR3369_IM-1621-2001.png": 2.247880681865057, "CXR3292_IM-1572-2001.png": 1.9540400554903912, "CXR3379_IM-1627-2001.png": 2.1913595896549416, "CXR3385_IM-1632-2001.png": 1.9167595025406128, "CXR3442_IM-1667-2001.png": 1.0345931102994574, "CXR3470_IM-1686-2001.png": 2.2214431696939183, "CXR3415_IM-1650-1002.png": 2.2806453781414033, "CXR3451_IM-1674-1001.png": 2.068212166380415, "CXR2087_IM-0718-3001.png": 1.8584979158207762, "CXR3439_IM-1664-1001.png": 1.9561785139043337, "CXR2178_IM-0790-3001.png": 1.7854568607562464, "CXR210_IM-0730-4001.png": 1.6768274752091479, "CXR2123_IM-0748-1001.png": 3.25845465670077, "CXR2138_IM-0760-1001.png": 3.2067427979558603, "CXR2208_IM-0815-1002.png": 1.8134462256443329, "CXR2228_IM-0831-1001.png": 3.1003739954533502, "CXR2168_IM-0784-2001.png": 1.5649986644311733, "CXR208_IM-0711-1001.png": 2.9611622291719577, "CXR226_IM-0851-2001.png": 1.6429772586041365, "CXR2239_IM-0836-1001.png": 1.8247995103081918, "CXR2262_IM-0852-1001.png": 3.6211232174411863, "CXR2246_IM-0843-2001.png": 2.0685776083364638, "CXR2259_IM-0850-2001.png": 2.808723117125968, "CXR3836_IM-1939-2001.png": 2.29228408291594, "CXR2277_IM-0864-2001.png": 1.9292112920160545, "CXR3842_IM-1943-3003.png": 2.1271036586572474, "CXR3944_IM-2014-1001.png": 3.0464166661969543, "CXR3931_IM-2003-3001.png": 2.846386401507961, "CXR401_IM-2051-1001.png": 2.804265697568468, "CXR427_IM-2070-2001.png": 1.9997410165183347, "CXR3862_IM-1956-1001.png": 2.2648106460077115, "CXR433_IM-2073-2001.png": 1.821430034790842, "CXR436_IM-2076-1001-0001.png": 1.7632970567685342, "CXR459_IM-2090-1001.png": 2.5030656259421904, "CXR470_IM-2099-2001.png": 2.50673425476794, "CXR48_IM-2103-2001.png": 2.3532000774522768, "CXR5_IM-2117-1003002.png": 2.334245069050568, "CXR1402_IM-0257-1001.png": 2.6791546756161666, "CXR531_IM-2140-2001.png": 2.061597770266769, "CXR524_IM-2135-0001-0001.png": 2.6057845788691325, "CXR558_IM-2158-0001-0001.png": 3.6670435400020542, "CXR2059_IM-0696-2001.png": 2.3017836079106626, "CXR2528_IM-1044-1001.png": 2.471141169380721, "CXR2740_IM-1195-1001.png": 1.8376307088758026, "CXR2301_IM-0881-1001.png": 2.37716745566353, "CXR3045_IM-1418-1001.png": 2.9999797931921206, "CXR609_IM-2197-2001.png": 1.998312915414047, "CXR1524_IM-0339-1001.png": 2.4452657522144428, "CXR1547_IM-0357-2001.png": 1.7512476189625066, "CXR3830_IM-1933-1001.png": 2.2285276860191665, "CXR3471_IM-1687-2002.png": 2.761486276747328, "CXR1483_IM-0313-1001.png": 2.2028034140280828, "CXR1655_IM-0431-2001.png": 1.7415970652987136, "CXR1699_IM-0459-2001.png": 2.5929620950663543, "CXR1677_IM-0446-1001.png": 2.9711127079297883, "CXR163_IM-0410-3003.png": 2.4965345813806237, "CXR1653_IM-0429-2001.png": 2.0723836657783523, "CXR1666_IM-0440-0001-0001.png": 3.396024650351963, "CXR17_IM-0460-2001.png": 1.8460794083782752, "CXR1788_IM-0513-1001.png": 3.7482850782492703, "CXR1707_IM-0466-2001.png": 1.1757661251540639, "CXR1834_IM-0539-1002.png": 2.0077050816212405, "CXR1706_IM-0466-1001.png": 2.8745684232044892, "CXR1840_IM-0545-1001.png": 3.120996432395068, "CXR1945_IM-0614-2001.png": 2.6544655866011513, "CXR1967_IM-0629-1001.png": 3.7297248174665154, "CXR1934_IM-0604-1001.png": 2.781225948715039, "CXR1975_IM-0634-1001.png": 3.703777600136158, "CXR1881_IM-0570-2001.png": 1.0912837376418996, "CXR1966_IM-0629-1001.png": 2.7271149839902136, "CXR1841_IM-0545-2001.png": 2.5060998855729983, "CXR2541_IM-1053-2001.png": 1.7449497871300454, "CXR2528_IM-1044-2001.png": 1.4509811479990125, "CXR2010_IM-0661-1001.png": 3.200833987241538, "CXR2533_IM-1047-2001.png": 1.616872597894678, "CXR19_IM-0583-3003.png": 2.1382799947487943, "CXR2557_IM-1061-2001.png": 1.590294445051577, "CXR2058_IM-0696-2002.png": 1.3099120025979207, "CXR2655_IM-1137-2001.png": 1.8390268369668277, "CXR2563_IM-1066-2001.png": 1.504637067227045, "CXR2664_IM-1145-2001.png": 1.0085139011043476, "CXR2638_IM-1123-2001.png": 1.7757546814749232, "CXR2660_IM-1142-2001.png": 1.8130358590477638, "CXR270_IM-1168-1001.png": 3.053582485839463, "CXR2679_IM-1153-2001.png": 2.191422458632873, "CXR267_IM-1147-1001.png": 2.487818473428161, "CXR2665_IM-1145-2001.png": 2.05119128774836, "CXR3491_IM-1698-1001.png": 3.498082674188149, "CXR2720_IM-1182-2001.png": 2.0188686470191994, "CXR3506_IM-1708-1001.png": 3.009814214700438, "CXR3500_IM-1706-2001.png": 2.019251474632271, "CXR3490_IM-1697-1001.png": 2.037930331513361, "CXR3566_IM-1751-1001.png": 1.2191384053099394, "CXR3565_IM-1750-2001.png": 1.0973118657635186, "CXR3543_IM-1735-2001.png": 2.402250059508364, "CXR3544_IM-1736-2001.png": 1.8991105362924048, "CXR3532_IM-1726-1001.png": 2.819222703708234, "CXR3639_IM-1804-1001.png": 1.870486716180147, "CXR3638_IM-1804-1001.png": 2.3030444367748077, "CXR3650_IM-1813-1001.png": 3.138067196264145, "CXR3628_IM-1796-2001.png": 1.755092566384535, "CXR3612_IM-1785-2001.png": 1.8521969238218488, "CXR3733_IM-1866-1001.png": 2.882070761745435, "CXR3745_IM-1872-1001.png": 2.9468139753287925, "CXR3768_IM-1887-2001.png": 1.9000666259468797, "CXR3783_IM-1898-1001.png": 2.7334457742340663, "CXR3727_IM-1863-2001.png": 1.3702710879325195, "CXR3794_IM-1908-1002.png": 1.7110353720295317, "CXR3809_IM-1919-1002001.png": 2.4423409355178145, "CXR3821_IM-1929-2001.png": 2.1194853142643404, "CXR3797_IM-1910-0001-0001.png": 1.55220148823701, "CXR633_IM-2213-1001.png": 1.883592814564292, "CXR634_IM-2214-1001.png": 1.8774823175908564, "CXR640_IM-2219-1001.png": 3.3727457621225514, "CXR3827_IM-1932-1001.png": 2.735104509685922, "CXR3824_IM-1931-1001.png": 3.1572822293453244, "CXR682_IM-2253-2001.png": 1.2581080445676884, "CXR651_IM-2229-1001.png": 2.641129998529914, "CXR647_IM-2225-2001.png": 2.2971744149870674, "CXR70_IM-2264-3001.png": 3.4085853347047164, "CXR756_IM-2307-4001.png": 1.6112731754394574, "CXR718_IM-2280-3001.png": 1.6295618113969692, "CXR935_IM-2432-1001.png": 3.2843095458498093, "CXR899_IM-2407-1001.png": 3.355560042767115, "CXR776_IM-2319-1001.png": 2.7358654000767584, "CXR810_IM-2343-1001.png": 2.6275699447185246, "CXR801_IM-2335-2001.png": 1.5432725595048957, "CXR965_IM-2455-1001.png": 3.3907692925644985,