{"000000079188.png": 8.76138835035268, "000000337987.png": 12.060894409621238, "000000004795.png": 8.78026399132019, "000000386912.png": 9.75126478068332, "000000458255.png": 4.7920943261461355, "000000012639.png": 18.26855470399489, "000000347265.png": 16.59413348479495, "000000049761.png": 22.098722451545374, "000000201426.png": 10.588541839045575, "000000294783.png": 11.909304610227691, "000000310862.png": 4.136646795318989, "000000229216.png": 12.7444960441921, "000000186296.png": 15.77789800884019, "000000561465.png": 6.937121722821057, "000000395903.png": 21.00773992041234, "000000438955.png": 11.315886270224738, "000000147745.png": 8.54448307783043, "000000051008.png": 7.667633817066054, "000000109313.png": 7.9132311743347685, "000000204329.png": 8.2809932994519, "000000271471.png": 5.044963137111814, "000000575500.png": 7.662921343676263, "000000477623.png": 10.066785948120142, "000000209613.png": 23.22094102409665, "000000086483.png": 13.967894454541323, "000000093437.png": 19.252532241761415, "000000126216.png": 25.35563864045139, "000000565607.png": 20.580729108238305, "000000343496.png": 17.82144802533759, "000000309391.png": 23.043887417684214, "000000411530.png": 17.22938991276185, "000000135561.png": 5.926627088122852, "000000535578.png": 28.010130023043953, "000000328238.png": 22.411194888643607, "000000414034.png": 7.5942973610347115, "000000294831.png": 5.546888214761827, "000000291619.png": 13.624246362020367, "000000522889.png": 14.440618318188092, "000000032817.png": 5.145393655921768, "000000210032.png": 8.462419176213524, "000000414795.png": 13.401684942760076, "000000192716.png": 8.331492569841817, "000000249786.png": 9.0301203288245, "000000286422.png": 12.149452730444901, "000000060932.png": 9.275242835689287, "000000516143.png": 9.807847579416384, "000000176037.png": 18.82574269341171, "000000221017.png": 12.666891695633089, "000000399462.png": 25.33108164293734, "000000167159.png": 7.734609645910484, "000000044652.png": 3.498153721055871, "000000167572.png": 9.736953763509439, "000000136915.png": 8.732209372905311, "000000413395.png": 4.478700369070285, "000000504389.png": 15.967744345145713, "000000186282.png": 5.245457280229412, "000000010363.png": 11.76885840365714, "000000377814.png": 5.8762126203217875, "000000532575.png": 5.7698476982692295, "000000085195.png": 4.8288558736345815, "000000144706.png": 5.57933969874564, "000000362434.png": 8.083901166053376, "000000269866.png": 5.797014990240255, "000000514914.png": 6.588232944226305, "000000170595.png": 3.7230611490472914, "000000506310.png": 8.243718642361682, "000000255401.png": 6.122554421472861, "000000187144.png": 7.261540361750987, "000000013923.png": 8.673194689580068, "000000402118.png": 4.534927045284966, "000000537053.png": 26.494695989986745, "000000074733.png": 6.8263181575980125, "000000192964.png": 7.109555204709771, "000000451693.png": 7.79979425072814, "000000174004.png": 22.994032669624666, "000000239773.png": 7.334660071317031, "000000303653.png": 17.35462598107063, "000000034071.png": 2.7097203346025354, "000000451714.png": 13.90078470071198, "000000319935.png": 8.30145603442415, "000000190923.png": 11.670631745077383, "000000252716.png": 12.237284799179706, "000000100510.png": 11.8725952550371, "000000148719.png": 19.087619694730773, "000000468124.png": 10.547951473655923, "000000180751.png": 7.967024848511478, "000000198960.png": 26.533623182207442, "000000068765.png": 8.148428724086779, "000000361919.png": 7.363655889246195, "000000289059.png": 5.8857405896102115, "000000452515.png": 5.659139117315687, "000000306437.png": 7.010680414648186, "000000006040.png": 11.152655931906583, "000000190853.png": 6.333640037599471, "000000231125.png": 6.349841246692385, "000000252701.png": 22.007040464364575, "000000453341.png": 9.770203567902824, "000000477689.png": 6.896024704908619, "000000556158.png": 8.607447147001649, "000000291664.png": 19.693781139906186, "000000439623.png": 8.54151343609574, "000000269314.png": 7.456556300026455, "000000307074.png": 7.189122408053954, "000000380203.png": 15.162789631635944, "000000468632.png": 20.32140376998364, "000000047121.png": 5.160403453689823, "000000351559.png": 10.676600361595659, "000000292024.png": 8.867338654021603, "000000030504.png": 9.050411344527875, "000000351589.png": 10.692556018976585, "000000479596.png": 10.042934477136106, "000000102411.png": 9.311411060093866, "000000019924.png": 7.148236732827567, "000000007816.png": 13.29071198838827, "000000508602.png": 9.588000472506945, "000000215723.png": 6.4611922305831575, "000000335081.png": 8.194893096307442, "000000314034.png": 19.745145625239253, "000000503841.png": 13.147196283364877, "000000533855.png": 7.314238888373692, "000000011511.png": 6.4402274118065455, "000000570688.png": 9.930294615696946, "000000057027.png": 12.942499294872189, "000000192699.png": 10.48979466983789, "000000311789.png": 6.051674336399661, "000000310072.png": 11.150826080972022, "000000033109.png": 10.706841719467766, "000000389381.png": 15.944854339301385, "000000264968.png": 11.38827176548397, "000000092839.png": 6.466891280203356, "000000001000.png": 12.019525245707372, "000000329447.png": 12.708984629054651, "000000355610.png": 4.604856265266711, "000000336658.png": 11.363983542210816, "000000309938.png": 7.645765389778509, "000000232684.png": 0.953718687451275, "000000502599.png": 8.395435901103369, "000000231549.png": 4.855036436038068, "000000369037.png": 10.64185492917308, "000000308328.png": 8.008526720682235, "000000455981.png": 4.136429707813186, "000000468233.png": 3.7999201319814127, "000000284762.png": 7.847328715934405, "000000482585.png": 9.432586311112347, "000000135604.png": 22.666091112558448, "000000538067.png": 7.0284667716966025, "000000226662.png": 12.739898796646402, "000000311909.png": 12.83928331484868, "000000468954.png": 4.754690506957801, "000000250766.png": 12.197338144339245, "000000211042.png": 11.05945109620311, "000000097022.png": 8.601700357339507, "000000096001.png": 10.34937520224989, "000000238013.png": 7.655672419601826, "000000396863.png": 15.437366317148976, "000000173033.png": 5.813468913438842, "000000234779.png": 4.2571374006829465, "000000228942.png": 10.391911489368509, "000000400573.png": 9.970444665777968, "000000444879.png": 6.825043305301303, "000000133244.png": 15.237801924022364, "000000115118.png": 25.512133294125356, "000000505789.png": 17.299091332928967, "000000095786.png": 3.0241572481912202, "000000200421.png": 9.837725500522462, "000000269682.png": 3.643652004990528, "000000194940.png": 5.191764804634549, "000000532493.png": 14.525805141691151, "000000028285.png": 17.95390008253915, "000000102707.png": 8.552296764467506, "000000335177.png": 9.871705719646053, "000000361551.png": 9.357898857777231, "000000239537.png": 28.77888853076037, "000000061171.png": 14.241968010833476, "000000117908.png": 6.133698447234793, "000000127135.png": 19.375384253861455, "000000391375.png": 14.129410065876455, "000000451043.png": 7.144011748274203, "000000472623.png": 13.479598811622099, "000000027620.png": 7.504390436383833, "000000501243.png": 17.374307753584674, "000000342295.png": 9.928883556612863, "000000334417.png": 3.668149917610609, "000000434996.png": 5.100501926942924, "000000108440.png": 8.052904342626078, "000000076211.png": 9.392821755870424, "000000534601.png": 4.130141157263787, "000000177357.png": 18.12041551598806, "000000404479.png": 7.927940312057209, "000000104612.png": 11.60900130433655, "000000560279.png": 5.2330985400804835, "000000229111.png": 7.685881691080022, "000000474452.png": 7.5537387864122065, "000000183500.png": 6.62735912392757, "000000370486.png": 12.751025767022867, "000000167902.png": 12.439382403492521, "000000520659.png": 14.748241813824428, "000000346968.png": 3.864412120382199, "000000453708.png": 6.250978283612149, "000000138639.png": 14.441304656342238}