{"CXR1130_IM-0087-1001.png": 3.063332358648393, "CXR1126_IM-0082-1001.png": 2.101905258759875, "CXR1088_IM-0061-1001.png": 2.208863724932012, "CXR1071_IM-0051-2001.png": 1.0773571377108775, "CXR102_IM-0016-2001.png": 2.116168964609346, "CXR1113_IM-0078-1002.png": 2.4542461502144755, "CXR1141_IM-0096-1002.png": 2.3093023142091074, "CXR1128_IM-0084-6001.png": 2.3738294480154156, "CXR122_IM-0147-0001-0002.png": 2.2955159635826794, "CXR1211_IM-0142-1001.png": 2.645841366494133, "CXR1170_IM-0115-2001.png": 1.8180034857431957, "CXR1174_IM-0118-1001.png": 1.2344628233547221, "CXR118_IM-0123-2001.png": 1.7436914065504723, "CXR1229_IM-0152-2001.png": 2.400818284143154, "CXR1160_IM-0107-1001.png": 2.664649074725456, "CXR1165_IM-0110-1001.png": 2.181104513503509, "CXR1146_IM-0098-1001.png": 2.45635354641134, "CXR1152_IM-0103-1001.png": 0.8491944402159783, "CXR1142_IM-0096-2001.png": 1.7939095184903087, "CXR1153_IM-0104-1001.png": 3.2379260092074724, "CXR3171_IM-1494-1001.png": 2.315680551135961, "CXR3060_IM-1426-1003.png": 2.702682528868636, "CXR1278_IM-0185-1002.png": 1.9700640290824598, "CXR1300_IM-0198-2001.png": 1.8458781154646082, "CXR122_IM-0147-0001-0001.png": 2.8463260619233344, "CXR1372_IM-0239-2001.png": 1.5460732778068658, "CXR1235_IM-0158-1001.png": 1.9700989168452796, "CXR3058_IM-1425-2002.png": 2.704222021552806, "CXR3185_IM-1503-2001.png": 1.5454036174159875, "CXR3057_IM-1424-1001-0001.png": 1.9833737174989432, "CXR3096_IM-1448-3003.png": 2.370150017999634, "CXR3063_IM-1428-1001.png": 2.74309929291232, "CXR3262_IM-1548-3001.png": 2.7019067318188084, "CXR3194_IM-1505-2001.png": 0.9588116389509143, "CXR3267_IM-1551-2001.png": 1.4356929439189678, "CXR3255_IM-1543-2001.png": 2.1546298357140645, "CXR3256_IM-1543-2001.png": 1.2937589986341864, "CXR1381_IM-0245-2001.png": 1.1502454464924412, "CXR3379_IM-1627-2001.png": 1.3877597800817247, "CXR3292_IM-1572-2001.png": 1.6379835988205251, "CXR3330_IM-1594-1001.png": 1.9687761870704101, "CXR3369_IM-1621-2001.png": 1.458076410083234, "CXR3249_IM-1539-2001.png": 1.7760110811190883, "CXR3451_IM-1674-1001.png": 2.3627449589166862, "CXR3470_IM-1686-2001.png": 1.194325343884853, "CXR3415_IM-1650-1002.png": 2.0100606696958065, "CXR3442_IM-1667-2001.png": 1.4050733843892473, "CXR3385_IM-1632-2001.png": 2.0172305813392724, "CXR2178_IM-0790-3001.png": 1.8526901863239977, "CXR210_IM-0730-4001.png": 1.723144673058733, "CXR3439_IM-1664-1001.png": 1.9596044924494593, "CXR2087_IM-0718-3001.png": 1.9401167407613262, "CXR226_IM-0851-2001.png": 1.6091643271628753, "CXR208_IM-0711-1001.png": 2.615129824554884, "CXR2168_IM-0784-2001.png": 2.214529376980465, "CXR2228_IM-0831-1001.png": 2.7557844150794, "CXR2138_IM-0760-1001.png": 2.7671760038639754, "CXR2208_IM-0815-1002.png": 2.147390315997234, "CXR2123_IM-0748-1001.png": 2.6013017550299637, "CXR3836_IM-1939-2001.png": 1.0835628955661243, "CXR2259_IM-0850-2001.png": 1.5357967677312243, "CXR2246_IM-0843-2001.png": 1.053445127403151, "CXR2262_IM-0852-1001.png": 1.65498943387756, "CXR2239_IM-0836-1001.png": 2.3583682971690965, "CXR401_IM-2051-1001.png": 1.2793161906743382, "CXR3944_IM-2014-1001.png": 2.58537062663444, "CXR3931_IM-2003-3001.png": 1.375920044184875, "CXR3842_IM-1943-3003.png": 1.8508387040821255, "CXR2277_IM-0864-2001.png": 1.7907700538124216, "CXR433_IM-2073-2001.png": 1.651333228319778, "CXR436_IM-2076-1001-0001.png": 2.0105742733898704, "CXR3862_IM-1956-1001.png": 1.1187839534296995, "CXR427_IM-2070-2001.png": 2.1274336920548738, "CXR1402_IM-0257-1001.png": 2.4005350808556956, "CXR5_IM-2117-1003002.png": 2.4205113078990164, "CXR48_IM-2103-2001.png": 1.2500345226159637, "CXR470_IM-2099-2001.png": 1.065332317366162, "CXR459_IM-2090-1001.png": 1.1375777588747624, "CXR558_IM-2158-0001-0001.png": 2.8135700400212453, "CXR2528_IM-1044-1001.png": 2.3218407053204664, "CXR2740_IM-1195-1001.png": 2.0340356850681895, "CXR2059_IM-0696-2001.png": 1.244625784033598, "CXR524_IM-2135-0001-0001.png": 1.9243722474770515, "CXR531_IM-2140-2001.png": 2.100411932695372, "CXR1547_IM-0357-2001.png": 1.6764800729540015, "CXR1524_IM-0339-1001.png": 1.8083854898084282, "CXR609_IM-2197-2001.png": 1.429218463511416, "CXR3045_IM-1418-1001.png": 2.82906723786117, "CXR2301_IM-0881-1001.png": 0.861049187781001, "CXR1655_IM-0431-2001.png": 1.4618715605526091, "CXR1483_IM-0313-1001.png": 2.1535826982031825, "CXR3471_IM-1687-2002.png": 2.294654372679261, "CXR3830_IM-1933-1001.png": 1.9762079869293558, "CXR1666_IM-0440-0001-0001.png": 2.693668766551764, "CXR17_IM-0460-2001.png": 1.0475258704211343, "CXR1653_IM-0429-2001.png": 1.2449173411541292, "CXR163_IM-0410-3003.png": 2.405424999716096, "CXR1677_IM-0446-1001.png": 2.5149853490971843, "CXR1699_IM-0459-2001.png": 2.718087639796318, "CXR1706_IM-0466-1001.png": 2.620913679102225, "CXR1834_IM-0539-1002.png": 2.3220450456086517, "CXR1707_IM-0466-2001.png": 1.8767149781652361, "CXR1788_IM-0513-1001.png": 2.96514983300912, "CXR1966_IM-0629-1001.png": 2.4836536245472782, "CXR1881_IM-0570-2001.png": 1.3474036769695226, "CXR1975_IM-0634-1001.png": 1.7005780104469563, "CXR1934_IM-0604-1001.png": 2.632334211667627, "CXR1967_IM-0629-1001.png": 2.317044020062842, "CXR1945_IM-0614-2001.png": 2.3902724534944184, "CXR1840_IM-0545-1001.png": 2.563568831055167, "CXR2533_IM-1047-2001.png": 1.9229487164892107, "CXR2010_IM-0661-1001.png": 2.6547223305193475, "CXR2528_IM-1044-2001.png": 1.8473958631554663, "CXR1841_IM-0545-2001.png": 1.3475641183809082, "CXR2541_IM-1053-2001.png": 1.7366957495087483, "CXR2563_IM-1066-2001.png": 1.7077222591722299, "CXR2655_IM-1137-2001.png": 1.3305131461049404, "CXR2058_IM-0696-2002.png": 1.0384495178658188, "CXR2557_IM-1061-2001.png": 1.6471173653875502, "CXR19_IM-0583-3003.png": 1.9629970597489732, "CXR2679_IM-1153-2001.png": 1.3751389153080538, "CXR270_IM-1168-1001.png": 2.8982520766736255, "CXR2638_IM-1123-2001.png": 1.7516722575763704, "CXR2660_IM-1142-2001.png": 0.8565616443886676, "CXR2664_IM-1145-2001.png": 1.2975725774811373, "CXR2720_IM-1182-2001.png": 1.4877020459097219, "CXR3506_IM-1708-1001.png": 2.563797163303411, "CXR3491_IM-1698-1001.png": 2.921269316091902, "CXR2665_IM-1145-2001.png": 1.0961652505869675, "CXR267_IM-1147-1001.png": 1.2980862099895747, "CXR3543_IM-1735-2001.png": 1.8094335318137975, "CXR3565_IM-1750-2001.png": 1.7763510164472205, "CXR3490_IM-1697-1001.png": 2.1228182901868715, "CXR3566_IM-1751-1001.png": 1.8228433556240504, "CXR3500_IM-1706-2001.png": 1.1276370767211443, "CXR3639_IM-1804-1001.png": 1.661907010452016, "CXR3638_IM-1804-1001.png": 1.100141806402328, "CXR3532_IM-1726-1001.png": 1.5216176896210747, "CXR3544_IM-1736-2001.png": 1.226239429582467, "CXR3745_IM-1872-1001.png": 2.49326369413878, "CXR3733_IM-1866-1001.png": 1.2299696525069082, "CXR3612_IM-1785-2001.png": 1.878508839580629, "CXR3628_IM-1796-2001.png": 2.0807489491975937, "CXR3650_IM-1813-1001.png": 2.6958199451275853, "CXR3809_IM-1919-1002001.png": 2.5965378104063093, "CXR3727_IM-1863-2001.png": 1.92941831704411, "CXR3794_IM-1908-1002.png": 1.748938261191349, "CXR3783_IM-1898-1001.png": 1.1611065452910765, "CXR3768_IM-1887-2001.png": 1.5975684527932374, "CXR640_IM-2219-1001.png": 2.3538689154195613, "CXR634_IM-2214-1001.png": 2.1021573682246144, "CXR3821_IM-1929-2001.png": 1.8214453650695803, "CXR633_IM-2213-1001.png": 1.8230923970080875, "CXR3797_IM-1910-0001-0001.png": 1.3091673886451587, "CXR70_IM-2264-3001.png": 2.3159304342935445, "CXR647_IM-2225-2001.png": 1.378164851165998, "CXR651_IM-2229-1001.png": 2.152574184605598, "CXR682_IM-2253-2001.png": 1.8971589769642283, "CXR3824_IM-1931-1001.png": 1.4080414877885918, "CXR3827_IM-1932-1001.png": 1.5495140903965894, "CXR718_IM-2280-3001.png": 1.6483354220818456, "CXR935_IM-2432-1001.png": 2.579816306159565, "CXR756_IM-2307-4001.png": 1.3936302864399939, "CXR993_IM-2478-1001.png": 2.6885912690132616, "CXR2761_IM-1208-2001.png": 0.8312402454689644, "CXR892_IM-2403-1001.png": 3.1860141444184613, "CXR965_IM-2455-1001.png": 3.104677837235856,