{"CXR1113_IM-0078-1002.png": 2.097780339629967, "CXR102_IM-0016-2001.png": 1.7629163130583265, "CXR1071_IM-0051-2001.png": 1.0802330234315634, "CXR1088_IM-0061-1001.png": 2.3384792397114147, "CXR1126_IM-0082-1001.png": 2.1754806563198006, "CXR1130_IM-0087-1001.png": 3.1603001199259886, "CXR1153_IM-0104-1001.png": 3.044069561297765, "CXR1142_IM-0096-2001.png": 1.4647020596330245, "CXR1152_IM-0103-1001.png": 0.8275985784847051, "CXR1141_IM-0096-1002.png": 2.0147237423963804, "CXR1128_IM-0084-6001.png": 1.9773044026432522, "CXR1146_IM-0098-1001.png": 2.390920556403899, "CXR1165_IM-0110-1001.png": 2.003876875769209, "CXR1160_IM-0107-1001.png": 2.567821750571531, "CXR1229_IM-0152-2001.png": 2.1757219412067395, "CXR118_IM-0123-2001.png": 1.433894257200644, "CXR1174_IM-0118-1001.png": 1.2341473207446956, "CXR1170_IM-0115-2001.png": 1.8082647850751727, "CXR1211_IM-0142-1001.png": 2.7817080466134954, "CXR122_IM-0147-0001-0002.png": 2.2683814718492035, "CXR1235_IM-0158-1001.png": 2.100286689619768, "CXR1372_IM-0239-2001.png": 1.4702730142002132, "CXR122_IM-0147-0001-0001.png": 2.821786989906472, "CXR1300_IM-0198-2001.png": 1.7853301829966475, "CXR1278_IM-0185-1002.png": 1.5717128430254073, "CXR3060_IM-1426-1003.png": 2.606473727117006, "CXR3171_IM-1494-1001.png": 2.440554257396974, "CXR3096_IM-1448-3003.png": 2.105667434374867, "CXR3063_IM-1428-1001.png": 2.793738015614024, "CXR3057_IM-1424-1001-0001.png": 1.7101676728698496, "CXR3185_IM-1503-2001.png": 1.4717554192159807, "CXR3058_IM-1425-2002.png": 2.935535396974887, "CXR1381_IM-0245-2001.png": 0.9469944973955351, "CXR3256_IM-1543-2001.png": 1.2849258427612085, "CXR3255_IM-1543-2001.png": 2.051101735421207, "CXR3267_IM-1551-2001.png": 1.4449368197991788, "CXR3194_IM-1505-2001.png": 0.9538148113644229, "CXR3262_IM-1548-3001.png": 2.85306500541055, "CXR3249_IM-1539-2001.png": 1.616370164617944, "CXR3330_IM-1594-1001.png": 2.135915818731977, "CXR3369_IM-1621-2001.png": 1.4503115953776298, "CXR3292_IM-1572-2001.png": 1.5658240766195275, "CXR3379_IM-1627-2001.png": 1.4260219271655954, "CXR3385_IM-1632-2001.png": 1.9062622665007067, "CXR3442_IM-1667-2001.png": 1.4051874867570013, "CXR3470_IM-1686-2001.png": 1.1813684869799386, "CXR3415_IM-1650-1002.png": 1.9393966874942012, "CXR3451_IM-1674-1001.png": 2.2528911460615384, "CXR2087_IM-0718-3001.png": 1.9607228049785708, "CXR3439_IM-1664-1001.png": 1.9816834872050584, "CXR2178_IM-0790-3001.png": 1.6104679853635502, "CXR210_IM-0730-4001.png": 1.7190831903517818, "CXR2123_IM-0748-1001.png": 2.7021565255595545, "CXR2138_IM-0760-1001.png": 2.7282408990032327, "CXR2208_IM-0815-1002.png": 1.9058432285998144, "CXR2228_IM-0831-1001.png": 2.846728712502164, "CXR2168_IM-0784-2001.png": 1.8482868587931875, "CXR208_IM-0711-1001.png": 2.5258763888440487, "CXR226_IM-0851-2001.png": 1.6092506941439737, "CXR2239_IM-0836-1001.png": 2.0051425821371254, "CXR2262_IM-0852-1001.png": 1.6985414010365236, "CXR2246_IM-0843-2001.png": 0.9879495580758735, "CXR2259_IM-0850-2001.png": 1.535124707408394, "CXR3836_IM-1939-2001.png": 1.083456525209008, "CXR2277_IM-0864-2001.png": 1.635656286420858, "CXR3842_IM-1943-3003.png": 1.8206214703410595, "CXR3944_IM-2014-1001.png": 2.562159280999129, "CXR3931_IM-2003-3001.png": 1.388184438195566, "CXR401_IM-2051-1001.png": 1.3005276774551389, "CXR427_IM-2070-2001.png": 1.8517413856276308, "CXR3862_IM-1956-1001.png": 1.1077333642041094, "CXR433_IM-2073-2001.png": 1.6191813551222107, "CXR436_IM-2076-1001-0001.png": 1.880208378310992, "CXR459_IM-2090-1001.png": 1.117619685839923, "CXR470_IM-2099-2001.png": 0.9048686035553073, "CXR48_IM-2103-2001.png": 1.234180288739627, "CXR5_IM-2117-1003002.png": 2.4449966276676136, "CXR1402_IM-0257-1001.png": 2.3903053938850656, "CXR531_IM-2140-2001.png": 1.9236866083248383, "CXR524_IM-2135-0001-0001.png": 1.7152420154121795, "CXR558_IM-2158-0001-0001.png": 2.8382934322348676, "CXR2059_IM-0696-2001.png": 1.2403398523872153, "CXR2528_IM-1044-1001.png": 2.3414428023048015, "CXR2740_IM-1195-1001.png": 1.9950790646317293, "CXR2301_IM-0881-1001.png": 0.9682118363780982, "CXR3045_IM-1418-1001.png": 2.8061739549148355, "CXR609_IM-2197-2001.png": 1.3580894080684591, "CXR1524_IM-0339-1001.png": 1.797589240602716, "CXR1547_IM-0357-2001.png": 1.6718252912918499, "CXR3830_IM-1933-1001.png": 2.057497329921089, "CXR3471_IM-1687-2002.png": 2.327732030213386, "CXR1483_IM-0313-1001.png": 2.2283375677989503, "CXR1655_IM-0431-2001.png": 1.470833358202586, "CXR1699_IM-0459-2001.png": 2.194838877303469, "CXR1677_IM-0446-1001.png": 2.4479158762493536, "CXR163_IM-0410-3003.png": 2.205136583277933, "CXR1653_IM-0429-2001.png": 1.2145943493443536, "CXR1666_IM-0440-0001-0001.png": 2.645608338113667, "CXR17_IM-0460-2001.png": 1.1073916908667025, "CXR1788_IM-0513-1001.png": 2.9590954920689434, "CXR1707_IM-0466-2001.png": 1.5947086802368138, "CXR1834_IM-0539-1002.png": 2.026003086275908, "CXR1706_IM-0466-1001.png": 2.427352947613596, "CXR1840_IM-0545-1001.png": 2.5930369540979084, "CXR1945_IM-0614-2001.png": 2.116229638378006, "CXR1967_IM-0629-1001.png": 2.428286289099086, "CXR1934_IM-0604-1001.png": 2.5022163546633553, "CXR1975_IM-0634-1001.png": 1.7398519217345376, "CXR1881_IM-0570-2001.png": 1.3525379150737902, "CXR1966_IM-0629-1001.png": 2.363635108392673, "CXR1841_IM-0545-2001.png": 1.3463320372079943, "CXR2541_IM-1053-2001.png": 1.5389072191600335, "CXR2528_IM-1044-2001.png": 1.7294152740187516, "CXR2010_IM-0661-1001.png": 2.603535431857373, "CXR2533_IM-1047-2001.png": 1.7862702150173384, "CXR19_IM-0583-3003.png": 1.9783053392262484, "CXR2557_IM-1061-2001.png": 1.6325688575498496, "CXR2058_IM-0696-2002.png": 1.002601037466372, "CXR2655_IM-1137-2001.png": 1.323429776073908, "CXR2563_IM-1066-2001.png": 1.3895492078828269, "CXR2664_IM-1145-2001.png": 1.302480787696537, "CXR2638_IM-1123-2001.png": 1.6534545601188861, "CXR2660_IM-1142-2001.png": 0.7684555203155177, "CXR270_IM-1168-1001.png": 2.9434731704296775, "CXR2679_IM-1153-2001.png": 1.3554148838250262, "CXR267_IM-1147-1001.png": 1.3081080984861908, "CXR2665_IM-1145-2001.png": 0.9959904750703225, "CXR3491_IM-1698-1001.png": 3.015435685001332, "CXR2720_IM-1182-2001.png": 1.4751977485785042, "CXR3506_IM-1708-1001.png": 2.694702415070233, "CXR3500_IM-1706-2001.png": 1.1256510356136264, "CXR3490_IM-1697-1001.png": 2.172304688945646, "CXR3566_IM-1751-1001.png": 1.4826367957505402, "CXR3565_IM-1750-2001.png": 1.536405136191137, "CXR3543_IM-1735-2001.png": 1.8655073681000438, "CXR3544_IM-1736-2001.png": 1.2196771646950024, "CXR3532_IM-1726-1001.png": 1.5457430870677678, "CXR3639_IM-1804-1001.png": 1.6807860974969373, "CXR3638_IM-1804-1001.png": 1.0809434142398915, "CXR3650_IM-1813-1001.png": 2.82051052616563, "CXR3628_IM-1796-2001.png": 1.56633100321914, "CXR3612_IM-1785-2001.png": 1.7561145351425362, "CXR3733_IM-1866-1001.png": 1.2511474173297772, "CXR3745_IM-1872-1001.png": 2.48150663313076, "CXR3768_IM-1887-2001.png": 1.5757805971005194, "CXR3783_IM-1898-1001.png": 1.193078019850089, "CXR3727_IM-1863-2001.png": 1.7959213007433785, "CXR3794_IM-1908-1002.png": 1.6466476897062645, "CXR3809_IM-1919-1002001.png": 2.4534357221515144, "CXR3821_IM-1929-2001.png": 1.7553408098236933, "CXR3797_IM-1910-0001-0001.png": 1.2675042794104463, "CXR633_IM-2213-1001.png": 1.840564998427557, "CXR634_IM-2214-1001.png": 1.7347888318551183, "CXR640_IM-2219-1001.png": 2.451462802571665, "CXR3827_IM-1932-1001.png": 1.5865440366058758, "CXR3824_IM-1931-1001.png": 1.4075641745335419, "CXR682_IM-2253-2001.png": 1.577925133023329, "CXR651_IM-2229-1001.png": 2.172198291392788, "CXR647_IM-2225-2001.png": 1.3768815633862361, "CXR70_IM-2264-3001.png": 2.3094881698718073, "CXR756_IM-2307-4001.png": 1.3801920627389812, "CXR718_IM-2280-3001.png": 1.6453734795245831, "CXR935_IM-2432-1001.png": 2.552215847819757, "CXR899_IM-2407-1001.png": 2.515577157170455, "CXR776_IM-2319-1001.png": 1.3723953811670027, "CXR810_IM-2343-1001.png": 1.2710082749076368, "CXR801_IM-2335-2001.png": 2.039038782361604,