{"CXR118_IM-0123-2001.png": 2.6481169088346976, "CXR1229_IM-0152-2001.png": 3.138806744407196, "CXR1160_IM-0107-1001.png": 3.033625153023135, "CXR1165_IM-0110-1001.png": 2.7682847159797666, "CXR1113_IM-0078-1002.png": 3.547829404167644, "CXR1146_IM-0098-1001.png": 2.732890546763097, "CXR1128_IM-0084-6001.png": 3.5892203859067062, "CXR1141_IM-0096-1002.png": 3.2070741538733225, "CXR1152_IM-0103-1001.png": 0.9511204451624753, "CXR1142_IM-0096-2001.png": 2.7525662292038326, "CXR1153_IM-0104-1001.png": 3.899653103417247, "CXR1130_IM-0087-1001.png": 2.9126235332813017, "CXR1126_IM-0082-1001.png": 2.038815956506671, "CXR1088_IM-0061-1001.png": 1.911750933985135, "CXR1071_IM-0051-2001.png": 1.048599828166536, "CXR102_IM-0016-2001.png": 3.2174697671908747, "CXR3255_IM-1543-2001.png": 2.501746864352634, "CXR3256_IM-1543-2001.png": 1.339990546488406, "CXR1381_IM-0245-2001.png": 1.784840303073995, "CXR3058_IM-1425-2002.png": 2.2248342158132446, "CXR3185_IM-1503-2001.png": 1.7824689376675253, "CXR3057_IM-1424-1001-0001.png": 2.8478269104404794, "CXR3063_IM-1428-1001.png": 2.3952024148617364, "CXR3096_IM-1448-3003.png": 3.187953309629519, "CXR3171_IM-1494-1001.png": 2.0659249169162597, "CXR3060_IM-1426-1003.png": 3.0821826535605363, "CXR1278_IM-0185-1002.png": 3.1664925694653006, "CXR1300_IM-0198-2001.png": 2.090216935251811, "CXR122_IM-0147-0001-0001.png": 2.7025162854983056, "CXR1372_IM-0239-2001.png": 1.8365826268856043, "CXR1235_IM-0158-1001.png": 1.6475190285297827, "CXR122_IM-0147-0001-0002.png": 2.4685179599004914, "CXR1211_IM-0142-1001.png": 2.3997137764386087, "CXR1170_IM-0115-2001.png": 1.907643477645262, "CXR1174_IM-0118-1001.png": 1.3505941189492823, "CXR3369_IM-1621-2001.png": 1.423178416769039, "CXR3330_IM-1594-1001.png": 1.5484696551658303, "CXR3249_IM-1539-2001.png": 2.3199779822654225, "CXR3262_IM-1548-3001.png": 2.364620119138476, "CXR3194_IM-1505-2001.png": 0.9823000773482368, "CXR3267_IM-1551-2001.png": 1.4678764388341135, "CXR3470_IM-1686-2001.png": 1.2602222264831946, "CXR3442_IM-1667-2001.png": 1.409088508401176, "CXR3385_IM-1632-2001.png": 2.3876399608626633, "CXR3379_IM-1627-2001.png": 1.2975933987879658, "CXR3292_IM-1572-2001.png": 1.9001196439438222, "CXR2123_IM-0748-1001.png": 2.3960579078321183, "CXR210_IM-0730-4001.png": 1.7373323032673758, "CXR2178_IM-0790-3001.png": 2.609888398843815, "CXR3439_IM-1664-1001.png": 1.9857593204682729, "CXR2087_IM-0718-3001.png": 1.8189362136651384, "CXR3451_IM-1674-1001.png": 2.7798767582742343, "CXR3415_IM-1650-1002.png": 2.254268035757741, "CXR226_IM-0851-2001.png": 1.6100559175024096, "CXR2239_IM-0836-1001.png": 3.4389695827611058, "CXR208_IM-0711-1001.png": 2.9858009301528763, "CXR2168_IM-0784-2001.png": 3.3379523102371365, "CXR2228_IM-0831-1001.png": 2.640321018525391, "CXR2138_IM-0760-1001.png": 3.0228550356513293, "CXR2208_IM-0815-1002.png": 2.8941059482162967, "CXR3842_IM-1943-3003.png": 1.9898126971744394, "CXR2277_IM-0864-2001.png": 2.355862800853047, "CXR3836_IM-1939-2001.png": 1.1329214110215395, "CXR2259_IM-0850-2001.png": 1.5477299901051533, "CXR2246_IM-0843-2001.png": 1.3081137415718767, "CXR2262_IM-0852-1001.png": 1.6402925957464367, "CXR3862_IM-1956-1001.png": 1.2211240494031954, "CXR427_IM-2070-2001.png": 2.960990764673488, "CXR401_IM-2051-1001.png": 1.2723097079735997, "CXR3944_IM-2014-1001.png": 2.7425505946673887, "CXR3931_IM-2003-3001.png": 1.3501169443144625, "CXR1402_IM-0257-1001.png": 2.440094945964529, "CXR5_IM-2117-1003002.png": 2.5057708309545212, "CXR48_IM-2103-2001.png": 1.4431630743851351, "CXR470_IM-2099-2001.png": 1.5622089354702333, "CXR459_IM-2090-1001.png": 1.2417644387785953, "CXR436_IM-2076-1001-0001.png": 2.501384209382468, "CXR433_IM-2073-2001.png": 1.78989020071095, "CXR2528_IM-1044-1001.png": 2.363854150442105, "CXR2059_IM-0696-2001.png": 1.1840222971114385, "CXR558_IM-2158-0001-0001.png": 2.485148162259309, "CXR524_IM-2135-0001-0001.png": 2.6065176093566915, "CXR531_IM-2140-2001.png": 2.6843537555188397, "CXR3830_IM-1933-1001.png": 1.8384191573604354, "CXR1547_IM-0357-2001.png": 1.7748343922760752, "CXR1524_IM-0339-1001.png": 1.7694980390849844, "CXR3045_IM-1418-1001.png": 3.0550953937265852, "CXR609_IM-2197-2001.png": 1.6997096154887166, "CXR2301_IM-0881-1001.png": 0.6385085185223448, "CXR2740_IM-1195-1001.png": 2.2231773736526717, "CXR1699_IM-0459-2001.png": 4.2450402064117245, "CXR1655_IM-0431-2001.png": 1.316666074752206, "CXR1483_IM-0313-1001.png": 2.037424812140626, "CXR3471_IM-1687-2002.png": 2.3027333556548015, "CXR1834_IM-0539-1002.png": 3.216112216506885, "CXR1707_IM-0466-2001.png": 2.775454008655728, "CXR1788_IM-0513-1001.png": 3.114105448192879, "CXR17_IM-0460-2001.png": 0.954530716226096, "CXR1666_IM-0440-0001-0001.png": 2.6480992552384284, "CXR163_IM-0410-3003.png": 3.0194438760079505, "CXR1653_IM-0429-2001.png": 1.3591825482286104, "CXR1677_IM-0446-1001.png": 2.905261791951942, "CXR1881_IM-0570-2001.png": 1.3400748738418364, "CXR1975_IM-0634-1001.png": 1.6593499965485308, "CXR1934_IM-0604-1001.png": 3.079762639299004, "CXR1967_IM-0629-1001.png": 1.9693514389930584, "CXR1945_IM-0614-2001.png": 3.2959446661334035, "CXR1840_IM-0545-1001.png": 2.442711918189739, "CXR1706_IM-0466-1001.png": 3.2872737472811435, "CXR2533_IM-1047-2001.png": 2.367675184930785, "CXR2010_IM-0661-1001.png": 2.9209617452644245, "CXR2528_IM-1044-2001.png": 2.258276965968876, "CXR2541_IM-1053-2001.png": 2.3608730691023014, "CXR1841_IM-0545-2001.png": 1.2915867411302182, "CXR1966_IM-0629-1001.png": 2.926435988331762, "CXR2664_IM-1145-2001.png": 1.2369101660146211, "CXR2563_IM-1066-2001.png": 2.6916451087157207, "CXR2655_IM-1137-2001.png": 1.355767067656472, "CXR2058_IM-0696-2002.png": 1.189578898869396, "CXR2557_IM-1061-2001.png": 1.764737673228617, "CXR19_IM-0583-3003.png": 2.0231720765469436, "CXR267_IM-1147-1001.png": 1.362029264302241, "CXR2679_IM-1153-2001.png": 1.4565096728599058, "CXR270_IM-1168-1001.png": 2.8921274290882937, "CXR2660_IM-1142-2001.png": 1.1421477880338204, "CXR2638_IM-1123-2001.png": 2.077714981832804, "CXR3490_IM-1697-1001.png": 2.079689723825098, "CXR3500_IM-1706-2001.png": 1.1087586837013936, "CXR2720_IM-1182-2001.png": 1.4313505471832144, "CXR3506_IM-1708-1001.png": 2.3002025106983317, "CXR3491_IM-1698-1001.png": 2.7946525182312567, "CXR2665_IM-1145-2001.png": 1.4207431256742573, "CXR3639_IM-1804-1001.png": 1.6553564222425332, "CXR3532_IM-1726-1001.png": 1.5384787730131173, "CXR3544_IM-1736-2001.png": 1.1956162830172687, "CXR3543_IM-1735-2001.png": 1.715638320548565, "CXR3565_IM-1750-2001.png": 2.5138102552040937, "CXR3566_IM-1751-1001.png": 2.880223177796266, "CXR3768_IM-1887-2001.png": 1.7474869345409192, "CXR3745_IM-1872-1001.png": 2.640846333322614, "CXR3612_IM-1785-2001.png": 2.297595203435992, "CXR3733_IM-1866-1001.png": 1.1431179656683557, "CXR3628_IM-1796-2001.png": 3.5384891084918015, "CXR3650_IM-1813-1001.png": 2.4870229924531397, "CXR3638_IM-1804-1001.png": 1.0777568667902728, "CXR3821_IM-1929-2001.png": 2.056492055882079, "CXR3809_IM-1919-1002001.png": 3.154330449318831, "CXR3794_IM-1908-1002.png": 2.114967321603321, "CXR3727_IM-1863-2001.png": 2.4060705105305438, "CXR3783_IM-1898-1001.png": 1.118529237081178, "CXR3827_IM-1932-1001.png": 1.4740593133648923, "CXR640_IM-2219-1001.png": 2.1177969859227983, "CXR634_IM-2214-1001.png": 3.244425134775304, "CXR633_IM-2213-1001.png": 1.7535047177132506, "CXR3797_IM-1910-0001-0001.png": 1.4520869186668202, "CXR70_IM-2264-3001.png": 2.327006072849757, "CXR756_IM-2307-4001.png": 1.424055169776006, "CXR647_IM-2225-2001.png": 1.3135906245116722, "CXR651_IM-2229-1001.png": 2.1492904855316506, "CXR682_IM-2253-2001.png": 2.845717028419244, "CXR3824_IM-1931-1001.png": 1.510052426579594, "CXR801_IM-2335-2001.png": 3.1551422628910464, "CXR810_IM-2343-1001.png": 1.346744361132747, "CXR776_IM-2319-1001.png": 1.503664613497883, "CXR899_IM-2407-1001.png": 2.0515763865621612, "CXR718_IM-2280-3001.png": 1.6758796044119322, "CXR935_IM-2432-1001.png": 2.739761854578836,