{"CXR102_IM-0016-2001.png": 3.041916931807342, "CXR1113_IM-0078-1002.png": 3.3748996679591703, "CXR1130_IM-0087-1001.png": 2.924640884254734, "CXR1235_IM-0158-1001.png": 1.6929535996236553, "CXR122_IM-0147-0001-0002.png": 2.4354304002934, "CXR1211_IM-0142-1001.png": 2.42623435074939, "CXR1170_IM-0115-2001.png": 1.8904105472689874, "CXR1174_IM-0118-1001.png": 1.3226093790684597, "CXR118_IM-0123-2001.png": 2.5076012250261894, "CXR1229_IM-0152-2001.png": 3.0166658435937213, "CXR1160_IM-0107-1001.png": 2.967564384381233, "CXR1165_IM-0110-1001.png": 2.671519738796469, "CXR1146_IM-0098-1001.png": 2.6841205608757086, "CXR1128_IM-0084-6001.png": 3.391485907267027, "CXR1141_IM-0096-1002.png": 3.0600927969869964, "CXR1152_IM-0103-1001.png": 0.9288333991073924, "CXR1142_IM-0096-2001.png": 2.602978966080458, "CXR1153_IM-0104-1001.png": 3.785278848871762, "CXR1126_IM-0082-1001.png": 2.036046690495352, "CXR1088_IM-0061-1001.png": 1.9522639254951286, "CXR1071_IM-0051-2001.png": 1.0475313489331304, "CXR3063_IM-1428-1001.png": 2.4511562627053824, "CXR3096_IM-1448-3003.png": 3.0581333772729127, "CXR3171_IM-1494-1001.png": 2.0971226025919067, "CXR3060_IM-1426-1003.png": 3.016230237628482, "CXR1278_IM-0185-1002.png": 2.976873504627265, "CXR1300_IM-0198-2001.png": 2.0462573344330917, "CXR122_IM-0147-0001-0001.png": 2.732957197091345, "CXR1372_IM-0239-2001.png": 1.7833852886548287, "CXR3267_IM-1551-2001.png": 1.4527679650778664, "CXR3255_IM-1543-2001.png": 2.444158964117529, "CXR3256_IM-1543-2001.png": 1.3302015794878987, "CXR3058_IM-1425-2002.png": 2.2847332210825475, "CXR1381_IM-0245-2001.png": 1.6807079027637046, "CXR3185_IM-1503-2001.png": 1.747165741537536, "CXR3057_IM-1424-1001-0001.png": 2.706792190225512, "CXR3330_IM-1594-1001.png": 1.609562081158834, "CXR3249_IM-1539-2001.png": 2.229744172524174, "CXR3262_IM-1548-3001.png": 2.4151267217421877, "CXR3194_IM-1505-2001.png": 0.9701733380950913, "CXR3470_IM-1686-2001.png": 1.241155954732285, "CXR3442_IM-1667-2001.png": 1.403375403940548, "CXR3369_IM-1621-2001.png": 1.428232500920006, "CXR3385_IM-1632-2001.png": 2.3258242478697237, "CXR3379_IM-1627-2001.png": 1.3084631130778996, "CXR3292_IM-1572-2001.png": 1.8575069452966655, "CXR2123_IM-0748-1001.png": 2.4213290097206928, "CXR210_IM-0730-4001.png": 1.7282016906979774, "CXR2178_IM-0790-3001.png": 2.488786884490882, "CXR3439_IM-1664-1001.png": 1.97521104464924, "CXR2087_IM-0718-3001.png": 1.8410196266194006, "CXR3451_IM-1674-1001.png": 2.70627380509686, "CXR3415_IM-1650-1002.png": 2.213479736336608, "CXR2239_IM-0836-1001.png": 3.261985614616708, "CXR226_IM-0851-2001.png": 1.6069489772316277, "CXR208_IM-0711-1001.png": 2.918514878395626, "CXR2168_IM-0784-2001.png": 3.1575442187762364, "CXR2228_IM-0831-1001.png": 2.6466547713590782, "CXR2208_IM-0815-1002.png": 2.768557508169826, "CXR2138_IM-0760-1001.png": 2.9735224499431787, "CXR3842_IM-1943-3003.png": 1.9630834942009203, "CXR2277_IM-0864-2001.png": 2.263561770190229, "CXR3836_IM-1939-2001.png": 1.1220514701562843, "CXR2259_IM-0850-2001.png": 1.5445337647120774, "CXR2246_IM-0843-2001.png": 1.262340023098367, "CXR2262_IM-0852-1001.png": 1.6319225988136377, "CXR3862_IM-1956-1001.png": 1.2004106255071243, "CXR427_IM-2070-2001.png": 2.831334219940945, "CXR401_IM-2051-1001.png": 1.2666393350620253, "CXR3931_IM-2003-3001.png": 1.3475747885709821, "CXR3944_IM-2014-1001.png": 2.7089531250417287, "CXR5_IM-2117-1003002.png": 2.4859412275773156, "CXR48_IM-2103-2001.png": 1.405322867463557, "CXR470_IM-2099-2001.png": 1.480470688366108, "CXR459_IM-2090-1001.png": 1.2165713063136605, "CXR436_IM-2076-1001-0001.png": 2.4173592484466324, "CXR433_IM-2073-2001.png": 1.7646131943081547, "CXR524_IM-2135-0001-0001.png": 2.495034943794821, "CXR558_IM-2158-0001-0001.png": 2.529774558457265, "CXR531_IM-2140-2001.png": 2.589163398628394, "CXR1402_IM-0257-1001.png": 2.4262585869565707, "CXR1547_IM-0357-2001.png": 1.7537844916701597, "CXR1524_IM-0339-1001.png": 1.782990711658215, "CXR609_IM-2197-2001.png": 1.6558296852687335, "CXR3045_IM-1418-1001.png": 3.008252312579541, "CXR2059_IM-0696-2001.png": 1.1894621598935085, "CXR2528_IM-1044-1001.png": 2.348906631108981, "CXR2740_IM-1195-1001.png": 2.1888752778342035, "CXR2301_IM-0881-1001.png": 0.6640402268115202, "CXR1677_IM-0446-1001.png": 2.817899583649593, "CXR1483_IM-0313-1001.png": 2.0489867839588234, "CXR1699_IM-0459-2001.png": 4.007146797421674, "CXR1655_IM-0431-2001.png": 1.341783847299458, "CXR3471_IM-1687-2002.png": 2.2939127182464367, "CXR3830_IM-1933-1001.png": 1.8509606046393883, "CXR1834_IM-0539-1002.png": 3.075021003218123, "CXR1707_IM-0466-2001.png": 2.6307764544135277, "CXR1788_IM-0513-1001.png": 3.08111617947288, "CXR1666_IM-0440-0001-0001.png": 2.656361643973036, "CXR17_IM-0460-2001.png": 0.9627901696781559, "CXR1653_IM-0429-2001.png": 1.3389722150414884, "CXR163_IM-0410-3003.png": 2.9238251301096883, "CXR1975_IM-0634-1001.png": 1.6543668074213296, "CXR1934_IM-0604-1001.png": 3.002913667680173, "CXR1967_IM-0629-1001.png": 2.021913290493228, "CXR1945_IM-0614-2001.png": 3.1452367380059414, "CXR1840_IM-0545-1001.png": 2.4520006315458764, "CXR1706_IM-0466-1001.png": 3.1769903086128495, "CXR2533_IM-1047-2001.png": 2.2939533288478775, "CXR2010_IM-0661-1001.png": 2.871050761417648, "CXR2528_IM-1044-2001.png": 2.1878450632204434, "CXR2541_IM-1053-2001.png": 2.262201667961696, "CXR1841_IM-0545-2001.png": 1.2980116925020149, "CXR1966_IM-0629-1001.png": 2.8484310837692157, "CXR1881_IM-0570-2001.png": 1.3414616333539235, "CXR2563_IM-1066-2001.png": 2.5335250611515887, "CXR2655_IM-1137-2001.png": 1.3508338113757878, "CXR2058_IM-0696-2002.png": 1.1647047566911533, "CXR19_IM-0583-3003.png": 2.007528255085573, "CXR2557_IM-1061-2001.png": 1.7396902912027623, "CXR2679_IM-1153-2001.png": 1.4431855240301208, "CXR270_IM-1168-1001.png": 2.883261309571164, "CXR2660_IM-1142-2001.png": 1.0910821017725798, "CXR2638_IM-1123-2001.png": 2.026196204597399, "CXR2664_IM-1145-2001.png": 1.242969499268807, "CXR3500_IM-1706-2001.png": 1.1098884116949914, "CXR3506_IM-1708-1001.png": 2.331634938797307, "CXR2720_IM-1182-2001.png": 1.437189626253348, "CXR3491_IM-1698-1001.png": 2.8029983306707513, "CXR2665_IM-1145-2001.png": 1.3643393388963514, "CXR267_IM-1147-1001.png": 1.344472676314764, "CXR3532_IM-1726-1001.png": 1.5275277849922595, "CXR3544_IM-1736-2001.png": 1.1979899301732764, "CXR3543_IM-1735-2001.png": 1.7237991234185208, "CXR3565_IM-1750-2001.png": 2.3946783845002, "CXR3566_IM-1751-1001.png": 2.7141376683375826, "CXR3490_IM-1697-1001.png": 2.0804749769483113, "CXR3612_IM-1785-2001.png": 2.232093382252906, "CXR3650_IM-1813-1001.png": 2.507065045496086, "CXR3628_IM-1796-2001.png": 3.306832333215113, "CXR3638_IM-1804-1001.png": 1.0844657549901882, "CXR3639_IM-1804-1001.png": 1.6448244400554162, "CXR3727_IM-1863-2001.png": 2.324539848641301, "CXR3783_IM-1898-1001.png": 1.116467004445608, "CXR3768_IM-1887-2001.png": 1.722000991594413, "CXR3745_IM-1872-1001.png": 2.609449338039036, "CXR3733_IM-1866-1001.png": 1.1516565030493071, "CXR634_IM-2214-1001.png": 3.0565913464650163, "CXR3797_IM-1910-0001-0001.png": 1.433370297320556, "CXR633_IM-2213-1001.png": 1.7613643301939903, "CXR3821_IM-1929-2001.png": 2.0192630644381135, "CXR3809_IM-1919-1002001.png": 3.0610944051328386, "CXR3794_IM-1908-1002.png": 2.052150857015565, "CXR70_IM-2264-3001.png": 2.319488523155656, "CXR647_IM-2225-2001.png": 1.3290210930907038, "CXR651_IM-2229-1001.png": 2.145417501367631, "CXR682_IM-2253-2001.png": 2.696380139474377, "CXR3824_IM-1931-1001.png": 1.4806409367162194, "CXR3827_IM-1932-1001.png": 1.4801591912911465, "CXR640_IM-2219-1001.png": 2.1475297001762317, "CXR810_IM-2343-1001.png": 1.3231668257190412, "CXR776_IM-2319-1001.png": 1.4977720624393316, "CXR899_IM-2407-1001.png": 2.0942497451926387, "CXR935_IM-2432-1001.png": 2.7047094165276784, "CXR718_IM-2280-3001.png": 1.6710287124854115, "CXR756_IM-2307-4001.png": 1.406669667637878, "CXR2814_IM-1239-1001.png": 0.8786199996329075, "CXR984_IM-2471-2001.png": 0.8430180151032204,