{"000000001000.png": 13.973492739979466, "000000011511.png": 17.24614956054178, "000000010363.png": 12.819136205198907, "000000007816.png": 8.728782133292835, "000000006040.png": 18.125821896012518, "000000004795.png": 8.20204485875337, "000000013923.png": 10.397660481505909, "000000019924.png": 12.852059383157972, "000000012639.png": 12.044294079621615, "000000032817.png": 7.0362217620749075, "000000030504.png": 11.562188812328147, "000000028285.png": 13.374843619533218, "000000027620.png": 9.805362833848884, "000000047121.png": 5.850653769735601, "000000044652.png": 2.0007332139209435, "000000034071.png": 6.679915840696345, "000000033109.png": 14.903912171050006, "000000060932.png": 18.059752177915627, "000000049761.png": 7.619658299703826, "000000057027.png": 14.027003044288977, "000000051008.png": 14.17698306017765, "000000074733.png": 10.598897750163243, "000000068765.png": 14.624265194723339, "000000061171.png": 13.480795158152022, "000000092839.png": 8.134098763882506, "000000086483.png": 19.26756986361155, "000000085195.png": 5.504233534589481, "000000076211.png": 8.241610653288078, "000000097022.png": 9.684616258746164, "000000100510.png": 13.988091756623566, "000000096001.png": 7.029739474468326, "000000095786.png": 4.809900938151025, "000000093437.png": 10.855276694468772, "000000104612.png": 16.642718337569015, "000000108440.png": 16.37587091474559, "000000102707.png": 11.04727344253944, "000000102411.png": 14.23575900727128, "000000117908.png": 8.381334432145323, "000000115118.png": 21.296108396522715, "000000109313.png": 7.2737459940635425, "000000133244.png": 12.998344795027563, "000000126216.png": 21.183109345445335, "000000127135.png": 14.943171661607586, "000000136915.png": 10.084409249481434, "000000135604.png": 12.39079901525495, "000000135561.png": 7.978208479854963, "000000147745.png": 13.681976837192186, "000000144706.png": 6.168444281052529, "000000138639.png": 17.34028521956286, "000000167902.png": 15.577273517856012, "000000167572.png": 16.116056726108194, "000000167159.png": 9.423261167386178, "000000148719.png": 15.415878627665883, "000000174004.png": 15.419078435868057, "000000173033.png": 5.661891526880489, "000000170595.png": 4.97435025193502, "000000180751.png": 10.547055958275553, "000000177357.png": 10.696152932281429, "000000176037.png": 17.055391341902673, "000000186296.png": 13.006425052192862, "000000187144.png": 9.3007178116252, "000000183500.png": 5.333592108006153, "000000186282.png": 8.3153072666161, "000000192964.png": 19.93076570055629, "000000192716.png": 10.933018456507124, "000000192699.png": 14.66387314302147, "000000190923.png": 13.856548881523395, "000000190853.png": 6.007071214404234, "000000201426.png": 10.326972985325016, "000000198960.png": 23.203677416270178, "000000194940.png": 8.859655741365899, "000000210032.png": 11.365814581382926, "000000209613.png": 19.809143690866566, "000000204329.png": 3.6576635852152597, "000000200421.png": 16.095607428570688, "000000226662.png": 20.244461370858367, "000000221017.png": 10.276793470108228, "000000215723.png": 9.4657424973559, "000000211042.png": 13.29964001209563, "000000231125.png": 9.677259119702933, "000000229216.png": 12.799504523306084, "000000229111.png": 6.871191274619741, "000000228942.png": 14.60261303979625, "000000239773.png": 8.024448375370323, "000000239537.png": 6.586208516780295, "000000238013.png": 9.117249094428965, "000000234779.png": 5.140100132868054, "000000232684.png": 11.131237674836754, "000000231549.png": 6.261194060804892, "000000264968.png": 9.208177384505756, "000000255401.png": 8.488314812259551, "000000252716.png": 10.938831357324712, "000000252701.png": 7.617686460893011, "000000250766.png": 13.063845175219743, "000000249786.png": 7.685991136262517, "000000286422.png": 4.831697716777266, "000000284762.png": 7.7631077994363435, "000000271471.png": 7.65382098163879, "000000269682.png": 7.753190500359459, "000000269866.png": 8.0048456243705, "000000269314.png": 8.716198325835627, "000000292024.png": 10.035917490253318, "000000291664.png": 9.851466973298134, "000000289059.png": 7.334909302080762, "000000291619.png": 21.65588707965949, "000000308328.png": 10.693012481831266, "000000307074.png": 11.354954950774037, "000000306437.png": 13.257522712395872, "000000303653.png": 14.645318972451925, "000000294831.png": 7.544573140587174, "000000294783.png": 15.474982045949957, "000000309391.png": 20.800730063852537, "000000319935.png": 11.922820925545619, "000000369037.png": 16.82846092005003, "000000362434.png": 11.3377312926966, "000000361551.png": 6.641606915981109, "000000361919.png": 7.536312597754723, "000000351589.png": 16.665868347372605, "000000355610.png": 4.709119415343338, "000000347265.png": 17.34401289051432, "000000351559.png": 13.372156269448991, "000000346968.png": 5.24155776477378, "000000343496.png": 16.231526583887366, "000000342295.png": 9.62036967251562, "000000337987.png": 13.115595659528495, "000000335081.png": 11.38167750061729, "000000336658.png": 17.761647519399798, "000000335177.png": 13.927762599859705, "000000334417.png": 4.722928898440657, "000000329447.png": 14.740728135980415, "000000328238.png": 16.06470636931675, "000000309938.png": 9.56732942590165, "000000310862.png": 6.665809985412393, "000000310072.png": 15.041078175469979, "000000311789.png": 10.134418705948756, "000000314034.png": 15.687196429480075, "000000311909.png": 18.40405380743954, "000000438955.png": 14.96356030113827, "000000434996.png": 6.968898099723665, "000000439623.png": 10.110845276891634, "000000444879.png": 10.649850431474846, "000000451043.png": 3.8984836786023394, "000000451693.png": 6.235454746874141, "000000377814.png": 7.23010964744584, "000000370486.png": 17.528864860789806, "000000458255.png": 8.084662793375424, "000000468124.png": 10.740983856519708, "000000455981.png": 9.672042814668231, "000000453708.png": 12.492226771022558, "000000453341.png": 9.955899780734246, "000000452515.png": 5.464044049867004, "000000451714.png": 9.658298439023387, "000000380203.png": 19.18025326306026, "000000389381.png": 10.639683831413823, "000000391375.png": 21.7261938863055, "000000386912.png": 16.004787487719906, "000000396863.png": 21.941876992364094, "000000395903.png": 15.381415415292032, "000000402118.png": 5.835125536501426, "000000400573.png": 9.2257395157474, "000000399462.png": 13.424053012933307, "000000404479.png": 4.693923076255128, "000000411530.png": 15.980384349509697, "000000413395.png": 7.034036062309478, "000000414034.png": 9.326751572803323, "000000414795.png": 11.370934887455022, "000000537053.png": 11.609499516791521, "000000535578.png": 17.12032969969881, "000000534601.png": 6.036325511730044, "000000532575.png": 13.333056480639359, "000000533855.png": 9.421207240932857, "000000532493.png": 10.533470885616548, "000000514914.png": 5.091789676239233, "000000522889.png": 8.267949193937634, "000000520659.png": 17.02127508139131, "000000516143.png": 11.129959162797448, "000000508602.png": 14.427976354237718, "000000506310.png": 15.318087426383228, "000000505789.png": 19.671874869792077, "000000503841.png": 10.838343648434623, "000000504389.png": 14.223151714859133, "000000502599.png": 12.976360217836298, "000000501243.png": 17.341444028923824, "000000482585.png": 11.85558292027702, "000000477689.png": 11.451672144510448, "000000479596.png": 9.853203505831335, "000000477623.png": 11.168857773927352, "000000474452.png": 9.326231912303877, "000000472623.png": 16.439264513873574, "000000468954.png": 6.43534421080187, "000000468632.png": 15.252713353284467, "000000468233.png": 5.690788346899437, "000000575500.png": 9.319096080883597, "000000565607.png": 23.189987702131162, "000000561465.png": 10.63892058629062, "000000570688.png": 10.806575743061632, "000000560279.png": 6.7120312182105275, "000000538067.png": 8.45531605202944, "000000556158.png": 10.012384726343514, "000000079188.png": 9.741716853875468}