{"000000079188.png": 8.97246966845651, "000000337987.png": 9.647453207306134, "000000004795.png": 8.683048819383213, "000000386912.png": 7.781535269046763, "000000458255.png": 3.5086969039253058, "000000012639.png": 11.626006369852332, "000000347265.png": 11.877272100610288, "000000049761.png": 8.802358260032378, "000000201426.png": 8.421925743693429, "000000294783.png": 7.341672262808169, "000000310862.png": 5.427350802031379, "000000229216.png": 7.540881474270646, "000000186296.png": 7.0091394251819485, "000000561465.png": 4.658779399125621, "000000395903.png": 14.321137929592545, "000000438955.png": 11.793932921018527, "000000147745.png": 10.514292445655693, "000000051008.png": 7.8648700571584715, "000000109313.png": 7.594871080117684, "000000204329.png": 5.89207729444617, "000000271471.png": 3.215330671262847, "000000575500.png": 7.012298277027824, "000000477623.png": 10.268592716148888, "000000209613.png": 9.740944906295512, "000000086483.png": 10.862061449315023, "000000093437.png": 7.409421508624488, "000000126216.png": 16.188409315784938, "000000565607.png": 17.28646441575346, "000000343496.png": 11.762472865187236, "000000309391.png": 13.510383416043389, "000000411530.png": 13.41538512386453, "000000135561.png": 3.9440670958803627, "000000535578.png": 11.33091050497379, "000000328238.png": 13.434534232794437, "000000414034.png": 5.1058488270309335, "000000294831.png": 3.783938548127982, "000000291619.png": 4.4799253650063, "000000522889.png": 5.465836759656549, "000000032817.png": 5.06662485429384, "000000210032.png": 8.17973979728512, "000000414795.png": 9.667540302281557, "000000192716.png": 9.719976539089473, "000000249786.png": 7.705984013175605, "000000286422.png": 5.546947077272051, "000000060932.png": 7.5331602535643585, "000000516143.png": 7.56071175121924, "000000176037.png": 9.63531691980542, "000000221017.png": 8.431772822146405, "000000399462.png": 11.342997665386092, "000000167159.png": 4.941167322742816, "000000044652.png": 1.5182525275343275, "000000167572.png": 6.404622975155931, "000000136915.png": 6.411537680633524, "000000413395.png": 6.15124771681728, "000000504389.png": 8.400294779577127, "000000186282.png": 3.705280538287638, "000000010363.png": 4.954612717040636, "000000377814.png": 5.759362113307326, "000000532575.png": 6.298990591985823, "000000085195.png": 8.07469910371351, "000000144706.png": 5.047217567267889, "000000362434.png": 6.952205060091664, "000000269866.png": 6.287477246246261, "000000514914.png": 6.745438144079886, "000000170595.png": 5.173287040127093, "000000506310.png": 6.846971814125944, "000000255401.png": 7.674274696447997, "000000187144.png": 7.320849393995826, "000000013923.png": 10.306722346784706, "000000402118.png": 3.5105723765232226, "000000537053.png": 9.281369195829999, "000000074733.png": 6.814928291744063, "000000192964.png": 3.88272845220314, "000000451693.png": 6.240295781755278, "000000174004.png": 12.020559238997027, "000000239773.png": 4.404369577444286, "000000303653.png": 8.865318277214378, "000000034071.png": 1.673942915663553, "000000451714.png": 8.808444361769496, "000000319935.png": 6.675308947161335, "000000190923.png": 8.415880571423417, "000000252716.png": 8.921784242528112, "000000100510.png": 9.150246304944256, "000000148719.png": 11.06419051917198, "000000468124.png": 8.696383809519798, "000000180751.png": 7.825465045729783, "000000198960.png": 17.660651232900545, "000000068765.png": 6.158346286030749, "000000361919.png": 6.624574406646881, "000000289059.png": 4.695340155939023, "000000452515.png": 4.327312924060918, "000000306437.png": 4.671444611063554, "000000006040.png": 8.380741013328914, "000000190853.png": 3.5986440841497562, "000000231125.png": 7.859599991301539, "000000252701.png": 9.955429723785219, "000000453341.png": 8.375014950129227, "000000477689.png": 8.614137634854375, "000000556158.png": 8.243129320086886, "000000291664.png": 11.70719628731448, "000000439623.png": 7.419567323354201, "000000269314.png": 7.04799947063353, "000000307074.png": 6.9731651847472556, "000000380203.png": 7.316016503626512, "000000468632.png": 11.516229071422824, "000000047121.png": 4.022867100221209, "000000351559.png": 4.512494025453019, "000000292024.png": 5.677510666402662, "000000030504.png": 9.025464897005943, "000000351589.png": 6.07341855990409, "000000479596.png": 8.353425828107696, "000000102411.png": 10.59888501274397, "000000019924.png": 11.56817443824879, "000000007816.png": 7.279187441053684, "000000508602.png": 10.15644092768512, "000000215723.png": 4.590935358226736, "000000335081.png": 6.620657515444448, "000000314034.png": 10.642829244483087, "000000503841.png": 8.801707905559388, "000000533855.png": 4.296731109451795, "000000011511.png": 7.574471005869865, "000000570688.png": 9.169251632774975, "000000057027.png": 8.111268295892918, "000000192699.png": 9.087593487272892, "000000311789.png": 3.1602835812229944, "000000310072.png": 9.68349356377764, "000000033109.png": 7.451188162116692, "000000389381.png": 9.87113118197934, "000000264968.png": 7.703658829535169, "000000092839.png": 5.845318585155616, "000000001000.png": 10.331740911908058, "000000329447.png": 10.619200164073682, "000000355610.png": 3.882104288554381, "000000336658.png": 5.590524080294303, "000000309938.png": 6.8679957135307514, "000000232684.png": 1.7952684783296433, "000000502599.png": 9.303501732692661, "000000231549.png": 4.752896971707114, "000000369037.png": 5.992620598890572, "000000308328.png": 7.067850372491991, "000000455981.png": 3.6958698961117746, "000000468233.png": 2.9978353059525698, "000000284762.png": 8.961668055579967, "000000482585.png": 7.478596137045388, "000000135604.png": 11.228059482545051, "000000538067.png": 7.441693508768476, "000000226662.png": 8.295927170028031, "000000311909.png": 9.406147923255782, "000000468954.png": 4.773108641541481, "000000250766.png": 10.099062901024649, "000000211042.png": 6.086886217448947, "000000097022.png": 5.163341611965773, "000000096001.png": 8.49160392123417, "000000238013.png": 4.975209986191887, "000000396863.png": 13.79580000899865, "000000173033.png": 6.646517344237257, "000000234779.png": 3.678655605683214, "000000228942.png": 8.08749134966056, "000000400573.png": 6.967684666852629, "000000444879.png": 7.979075665451795, "000000133244.png": 8.93878191347174, "000000115118.png": 13.18692135184919, "000000505789.png": 14.406970734884613, "000000095786.png": 3.4495104265040313, "000000200421.png": 5.177815441646481, "000000269682.png": 3.0422480223303934, "000000194940.png": 4.584947174223266, "000000532493.png": 11.829632045921036, "000000028285.png": 7.608922711443498, "000000102707.png": 8.394275659033658, "000000335177.png": 10.166209424931187, "000000361551.png": 6.225331152590185, "000000239537.png": 8.348781899361713, "000000061171.png": 11.202977171713036, "000000117908.png": 5.358638871614351, "000000127135.png": 13.420695499642733, "000000391375.png": 4.700095414430091, "000000451043.png": 9.682905072271362, "000000472623.png": 8.488916168892173, "000000027620.png": 7.336581485119948, "000000501243.png": 11.077916351475874, "000000342295.png": 7.89148448857059, "000000334417.png": 3.349394281086897, "000000434996.png": 4.148746019785787, "000000108440.png": 8.68458920176685, "000000076211.png": 6.649321531055491, "000000534601.png": 4.439825372357233, "000000177357.png": 10.041715059082934, "000000404479.png": 4.287895143376461, "000000104612.png": 7.101589878939927, "000000560279.png": 6.1527991277355225, "000000229111.png": 3.034384199757075, "000000474452.png": 6.218795880086091, "000000183500.png": 5.884470200438865, "000000370486.png": 9.702071476047962, "000000167902.png": 8.958275656821998, "000000520659.png": 10.79483868310282, "000000346968.png": 3.1629745165558627, "000000453708.png": 4.721933073616186, "000000138639.png": 10.225442678889312}