{"000000115118.png": 14.110709552174724, "000000226662.png": 9.231060289289847, "000000455981.png": 3.293653286502636, "000000538067.png": 6.33992119948634, "000000135604.png": 10.736885796531713, "000000369037.png": 5.997900891387103, "000000468233.png": 3.0595815757136613, "000000482585.png": 6.5838251149781035, "000000309391.png": 14.127272517993518, "000000343496.png": 10.735242876663005, "000000565607.png": 16.546746632230345, "000000126216.png": 16.20677206026949, "000000204329.png": 3.230769716964239, "000000575500.png": 6.141954614945138, "000000109313.png": 6.412769330019259, "000000209613.png": 11.345084776857599, "000000284762.png": 6.136939200804587, "000000308328.png": 6.511976357319182, "000000231549.png": 4.0246544960547626, "000000502599.png": 7.7142160682681, "000000093437.png": 7.739100213440943, "000000271471.png": 3.5162791219028837, "000000086483.png": 10.884273149000535, "000000477623.png": 8.411379150801856, "000000051008.png": 6.727268610240975, "000000147745.png": 8.194774931575703, "000000232684.png": 1.6936420672720172, "000000011511.png": 7.476658257494721, "000000047121.png": 2.9306273804036063, "000000079188.png": 7.110449780536738, "000000411530.png": 11.755350473208802, "000000516143.png": 7.033445844204448, "000000239773.png": 4.510368191376266, "000000144706.png": 4.571550386492851, "000000452515.png": 3.7070633886604996, "000000438955.png": 10.146776566576975, "000000391375.png": 5.897398278441457, "000000309938.png": 6.00706049926417, "000000336658.png": 6.461433326107542, "000000355610.png": 3.379407913825545, "000000329447.png": 10.29176478937625, "000000311789.png": 3.485797830999811, "000000310072.png": 9.381306724718284, "000000001000.png": 9.97554718697424, "000000264968.png": 6.839650784961364, "000000389381.png": 8.68694541022408, "000000057027.png": 8.621913127829961, "000000192699.png": 8.94963294001011, "000000092839.png": 5.62873612473559, "000000033109.png": 7.327392348174095, "000000570688.png": 7.202791510191438, "000000174004.png": 12.422425057394916, "000000170595.png": 3.6851703837367187, "000000074733.png": 6.360944654927712, "000000537053.png": 9.57336433019483, "000000192964.png": 4.391558596872231, "000000451693.png": 5.64274562905864, "000000514914.png": 4.544249824778828, "000000255401.png": 5.733624747432421, "000000013923.png": 6.908723680156783, "000000506310.png": 6.839428948226516, "000000269866.png": 5.2774456821185876, "000000402118.png": 3.557962842201478, "000000187144.png": 6.118079654103095, "000000362434.png": 6.7140228075686075, "000000034071.png": 1.7501409729870232, "000000180751.png": 6.985287397183, "000000451714.png": 7.110526675292524, "000000252716.png": 8.141759392123, "000000198960.png": 18.12514693665592, "000000319935.png": 6.39789165565998, "000000032817.png": 4.542277740177136, "000000294831.png": 3.9583547808282393, "000000136915.png": 6.129555961642038, "000000085195.png": 4.481662355040704, "000000010363.png": 5.901404585304041, "000000221017.png": 7.790938762786068, "000000413395.png": 4.787679233053938, "000000504389.png": 8.539029453325417, "000000044652.png": 1.4524986590515376, "000000532575.png": 5.962839513984229, "000000399462.png": 11.087973923577819, "000000167572.png": 6.968109133043682, "000000377814.png": 5.045958867318023, "000000186282.png": 3.809667899721905, "000000167159.png": 5.22708264763311, "000000176037.png": 10.706877467013507, "000000533855.png": 4.322099696009249, "000000503841.png": 8.276447955692237, "000000335081.png": 6.601909240514887, "000000351589.png": 6.682044038005414, "000000030504.png": 7.786711979896579, "000000102411.png": 8.91508446917831, "000000007816.png": 6.796802760285442, "000000314034.png": 10.964576439053682, "000000215723.png": 4.655464169066834, "000000508602.png": 9.299561786412363, "000000479596.png": 7.693713267973929, "000000019924.png": 8.221498129468845, "000000292024.png": 5.949893667090113, "000000351559.png": 4.3515118636645775, "000000060932.png": 7.710842404254981, "000000286422.png": 4.15940289457083, "000000192716.png": 7.89877350351714, "000000291619.png": 5.2427268816044865, "000000328238.png": 13.080120248680704, "000000249786.png": 5.872475365333325, "000000535578.png": 12.459761100180451, "000000414034.png": 5.206114836825441, "000000210032.png": 7.4284342993924195, "000000414795.png": 8.626853470328582, "000000522889.png": 5.112597884976365, "000000135561.png": 3.933989728995314, "000000458255.png": 3.573350978982763, "000000294783.png": 7.71082615102648, "000000229216.png": 7.832182331017797, "000000561465.png": 4.948126195888695, "000000395903.png": 12.683767136903075, "000000310862.png": 4.056392286072406, "000000186296.png": 7.842166401175902, "000000347265.png": 11.30814851258139, "000000049761.png": 7.4794801793147645, "000000004795.png": 6.964277427811939, "000000148719.png": 11.61566526416824, "000000100510.png": 9.08436035194697, "000000361919.png": 5.583711121105846, "000000468124.png": 7.720520358594296, "000000289059.png": 4.2861851198014564, "000000190923.png": 8.369630439508219, "000000068765.png": 5.94405597825767, "000000303653.png": 9.606246138041287, "000000386912.png": 7.874967201040739, "000000201426.png": 7.7803349045979715, "000000012639.png": 11.140074097191741, "000000337987.png": 9.408517209018463, "000000238013.png": 4.976607002814707, "000000250766.png": 8.887295119531387, "000000211042.png": 6.545841510117908, "000000097022.png": 5.282850376293225, "000000468954.png": 4.184140017345657, "000000228942.png": 7.703156688977001, "000000400573.png": 6.711145943610366, "000000396863.png": 13.567257787076887, "000000444879.png": 6.9354922033892095, "000000234779.png": 3.4662915028205243, "000000096001.png": 6.43078952709848, "000000532493.png": 10.089177225747818, "000000102707.png": 7.533538653894096, "000000095786.png": 2.793931101544942, "000000520659.png": 11.025426670703288, "000000138639.png": 9.99850926045319, "000000183500.png": 4.027355118477734, "000000474452.png": 5.71550211255286, "000000505789.png": 13.898034689533992, "000000239537.png": 7.575815242800391, "000000361551.png": 5.542099701033148, "000000028285.png": 8.13016626730465, "000000117908.png": 5.04765050470453, "000000194940.png": 4.5219135441384894, "000000534601.png": 3.855199300244882, "000000560279.png": 4.8530001090180575, "000000108440.png": 8.50327959852757, "000000472623.png": 9.09151951231082, "000000451043.png": 5.135566077860991, "000000501243.png": 11.301780434057964, "000000027620.png": 6.353352138235486, "000000104612.png": 7.62637560964396, "000000334417.png": 2.788474388322992, "000000434996.png": 4.038404487983748, "000000342295.png": 6.801263524348917, "000000370486.png": 9.645986252715456, "000000453708.png": 4.812199908938446, "000000167902.png": 9.306181250080693, "000000346968.png": 3.0081529239222013, "000000404479.png": 3.663632006295831, "000000177357.png": 9.460166855161777, "000000076211.png": 5.697435338978548, "000000229111.png": 3.5011597261188236, "000000307074.png": 6.590363457026671, "000000269314.png": 5.971375924970215, "000000006040.png": 8.670629875895735, "000000556158.png": 7.4474005646706685, "000000439623.png": 6.961430460644544, "000000380203.png": 8.516040793423647, "000000477689.png": 7.048792142529544, "000000252701.png": 7.802445370641741, "000000306437.png": 4.919391631111415, "000000468632.png": 11.78975241093283, "000000291664.png": 9.17953556559733, "000000190853.png": 3.4429120811951326, "000000133244.png": 9.08269507067585, "000000173033.png": 4.15447559441837, "000000311909.png": 9.742988533010038, "000000127135.png": 12.696743862012317, "000000061171.png": 10.82699038095882, "000000200421.png": 5.818616915317217, "000000335177.png": 9.244092453736167, "000000269682.png": 3.331214747631239, "000000453341.png": 7.418355469938142, "000000231125.png": 6.5222285061680365}