{"CXR1113_IM-0078-1002.png": 1.9381100976510237, "CXR102_IM-0016-2001.png": 1.682315183076025, "CXR1071_IM-0051-2001.png": 0.9705825474504859, "CXR1088_IM-0061-1001.png": 2.1496457668082645, "CXR1126_IM-0082-1001.png": 1.9120248827597945, "CXR1130_IM-0087-1001.png": 2.6562837839583993, "CXR1153_IM-0104-1001.png": 2.8661509626919246, "CXR1142_IM-0096-2001.png": 1.3211017967362588, "CXR1152_IM-0103-1001.png": 0.6183691069380132, "CXR1141_IM-0096-1002.png": 1.8912534394109273, "CXR1128_IM-0084-6001.png": 1.832506034328802, "CXR1146_IM-0098-1001.png": 2.1287512562318724, "CXR1165_IM-0110-1001.png": 1.8220124532634887, "CXR1160_IM-0107-1001.png": 2.352184815966479, "CXR1229_IM-0152-2001.png": 1.9596444098131687, "CXR118_IM-0123-2001.png": 1.2762227563565995, "CXR1174_IM-0118-1001.png": 1.1037889244519046, "CXR1170_IM-0115-2001.png": 1.6535439106799568, "CXR1211_IM-0142-1001.png": 2.460605262083589, "CXR122_IM-0147-0001-0002.png": 1.923581245792589, "CXR1235_IM-0158-1001.png": 1.900290037074236, "CXR1372_IM-0239-2001.png": 1.3492908836140107, "CXR122_IM-0147-0001-0001.png": 2.472938782561753, "CXR1300_IM-0198-2001.png": 1.5778597744049807, "CXR1278_IM-0185-1002.png": 1.4376769098080036, "CXR3060_IM-1426-1003.png": 2.3981245562897118, "CXR3171_IM-1494-1001.png": 1.9674751219800786, "CXR3096_IM-1448-3003.png": 1.6614203190637762, "CXR3063_IM-1428-1001.png": 2.5988138966973855, "CXR3057_IM-1424-1001-0001.png": 1.5462138492672235, "CXR3185_IM-1503-2001.png": 1.3319337687348114, "CXR3058_IM-1425-2002.png": 2.4911677205851523, "CXR1381_IM-0245-2001.png": 0.8211347904463276, "CXR3256_IM-1543-2001.png": 1.197909637469801, "CXR3255_IM-1543-2001.png": 1.8418726518095636, "CXR3267_IM-1551-2001.png": 1.3770990458287333, "CXR3194_IM-1505-2001.png": 0.7710699502878318, "CXR3262_IM-1548-3001.png": 2.6450796986413074, "CXR3249_IM-1539-2001.png": 1.4335864337380697, "CXR3330_IM-1594-1001.png": 1.946451569011823, "CXR3369_IM-1621-2001.png": 1.197796153262962, "CXR3292_IM-1572-2001.png": 1.4194955142510626, "CXR3379_IM-1627-2001.png": 1.268516808837861, "CXR3385_IM-1632-2001.png": 1.7354641403182558, "CXR3442_IM-1667-2001.png": 1.3192471926247809, "CXR3470_IM-1686-2001.png": 0.7378586754870298, "CXR3415_IM-1650-1002.png": 1.666053415816091, "CXR3451_IM-1674-1001.png": 1.890990113166876, "CXR2087_IM-0718-3001.png": 1.8553760121447136, "CXR3439_IM-1664-1001.png": 1.738128867619374, "CXR2178_IM-0790-3001.png": 1.4810604015089879, "CXR210_IM-0730-4001.png": 1.592578002860842, "CXR2123_IM-0748-1001.png": 2.536992994522, "CXR2138_IM-0760-1001.png": 2.422848124043733, "CXR2208_IM-0815-1002.png": 1.6727011901246995, "CXR2228_IM-0831-1001.png": 2.3338969692943436, "CXR2168_IM-0784-2001.png": 1.6950407559888299, "CXR208_IM-0711-1001.png": 2.386099176458701, "CXR226_IM-0851-2001.png": 1.535547578056542, "CXR2239_IM-0836-1001.png": 1.9013022592481936, "CXR2262_IM-0852-1001.png": 1.437815306296656, "CXR2246_IM-0843-2001.png": 0.8767451434785192, "CXR2259_IM-0850-2001.png": 1.360269465762591, "CXR3836_IM-1939-2001.png": 0.9581201725598505, "CXR2277_IM-0864-2001.png": 1.5190392402877366, "CXR3842_IM-1943-3003.png": 1.4172647955598907, "CXR3944_IM-2014-1001.png": 2.404764269408731, "CXR3931_IM-2003-3001.png": 1.2476161463367288, "CXR401_IM-2051-1001.png": 1.079337354079526, "CXR427_IM-2070-2001.png": 1.7497723477044138, "CXR3862_IM-1956-1001.png": 0.9831226664691962, "CXR433_IM-2073-2001.png": 1.4972097120611707, "CXR436_IM-2076-1001-0001.png": 1.7628567562493909, "CXR459_IM-2090-1001.png": 0.939842878618476, "CXR470_IM-2099-2001.png": 0.8243544121698889, "CXR48_IM-2103-2001.png": 0.9790880816405304, "CXR5_IM-2117-1003002.png": 2.2501210428782303, "CXR1402_IM-0257-1001.png": 2.143582001485237, "CXR531_IM-2140-2001.png": 1.8350335624988423, "CXR524_IM-2135-0001-0001.png": 1.556929593727415, "CXR558_IM-2158-0001-0001.png": 2.226760931968254, "CXR2059_IM-0696-2001.png": 1.029449413515162, "CXR2528_IM-1044-1001.png": 2.1247505755413183, "CXR2740_IM-1195-1001.png": 1.7953995612466713, "CXR2301_IM-0881-1001.png": 0.6071276327867636, "CXR3045_IM-1418-1001.png": 2.5572915015816475, "CXR609_IM-2197-2001.png": 1.1334082256757445, "CXR1524_IM-0339-1001.png": 1.5994042539375455, "CXR1547_IM-0357-2001.png": 1.5077861507233774, "CXR3830_IM-1933-1001.png": 1.894569387557401, "CXR3471_IM-1687-2002.png": 1.916768411050794, "CXR1483_IM-0313-1001.png": 1.963256380724206, "CXR1655_IM-0431-2001.png": 1.1954623955876404, "CXR1699_IM-0459-2001.png": 2.0269577424148757, "CXR1677_IM-0446-1001.png": 1.4400927833338166, "CXR163_IM-0410-3003.png": 1.755280972804627, "CXR1653_IM-0429-2001.png": 1.0839955202069598, "CXR1666_IM-0440-0001-0001.png": 2.043423261576034, "CXR17_IM-0460-2001.png": 0.7431658278945972, "CXR1788_IM-0513-1001.png": 2.691489367753728, "CXR1707_IM-0466-2001.png": 1.420780031234231, "CXR1834_IM-0539-1002.png": 1.8500874395785676, "CXR1706_IM-0466-1001.png": 2.3657861352157097, "CXR1840_IM-0545-1001.png": 2.3959051235589355, "CXR1945_IM-0614-2001.png": 1.8861632703918996, "CXR1967_IM-0629-1001.png": 2.034546086058713, "CXR1934_IM-0604-1001.png": 2.2727092418178, "CXR1975_IM-0634-1001.png": 1.3170277744771555, "CXR1881_IM-0570-2001.png": 1.2567555955742304, "CXR1966_IM-0629-1001.png": 2.14513358277391, "CXR1841_IM-0545-2001.png": 0.9422795761817622, "CXR2541_IM-1053-2001.png": 1.4948910195693972, "CXR2528_IM-1044-2001.png": 1.5557587968893531, "CXR2010_IM-0661-1001.png": 2.391493073119303, "CXR2533_IM-1047-2001.png": 1.6239309748464776, "CXR19_IM-0583-3003.png": 1.658345142777734, "CXR2557_IM-1061-2001.png": 1.472964169595909, "CXR2058_IM-0696-2002.png": 0.8370813000589213, "CXR2655_IM-1137-2001.png": 1.1231235737749887, "CXR2563_IM-1066-2001.png": 1.236203458353265, "CXR2664_IM-1145-2001.png": 1.2157251863742757, "CXR2638_IM-1123-2001.png": 1.5190487200661076, "CXR2660_IM-1142-2001.png": 0.6975742999729585, "CXR270_IM-1168-1001.png": 2.7037752253459737, "CXR2679_IM-1153-2001.png": 1.264295827750188, "CXR267_IM-1147-1001.png": 1.1353217967875981, "CXR2665_IM-1145-2001.png": 0.7837127528665764, "CXR3491_IM-1698-1001.png": 2.804821325127382, "CXR2720_IM-1182-2001.png": 1.1313490623393223, "CXR3506_IM-1708-1001.png": 2.4459544365555654, "CXR3500_IM-1706-2001.png": 0.7970146552562927, "CXR3490_IM-1697-1001.png": 1.9005131081291824, "CXR3566_IM-1751-1001.png": 1.3404957419994186, "CXR3565_IM-1750-2001.png": 1.4426717099632596, "CXR3543_IM-1735-2001.png": 1.699402781057513, "CXR3544_IM-1736-2001.png": 0.9556610010560822, "CXR3532_IM-1726-1001.png": 1.2336787925387978, "CXR3639_IM-1804-1001.png": 1.1475423931343773, "CXR3638_IM-1804-1001.png": 0.9684607332076963, "CXR3650_IM-1813-1001.png": 2.486902558430248, "CXR3628_IM-1796-2001.png": 1.424038685829177, "CXR3612_IM-1785-2001.png": 1.6230379500008367, "CXR3733_IM-1866-1001.png": 1.1093150771577909, "CXR3745_IM-1872-1001.png": 2.2396799309738538, "CXR3768_IM-1887-2001.png": 1.0599798985324804, "CXR3783_IM-1898-1001.png": 1.0531050101935404, "CXR3727_IM-1863-2001.png": 1.6584461928684502, "CXR3794_IM-1908-1002.png": 1.56090573822802, "CXR3809_IM-1919-1002001.png": 2.307760967318995, "CXR3821_IM-1929-2001.png": 1.6320627164817232, "CXR3797_IM-1910-0001-0001.png": 0.996658923509893, "CXR633_IM-2213-1001.png": 1.6914808386218498, "CXR634_IM-2214-1001.png": 1.5764750451421443, "CXR640_IM-2219-1001.png": 1.992621155585578, "CXR3827_IM-1932-1001.png": 1.0429424007747097, "CXR3824_IM-1931-1001.png": 1.12407636824264, "CXR682_IM-2253-2001.png": 1.451429792526693, "CXR651_IM-2229-1001.png": 1.9229311716327047, "CXR647_IM-2225-2001.png": 1.157757143270184, "CXR70_IM-2264-3001.png": 1.7739460001091893, "CXR756_IM-2307-4001.png": 1.3293503571849625, "CXR718_IM-2280-3001.png": 1.5254768444571984, "CXR935_IM-2432-1001.png": 2.4189359655457827, "CXR899_IM-2407-1001.png": 2.2981147636610544, "CXR776_IM-2319-1001.png": 1.217170592604579, "CXR810_IM-2343-1001.png": 1.0039021003757838, "CXR801_IM-2335-2001.png": 1.9026357724638017,