{"CXR1130_IM-0087-1001.png": 3.150684633336515, "CXR1126_IM-0082-1001.png": 2.2238962958877933, "CXR1088_IM-0061-1001.png": 2.3624888019546346, "CXR1071_IM-0051-2001.png": 1.083318109811032, "CXR102_IM-0016-2001.png": 1.8937113946042206, "CXR1113_IM-0078-1002.png": 2.0569172032666962, "CXR1165_IM-0110-1001.png": 2.0424728786472715, "CXR1146_IM-0098-1001.png": 2.4343224562015586, "CXR1128_IM-0084-6001.png": 2.032758380207139, "CXR1141_IM-0096-1002.png": 2.07758477751407, "CXR1152_IM-0103-1001.png": 0.7968277085247768, "CXR1142_IM-0096-2001.png": 1.4424712483786954, "CXR1153_IM-0104-1001.png": 3.158953507877081, "CXR122_IM-0147-0001-0002.png": 2.0407037596356217, "CXR1211_IM-0142-1001.png": 2.4628654340965386, "CXR1170_IM-0115-2001.png": 1.8747695735926577, "CXR1174_IM-0118-1001.png": 1.283803133376376, "CXR118_IM-0123-2001.png": 1.4464678502926391, "CXR1229_IM-0152-2001.png": 2.25960613630721, "CXR1160_IM-0107-1001.png": 2.568547157143088, "CXR3171_IM-1494-1001.png": 1.9939425316104782, "CXR1278_IM-0185-1002.png": 1.5914274543046112, "CXR3060_IM-1426-1003.png": 2.5381074340427743, "CXR1300_IM-0198-2001.png": 1.7238407699809897, "CXR122_IM-0147-0001-0001.png": 2.6207170910543103, "CXR1372_IM-0239-2001.png": 1.4621435442663877, "CXR1235_IM-0158-1001.png": 2.097731480004691, "CXR3256_IM-1543-2001.png": 1.3313234217106915, "CXR1381_IM-0245-2001.png": 0.9610929008853125, "CXR3058_IM-1425-2002.png": 2.977620492853952, "CXR3185_IM-1503-2001.png": 1.4576427594877626, "CXR3057_IM-1424-1001-0001.png": 1.724307911033665, "CXR3063_IM-1428-1001.png": 2.8584306247675606, "CXR3096_IM-1448-3003.png": 1.9434237565545156, "CXR3369_IM-1621-2001.png": 1.5333108134872413, "CXR3330_IM-1594-1001.png": 2.123767416000593, "CXR3249_IM-1539-2001.png": 1.6327075259139887, "CXR3262_IM-1548-3001.png": 2.904183055206257, "CXR3194_IM-1505-2001.png": 0.9289235834581381, "CXR3267_IM-1551-2001.png": 1.5312733277225765, "CXR3255_IM-1543-2001.png": 2.01136322082432, "CXR3415_IM-1650-1002.png": 1.8796144093844285, "CXR3470_IM-1686-2001.png": 1.2762539662187211, "CXR3442_IM-1667-2001.png": 1.4941916872668002, "CXR3385_IM-1632-2001.png": 1.9398792146010577, "CXR3379_IM-1627-2001.png": 1.423499724077624, "CXR3292_IM-1572-2001.png": 1.547728629330295, "CXR2228_IM-0831-1001.png": 2.5643071587751285, "CXR2208_IM-0815-1002.png": 1.7921783913332519, "CXR2138_IM-0760-1001.png": 2.799290686259032, "CXR2123_IM-0748-1001.png": 2.7973789533050972, "CXR210_IM-0730-4001.png": 1.8325803347854688, "CXR2178_IM-0790-3001.png": 1.6309064913580844, "CXR2087_IM-0718-3001.png": 2.1187820292573365, "CXR3451_IM-1674-1001.png": 2.0872858223471624, "CXR3439_IM-1664-1001.png": 2.02339230190251, "CXR2246_IM-0843-2001.png": 1.0120501807421571, "CXR2262_IM-0852-1001.png": 1.8324617954407099, "CXR2239_IM-0836-1001.png": 2.131001273196635, "CXR226_IM-0851-2001.png": 1.703627510276661, "CXR208_IM-0711-1001.png": 2.6086455614716124, "CXR2168_IM-0784-2001.png": 1.9137649358682867, "CXR401_IM-2051-1001.png": 1.401386524250191, "CXR3931_IM-2003-3001.png": 1.490644929862318, "CXR3842_IM-1943-3003.png": 1.6582049721516219, "CXR3944_IM-2014-1001.png": 2.6361537724986297, "CXR2277_IM-0864-2001.png": 1.6594236410599132, "CXR3836_IM-1939-2001.png": 1.080223032041081, "CXR2259_IM-0850-2001.png": 1.5277309250483924, "CXR470_IM-2099-2001.png": 0.9294033146367706, "CXR436_IM-2076-1001-0001.png": 1.9327704647001118, "CXR459_IM-2090-1001.png": 1.1558743005186012, "CXR433_IM-2073-2001.png": 1.6550306047742056, "CXR3862_IM-1956-1001.png": 1.1209554640294597, "CXR427_IM-2070-2001.png": 1.8877941996602083, "CXR558_IM-2158-0001-0001.png": 2.4545459744451343, "CXR524_IM-2135-0001-0001.png": 1.6907149400063906, "CXR531_IM-2140-2001.png": 1.9970681552603557, "CXR1402_IM-0257-1001.png": 2.405369737902829, "CXR5_IM-2117-1003002.png": 2.5545236491093966, "CXR48_IM-2103-2001.png": 1.2484033880192025, "CXR1547_IM-0357-2001.png": 1.6404884042041084, "CXR1524_IM-0339-1001.png": 1.868627344897529, "CXR609_IM-2197-2001.png": 1.360329572254582, "CXR3045_IM-1418-1001.png": 2.8868145640799083, "CXR2301_IM-0881-1001.png": 0.7639511238935888, "CXR2740_IM-1195-1001.png": 2.02728955870436, "CXR2528_IM-1044-1001.png": 2.333879455677345, "CXR2059_IM-0696-2001.png": 1.2397837070809339, "CXR163_IM-0410-3003.png": 2.03764607022684, "CXR1677_IM-0446-1001.png": 2.501841354354478, "CXR1699_IM-0459-2001.png": 2.2967161255002977, "CXR1655_IM-0431-2001.png": 1.5024330435153934, "CXR1483_IM-0313-1001.png": 2.165438560237907, "CXR3471_IM-1687-2002.png": 2.309533728119784, "CXR3830_IM-1933-1001.png": 2.075390189092289, "CXR1840_IM-0545-1001.png": 2.651555830247086, "CXR1706_IM-0466-1001.png": 2.670492940073234, "CXR1834_IM-0539-1002.png": 2.058986787080641, "CXR1707_IM-0466-2001.png": 1.649730762613366, "CXR1788_IM-0513-1001.png": 3.077115034436844, "CXR1666_IM-0440-0001-0001.png": 2.3822113341760858, "CXR17_IM-0460-2001.png": 0.9230176514144871, "CXR1653_IM-0429-2001.png": 1.2031718664796314, "CXR1966_IM-0629-1001.png": 2.4292145613413885, "CXR1881_IM-0570-2001.png": 1.4443873967340621, "CXR1975_IM-0634-1001.png": 1.8687122210047367, "CXR1934_IM-0604-1001.png": 2.5716532564964427, "CXR1967_IM-0629-1001.png": 2.5065966097461665, "CXR1945_IM-0614-2001.png": 2.0801703117390042, "CXR19_IM-0583-3003.png": 1.9370474358007765, "CXR2533_IM-1047-2001.png": 1.7735965870123331, "CXR2010_IM-0661-1001.png": 2.4187127286137207, "CXR2528_IM-1044-2001.png": 1.736508441799165, "CXR2541_IM-1053-2001.png": 1.6484097756934204, "CXR1841_IM-0545-2001.png": 1.438344374011999, "CXR2660_IM-1142-2001.png": 0.7988152148119094, "CXR2638_IM-1123-2001.png": 1.6584306288025288, "CXR2664_IM-1145-2001.png": 1.382308991483322, "CXR2563_IM-1066-2001.png": 1.421615743811205, "CXR2655_IM-1137-2001.png": 1.3651636607448827, "CXR2058_IM-0696-2002.png": 0.9422469578296694, "CXR2557_IM-1061-2001.png": 1.590613966060426, "CXR2720_IM-1182-2001.png": 1.5822545277900726, "CXR3491_IM-1698-1001.png": 3.097456899781703, "CXR2665_IM-1145-2001.png": 0.9103741790072145, "CXR267_IM-1147-1001.png": 1.3254639230945993, "CXR2679_IM-1153-2001.png": 1.3957309699742086, "CXR270_IM-1168-1001.png": 3.0084593091587775, "CXR3544_IM-1736-2001.png": 1.269491061948937, "CXR3543_IM-1735-2001.png": 1.9033279253353292, "CXR3565_IM-1750-2001.png": 1.570762107932589, "CXR3566_IM-1751-1001.png": 1.54942900811496, "CXR3490_IM-1697-1001.png": 2.1229962010116106, "CXR3500_IM-1706-2001.png": 1.2136160099852225, "CXR3506_IM-1708-1001.png": 2.7075893741718366, "CXR3612_IM-1785-2001.png": 1.7919195341142053, "CXR3628_IM-1796-2001.png": 1.6389452806610132, "CXR3650_IM-1813-1001.png": 2.84024868500336, "CXR3639_IM-1804-1001.png": 1.651612153015349, "CXR3638_IM-1804-1001.png": 1.0942050509000012, "CXR3532_IM-1726-1001.png": 1.5337122300851957, "CXR3794_IM-1908-1002.png": 1.578701089799678, "CXR3727_IM-1863-2001.png": 1.8250709095308346, "CXR3783_IM-1898-1001.png": 1.2867415431846174, "CXR3768_IM-1887-2001.png": 1.5590344985958384, "CXR3745_IM-1872-1001.png": 2.5394733367596665, "CXR3733_IM-1866-1001.png": 1.3028501287411318, "CXR640_IM-2219-1001.png": 2.5640302743483843, "CXR633_IM-2213-1001.png": 1.9782594456406417, "CXR634_IM-2214-1001.png": 1.795279137010984, "CXR3797_IM-1910-0001-0001.png": 0.9647611779074645, "CXR3821_IM-1929-2001.png": 1.7871384254201006, "CXR3809_IM-1919-1002001.png": 2.646875413854208, "CXR718_IM-2280-3001.png": 1.7419973957775126, "CXR756_IM-2307-4001.png": 1.4756730009167727, "CXR70_IM-2264-3001.png": 2.2685649375010546, "CXR647_IM-2225-2001.png": 1.4317919983428262, "CXR651_IM-2229-1001.png": 2.1074044913174563, "CXR682_IM-2253-2001.png": 1.5757359605432526, "CXR3824_IM-1931-1001.png": 1.401570572757249, "CXR3827_IM-1932-1001.png": 1.3352608123369012, "CXR2761_IM-1208-2001.png": 0.802436337191615, "CXR892_IM-2403-1001.png": 2.970654130837466, "CXR965_IM-2455-1001.png": 3.200832910272347, "CXR801_IM-2335-2001.png": 2.0996207533587548, "CXR810_IM-2343-1001.png": 1.2991059114478194,