{"000000458255.png": 3.7793195972788434, "000000386912.png": 8.514989959857479, "000000079188.png": 7.255116593583091, "000000004795.png": 7.264167049322852, "000000337987.png": 10.144434433199436, "000000229216.png": 8.562704045768358, "000000310862.png": 3.9816865133310433, "000000294783.png": 8.281359886152048, "000000201426.png": 8.266600705531031, "000000347265.png": 12.314472306072213, "000000049761.png": 8.099801438302817, "000000012639.png": 12.196655950595803, "000000109313.png": 6.694310285517259, "000000051008.png": 7.108845527135532, "000000147745.png": 8.605239106712656, "000000438955.png": 10.67302588256949, "000000561465.png": 5.1999891463173595, "000000395903.png": 13.851315668643483, "000000186296.png": 8.530181025160562, "000000093437.png": 8.380479897358853, "000000209613.png": 12.652294206366992, "000000086483.png": 11.651496642593704, "000000477623.png": 8.868001010818885, "000000575500.png": 6.2247543300177615, "000000271471.png": 3.631614142082013, "000000204329.png": 3.2399311693312325, "000000535578.png": 13.804562689846076, "000000135561.png": 4.152152000807975, "000000411530.png": 13.102341600031693, "000000309391.png": 15.521513030471606, "000000565607.png": 17.89829667248838, "000000343496.png": 11.880060400090168, "000000126216.png": 18.381179276036487, "000000414795.png": 9.30875712427143, "000000210032.png": 7.672999825809493, "000000032817.png": 4.663362575947457, "000000522889.png": 5.4517978645193175, "000000291619.png": 5.684258094341603, "000000294831.png": 4.133514166497059, "000000414034.png": 5.559049781828951, "000000328238.png": 14.635723916220535, "000000221017.png": 8.196190489498283, "000000176037.png": 11.739129687710246, "000000516143.png": 7.554471781441446, "000000060932.png": 8.29508273582148, "000000286422.png": 4.360395740869957, "000000249786.png": 6.237889253062834, "000000192716.png": 8.293767155593123, "000000504389.png": 9.112854523072587, "000000186282.png": 4.062289052006254, "000000413395.png": 4.905390542341883, "000000136915.png": 6.6263206725536135, "000000167572.png": 7.526741393116143, "000000044652.png": 1.5000354647605285, "000000167159.png": 5.682013133459045, "000000399462.png": 12.199941015451369, "000000514914.png": 4.547062795748424, "000000269866.png": 5.501697968686834, "000000362434.png": 7.169442303961989, "000000144706.png": 4.626907054797039, "000000085195.png": 4.0047665505267975, "000000532575.png": 6.31799728816401, "000000377814.png": 5.208580507198939, "000000010363.png": 6.542608791609534, "000000537053.png": 10.580095639076312, "000000402118.png": 3.7735253801669715, "000000013923.png": 6.989070015353977, "000000187144.png": 6.401928249749542, "000000255401.png": 5.820863576233822, "000000506310.png": 7.436696433627812, "000000170595.png": 3.4637884664620127, "000000034071.png": 1.8381046627387934, "000000303653.png": 10.417684953123851, "000000239773.png": 4.81039374539756, "000000174004.png": 13.71061513643945, "000000451693.png": 5.493047183827991, "000000192964.png": 4.7408402040874495, "000000074733.png": 6.604057508139661, "000000468124.png": 8.334041245168073, "000000148719.png": 12.659483818786613, "000000100510.png": 9.820754729297006, "000000319935.png": 6.9325935289226415, "000000252716.png": 8.714482173563828, "000000451714.png": 7.4626717805589955, "000000190923.png": 8.933329404872952, "000000006040.png": 9.395374464117435, "000000306437.png": 5.350974133184033, "000000452515.png": 3.7410008658565017, "000000289059.png": 4.4831073858180215, "000000361919.png": 5.966881347726257, "000000068765.png": 6.532573556757288, "000000198960.png": 19.923250985005236, "000000180751.png": 7.310260123286517, "000000291664.png": 9.84118344720201, "000000556158.png": 7.610820879703395, "000000477689.png": 7.104110489456691, "000000190853.png": 3.4268954425967335, "000000453341.png": 7.724397502144674, "000000252701.png": 8.27365150183637, "000000231125.png": 6.599593524446811, "000000351559.png": 4.59289361456083, "000000047121.png": 2.974024171135965, "000000468632.png": 13.039549052898177, "000000380203.png": 9.302003123764775, "000000307074.png": 6.970901833037107, "000000269314.png": 6.273898400013843, "000000439623.png": 7.314373315771538, "000000007816.png": 7.087074427493331, "000000019924.png": 8.063013134810522, "000000102411.png": 9.345251924171082, "000000479596.png": 7.989713083196151, "000000351589.png": 7.234107576958774, "000000030504.png": 8.217664331749559, "000000292024.png": 6.3093283310176345, "000000011511.png": 8.08090738995334, "000000533855.png": 4.621759293278408, "000000503841.png": 9.144401968646157, "000000314034.png": 12.309018508230142, "000000335081.png": 6.912785552984634, "000000215723.png": 4.92891209136973, "000000508602.png": 9.86694544136685, "000000033109.png": 7.91005865635232, "000000310072.png": 9.862330814421096, "000000311789.png": 3.568042552174663, "000000192699.png": 9.464614054082135, "000000057027.png": 9.36565984936947, "000000570688.png": 7.769666150287184, "000000336658.png": 7.0887433880739, "000000355610.png": 3.3589902637197158, "000000329447.png": 11.186325396075066, "000000001000.png": 10.77907143688926, "000000092839.png": 5.988148586227354, "000000264968.png": 7.3091367480935325, "000000389381.png": 9.363675247959645, "000000455981.png": 3.394328219808731, "000000308328.png": 6.916449394091381, "000000369037.png": 6.397250078519135, "000000231549.png": 4.056669325993254, "000000232684.png": 1.7740262544631158, "000000502599.png": 7.78214166744155, "000000309938.png": 6.424028917755634, "000000468954.png": 4.285481811043676, "000000311909.png": 10.6440698694811, "000000538067.png": 6.600448731658039, "000000226662.png": 10.071554818002708, "000000135604.png": 11.734664170318908, "000000482585.png": 6.807096314728543, "000000468233.png": 3.17063968015676, "000000284762.png": 5.9356342172469, "000000173033.png": 4.039888146994584, "000000396863.png": 15.24126203506616, "000000238013.png": 5.407420945350793, "000000096001.png": 6.840220208977319, "000000097022.png": 5.728689969162719, "000000211042.png": 6.900173241477533, "000000250766.png": 9.513625700747191, "000000095786.png": 2.7772568005209357, "000000505789.png": 15.152649093458063, "000000115118.png": 15.927355646450724, "000000133244.png": 9.767501955714074, "000000444879.png": 7.267057969511148, "000000400573.png": 7.148784211058112, "000000228942.png": 8.208586619245951, "000000234779.png": 3.55510151342146, "000000335177.png": 10.035012958638076, "000000102707.png": 7.962516270640036, "000000028285.png": 9.13693409769891, "000000532493.png": 10.640928954740353, "000000194940.png": 4.756424103719874, "000000200421.png": 6.25803443849891, "000000269682.png": 3.5176222009703273, "000000451043.png": 4.758797157430458, "000000391375.png": 6.32074843934149, "000000127135.png": 13.825358827827465, "000000117908.png": 5.317002344982459, "000000061171.png": 11.821676076997743, "000000239537.png": 8.172822822725776, "000000361551.png": 5.870145776948443, "000000108440.png": 9.254180112003802, "000000434996.png": 4.168823416640958, "000000334417.png": 2.8519000873907934, "000000342295.png": 7.4950417009016155, "000000501243.png": 12.607590057923462, "000000027620.png": 6.753642222126496, "000000472623.png": 9.995819965068117, "000000474452.png": 6.010650206888379, "000000229111.png": 3.7169183331540783, "000000560279.png": 4.907826394825395, "000000104612.png": 8.11169632847484, "000000404479.png": 3.837110801866283, "000000177357.png": 10.167230451081474, "000000534601.png": 3.846119089195088, "000000076211.png": 5.852205074808779, "000000138639.png": 10.862644761788076, "000000453708.png": 4.9584405101457545, "000000346968.png": 3.1303267435049, "000000520659.png": 11.935518990167123, "000000167902.png": 9.951923054990017, "000000370486.png": 10.673777150063886, "000000183500.png": 4.028184245058102}