{"000000337987.png": 8.75786690982411, "000000079188.png": 6.618271436363905, "000000229216.png": 8.070107374375949, "000000310862.png": 4.244009889181885, "000000294783.png": 9.13302594629175, "000000201426.png": 7.145004020663601, "000000049761.png": 6.365523775105376, "000000347265.png": 11.09180563205312, "000000012639.png": 9.399143229715898, "000000458255.png": 4.643214755628289, "000000004795.png": 6.702833318573867, "000000386912.png": 9.601302185837818, "000000109313.png": 5.506346545951875, "000000051008.png": 8.346825388956466, "000000147745.png": 9.119355982662645, "000000438955.png": 10.19232534907887, "000000395903.png": 11.396440377977196, "000000561465.png": 6.156683802285391, "000000186296.png": 8.118056838400417, "000000086483.png": 12.111065726131761, "000000209613.png": 12.255561209230454, "000000477623.png": 8.00254618105192, "000000575500.png": 5.905618039710467, "000000271471.png": 4.8563956070004, "000000204329.png": 2.9139162025126777, "000000535578.png": 11.789697041661773, "000000135561.png": 4.550696847291963, "000000411530.png": 11.81624720429419, "000000309391.png": 13.778475529591667, "000000343496.png": 10.923845454737167, "000000565607.png": 16.689898567017856, "000000126216.png": 15.516972276405518, "000000093437.png": 7.015881283496552, "000000210032.png": 7.326637230334583, "000000032817.png": 4.489444634829807, "000000522889.png": 5.277559332883291, "000000291619.png": 11.602495072581524, "000000294831.png": 4.6334781043758335, "000000414034.png": 5.616879593205634, "000000328238.png": 11.72481616082795, "000000516143.png": 7.097458683219137, "000000060932.png": 10.559308802692087, "000000286422.png": 3.676200511820382, "000000249786.png": 5.592683308888595, "000000192716.png": 7.412048779014256, "000000414795.png": 7.761847580071437, "000000504389.png": 8.616956291116116, "000000413395.png": 4.690099305344907, "000000136915.png": 6.355492411988676, "000000167572.png": 9.291087505916124, "000000044652.png": 1.3014412014192078, "000000167159.png": 5.504690880316572, "000000221017.png": 7.1978780010093875, "000000399462.png": 10.222249596827902, "000000176037.png": 10.419828880597104, "000000085195.png": 3.805189083617717, "000000144706.png": 4.209808529557249, "000000532575.png": 7.764428990076025, "000000377814.png": 4.4754208362898495, "000000010363.png": 7.142120181875112, "000000186282.png": 4.791101872876276, "000000255401.png": 5.573212953609859, "000000506310.png": 9.089885776866298, "000000170595.png": 3.334759197266212, "000000514914.png": 3.6256202019885144, "000000269866.png": 5.204408151932863, "000000362434.png": 7.246323445044557, "000000451693.png": 4.944213255673147, "000000192964.png": 10.584497711495414, "000000013923.png": 7.398854216622025, "000000074733.png": 6.786987096558362, "000000537053.png": 9.12171935602774, "000000402118.png": 3.5624238349471664, "000000187144.png": 6.033670673505296, "000000252716.png": 7.38825018862756, "000000190923.png": 8.629226172215885, "000000319935.png": 7.222439134007936, "000000451714.png": 6.622609028677409, "000000034071.png": 3.7440016408511334, "000000303653.png": 9.144766126343297, "000000239773.png": 5.081062155793787, "000000174004.png": 10.851295719146538, "000000068765.png": 8.859648130896304, "000000198960.png": 16.92331215537721, "000000180751.png": 6.723048119092983, "000000468124.png": 7.155820705638412, "000000148719.png": 10.32845329021577, "000000100510.png": 9.071854031280312, "000000453341.png": 6.890339352088685, "000000252701.png": 6.54851384718115, "000000190853.png": 3.8629298020452474, "000000231125.png": 6.576881568661212, "000000006040.png": 10.838769812618953, "000000306437.png": 7.438566470154467, "000000452515.png": 3.5222263082425807, "000000289059.png": 4.817453735196107, "000000361919.png": 5.155708592747036, "000000380203.png": 10.845949268612717, "000000307074.png": 7.0628660175020705, "000000269314.png": 5.569773633227247, "000000439623.png": 6.487197831020685, "000000291664.png": 8.721544759955977, "000000556158.png": 7.042569280445821, "000000477689.png": 7.389956840983953, "000000351589.png": 9.661282461772958, "000000030504.png": 7.546369494507275, "000000292024.png": 6.0856024426776, "000000351559.png": 7.6213294484906875, "000000047121.png": 3.506195050613576, "000000468632.png": 10.409451581381637, "000000335081.png": 7.071604467336702, "000000508602.png": 9.20787914084947, "000000215723.png": 5.773176250933399, "000000007816.png": 5.943819429590019, "000000019924.png": 9.183570102479209, "000000102411.png": 9.379871087198962, "000000479596.png": 6.9983961000761905, "000000057027.png": 8.855834102942525, "000000570688.png": 7.704642931997078, "000000503841.png": 7.478055036970781, "000000011511.png": 10.278056727122493, "000000533855.png": 5.463739472478653, "000000314034.png": 10.54773713904622, "000000033109.png": 8.904730891002155, "000000092839.png": 5.466189799986905, "000000264968.png": 6.424428203072116, "000000389381.png": 7.922380893195555, "000000311789.png": 5.5851967745416955, "000000310072.png": 9.28114382431247, "000000192699.png": 9.43708380588575, "000000232684.png": 5.9410448982198645, "000000502599.png": 8.603344904729289, "000000309938.png": 6.065760894833578, "000000336658.png": 9.849694532020559, "000000355610.png": 3.066281941146042, "000000329447.png": 10.043284250710762, "000000001000.png": 9.482280654647749, "000000284762.png": 5.280970755542925, "000000468233.png": 3.4162757898364564, "000000455981.png": 5.372400005596157, "000000369037.png": 10.131174609827305, "000000308328.png": 6.6083083731019325, "000000231549.png": 3.935263147358219, "000000211042.png": 8.246723958511367, "000000250766.png": 9.057694849277196, "000000468954.png": 4.065603404252658, "000000311909.png": 11.429980851881837, "000000226662.png": 12.09574517467138, "000000135604.png": 9.120008925511014, "000000538067.png": 5.592360344841053, "000000482585.png": 6.932653795266373, "000000444879.png": 7.075521404567907, "000000400573.png": 6.078153034377962, "000000228942.png": 8.648459632432697, "000000234779.png": 3.53903715849568, "000000396863.png": 14.79649883023288, "000000173033.png": 3.906686279296359, "000000238013.png": 5.936030604547482, "000000096001.png": 6.076370439320396, "000000097022.png": 5.723404751736905, "000000194940.png": 5.465321813613203, "000000269682.png": 4.484502398678648, "000000200421.png": 8.920494619310478, "000000095786.png": 2.9470278072861307, "000000505789.png": 13.759102276335497, "000000115118.png": 14.340285276244128, "000000133244.png": 8.412445469681696, "000000239537.png": 6.250657350429287, "000000361551.png": 5.10389345375856, "000000335177.png": 9.24784130738596, "000000028285.png": 8.470675175908093, "000000102707.png": 7.364182736893974, "000000532493.png": 8.218776788105123, "000000472623.png": 10.175720163160868, "000000451043.png": 3.7514055500540517, "000000391375.png": 11.727970880316269, "000000127135.png": 10.625764950712425, "000000117908.png": 5.154741492546539, "000000061171.png": 10.454529200889029, "000000177357.png": 7.893759971882896, "000000534601.png": 3.98718885361567, "000000108440.png": 10.062261638113352, "000000076211.png": 5.81623639468837, "000000434996.png": 4.271835896077088, "000000334417.png": 2.9704056373389953, "000000342295.png": 6.3510156960798865, "000000501243.png": 12.05452991457268, "000000027620.png": 6.133476974311564, "000000370486.png": 11.203050916871062, "000000183500.png": 3.8294828123728037, "000000474452.png": 5.883301206236616, "000000229111.png": 3.989593806966189, "000000560279.png": 4.360361923053254, "000000104612.png": 9.594020897884999, "000000404479.png": 3.198565466131078, "000000138639.png": 11.041749755747652, "000000453708.png": 7.164490233581973, "000000346968.png": 3.2437986984406115, "000000520659.png": 10.932994655064075, "000000167902.png": 10.116969052741393}