{"000000337987.png": 9.345554357607389, "000000079188.png": 6.771046742505597, "000000347265.png": 10.549525856694002, "000000012639.png": 10.41140243038387, "000000458255.png": 3.8506188005394044, "000000386912.png": 8.201698139257514, "000000004795.png": 7.480204042926895, "000000229216.png": 7.899842642629195, "000000186296.png": 7.983926865634594, "000000310862.png": 3.9852544264252887, "000000294783.png": 7.742729289218104, "000000049761.png": 7.725383379626097, "000000201426.png": 7.9793057175783995, "000000051008.png": 6.557066889944043, "000000147745.png": 8.826716978187603, "000000438955.png": 10.551051880650665, "000000395903.png": 13.792736819812427, "000000561465.png": 4.925084632748872, "000000477623.png": 8.611209351335013, "000000575500.png": 5.993442597537447, "000000271471.png": 4.097587175941868, "000000204329.png": 3.660499281041538, "000000109313.png": 5.981154655444467, "000000343496.png": 11.3334051356875, "000000565607.png": 17.087146128346518, "000000126216.png": 16.134956412838516, "000000093437.png": 7.537707354119132, "000000086483.png": 10.610524742547378, "000000209613.png": 10.959801346904603, "000000328238.png": 13.142535262073874, "000000135561.png": 3.868036326042227, "000000535578.png": 12.231004488155335, "000000411530.png": 12.912855591073198, "000000309391.png": 13.415099512954253, "000000032817.png": 4.388413863375915, "000000522889.png": 5.366395751573513, "000000291619.png": 6.444779458788039, "000000294831.png": 4.114757392788828, "000000414034.png": 5.28974685846462, "000000286422.png": 4.431653955219728, "000000249786.png": 6.517582597302163, "000000192716.png": 7.790852472117878, "000000414795.png": 8.671015831606189, "000000210032.png": 7.357291027897576, "000000167159.png": 5.200204853973256, "000000221017.png": 8.12819685707281, "000000399462.png": 11.646688142700016, "000000176037.png": 9.59414403719372, "000000516143.png": 6.8604413390137395, "000000060932.png": 7.677335043949989, "000000010363.png": 5.774785086154537, "000000186282.png": 3.825164165978459, "000000504389.png": 7.840500773995238, "000000413395.png": 4.750106740364227, "000000136915.png": 6.3546531962338655, "000000167572.png": 6.931811208224063, "000000044652.png": 1.3727127084799666, "000000269866.png": 4.999228840940976, "000000362434.png": 6.699427600900091, "000000085195.png": 4.242732251300435, "000000144706.png": 4.515184840855933, "000000532575.png": 5.905159350934611, "000000377814.png": 4.603049626131908, "000000255401.png": 6.029283017346873, "000000506310.png": 7.242381899516942, "000000170595.png": 3.4523627285668534, "000000514914.png": 4.511280516236621, "000000192964.png": 5.7497305404720676, "000000074733.png": 6.35790429400788, "000000537053.png": 10.39999087178753, "000000402118.png": 3.4658353217376563, "000000013923.png": 7.626921448674147, "000000187144.png": 6.147599720261696, "000000034071.png": 2.140074318756024, "000000451714.png": 7.357990524471748, "000000303653.png": 8.761352229013461, "000000239773.png": 4.6203948981865715, "000000174004.png": 12.106485735057507, "000000451693.png": 5.463707420552872, "000000468124.png": 7.690213358610584, "000000148719.png": 11.046907827691339, "000000100510.png": 9.160897259368685, "000000252716.png": 7.676594502541298, "000000319935.png": 6.58713738110228, "000000190923.png": 8.222106335253022, "000000452515.png": 3.492256368953601, "000000289059.png": 4.400433813464406, "000000361919.png": 5.784406786861545, "000000068765.png": 7.173030133739668, "000000198960.png": 17.566978595870438, "000000180751.png": 6.840346458993773, "000000453341.png": 7.447305684625877, "000000252701.png": 8.372950389869725, "000000231125.png": 6.367101962683621, "000000190853.png": 3.669276767453824, "000000006040.png": 8.655617964264412, "000000306437.png": 5.375379801984716, "000000269314.png": 5.583357042818179, "000000439623.png": 6.599007643323492, "000000291664.png": 10.631170262306075, "000000477689.png": 6.792182399339292, "000000556158.png": 7.056247570662708, "000000292024.png": 5.928082442881997, "000000351559.png": 5.122123202508372, "000000047121.png": 2.9881335618466163, "000000468632.png": 11.701544215376273, "000000307074.png": 5.864657443977516, "000000380203.png": 8.032800507550991, "000000007816.png": 6.631713865451738, "000000019924.png": 7.570739424703169, "000000102411.png": 8.58000033705887, "000000479596.png": 7.788611135925867, "000000351589.png": 6.662676627886556, "000000030504.png": 7.748117650085693, "000000503841.png": 7.947948842082105, "000000314034.png": 11.115549633896762, "000000335081.png": 6.657433415210715, "000000508602.png": 9.108894995490415, "000000215723.png": 5.020304005353572, "000000057027.png": 8.621371872431203, "000000570688.png": 7.201702401448079, "000000011511.png": 7.938079004568486, "000000533855.png": 4.452581844569931, "000000264968.png": 7.03643360904157, "000000389381.png": 9.678931861481411, "000000033109.png": 7.505424738373047, "000000310072.png": 8.786233147914142, "000000192699.png": 8.989316393696736, "000000311789.png": 3.5451968061295416, "000000336658.png": 5.906648379271232, "000000355610.png": 3.266152850400444, "000000329447.png": 10.330315153139008, "000000001000.png": 10.12071347310166, "000000092839.png": 5.953359717178707, "000000308328.png": 6.544688557033778, "000000455981.png": 3.7025016260624484, "000000369037.png": 7.113311479811208, "000000231549.png": 4.094075749471557, "000000502599.png": 9.152183152979285, "000000232684.png": 2.675213350872313, "000000309938.png": 6.205663155647083, "000000226662.png": 8.444839108350742, "000000538067.png": 5.9706157386075445, "000000135604.png": 10.374266562117128, "000000482585.png": 6.161755809939434, "000000284762.png": 5.8654115059545315, "000000468233.png": 2.8927337082325404, "000000097022.png": 5.257662191800552, "000000211042.png": 6.911716940014522, "000000250766.png": 9.409081209822059, "000000468954.png": 4.105818671933079, "000000311909.png": 9.773774431881233, "000000228942.png": 7.5545531953107625, "000000234779.png": 3.5030721297766596, "000000173033.png": 4.271543051677036, "000000396863.png": 13.131892965657498, "000000238013.png": 5.316005768899142, "000000096001.png": 7.163387504218612, "000000200421.png": 6.077598309317266, "000000095786.png": 2.715842435075848, "000000505789.png": 14.476959399776838, "000000115118.png": 13.569072463321824, "000000133244.png": 8.449705192341959, "000000444879.png": 7.228660581037379, "000000400573.png": 6.462795498075895, "000000028285.png": 7.671005354056562, "000000532493.png": 9.506933725309878, "000000194940.png": 4.558784395974663, "000000269682.png": 3.232587977065209, "000000127135.png": 11.811280043665153, "000000117908.png": 4.93434263786616, "000000061171.png": 12.395624664864597, "000000239537.png": 7.8312476283173345, "000000361551.png": 5.244098915588066, "000000335177.png": 8.2662796890107, "000000102707.png": 7.7616744888362605, "000000501243.png": 11.83774228841769, "000000027620.png": 6.3741986719649795, "000000472623.png": 8.860968514503234, "000000451043.png": 4.614552823450183, "000000391375.png": 6.521249611037794, "000000534601.png": 3.8845751812070413, "000000076211.png": 5.947062855929487, "000000108440.png": 7.790695142413656, "000000434996.png": 4.095117035734103, "000000334417.png": 2.794860051682896, "000000342295.png": 6.834552810535483, "000000229111.png": 3.604900025820718, "000000474452.png": 5.663195522756576, "000000560279.png": 4.609231101177951, "000000404479.png": 3.657512707775111, "000000104612.png": 7.251389689158215, "000000177357.png": 8.8398265876768, "000000138639.png": 10.862370095195539, "000000453708.png": 5.104933176465949, "000000346968.png": 3.0327160406386544, "000000520659.png": 10.843325193061672, "000000167902.png": 9.536763066157985, "000000370486.png": 10.385973973523075, "000000183500.png": 4.357100903105688}