{"000000079188.png": 6.63400487043445, "000000337987.png": 10.139950822837605, "000000004795.png": 7.3485967260367335, "000000386912.png": 8.039937786634049, "000000458255.png": 3.4320152262560293, "000000012639.png": 11.654954389636014, "000000347265.png": 12.430908673367226, "000000049761.png": 8.390870933052037, "000000201426.png": 8.319410066126233, "000000294783.png": 8.002463319973241, "000000310862.png": 3.645754356782144, "000000229216.png": 8.523256590782427, "000000186296.png": 8.208624693421749, "000000561465.png": 4.640152928482344, "000000395903.png": 15.20072940563992, "000000438955.png": 11.742592833859648, "000000147745.png": 9.338112371318662, "000000051008.png": 7.196273407606002, "000000109313.png": 5.728480197014448, "000000204329.png": 3.386277967709827, "000000271471.png": 3.3306007167508653, "000000575500.png": 5.834761943739012, "000000477623.png": 9.21022136333916, "000000209613.png": 12.597952800804606, "000000086483.png": 11.459803856457548, "000000093437.png": 8.252001748186975, "000000126216.png": 20.02953021620869, "000000565607.png": 20.111344826198778, "000000343496.png": 14.000966487136388, "000000309391.png": 15.947709927503844, "000000411530.png": 15.358305182796634, "000000135561.png": 3.6988752243383787, "000000535578.png": 13.928010766838721, "000000328238.png": 15.42357107332183, "000000414034.png": 5.080483391414191, "000000294831.png": 3.755155277164982, "000000291619.png": 5.326149719141496, "000000522889.png": 5.410747779795181, "000000032817.png": 4.320613089708491, "000000210032.png": 7.4131022586031, "000000414795.png": 9.482131806076183, "000000192716.png": 8.81497316303128, "000000249786.png": 7.244555320917625, "000000286422.png": 4.603098407429697, "000000060932.png": 7.824943378273135, "000000516143.png": 7.311419831694125, "000000176037.png": 11.315635340094161, "000000221017.png": 7.909808037992354, "000000399462.png": 12.583562472774853, "000000167159.png": 5.117882931695757, "000000044652.png": 1.3653323486579416, "000000167572.png": 6.875785239397538, "000000136915.png": 6.359518523809646, "000000413395.png": 4.801197838929176, "000000504389.png": 8.995278781612546, "000000186282.png": 3.518795301422093, "000000010363.png": 6.027742763228914, "000000377814.png": 4.679233327841252, "000000532575.png": 6.134228173328419, "000000085195.png": 4.131638060185324, "000000144706.png": 4.248602105085251, "000000362434.png": 6.54301660913258, "000000269866.png": 5.396813362540422, "000000514914.png": 4.384308258587552, "000000170595.png": 3.125876786291902, "000000506310.png": 7.136727204660702, "000000255401.png": 6.028472813206054, "000000187144.png": 6.47514824783695, "000000013923.png": 8.51392563698689, "000000402118.png": 3.286790284348633, "000000537053.png": 10.87164072049769, "000000074733.png": 6.108645727910502, "000000192964.png": 4.39999668940927, "000000451693.png": 4.141601054406576, "000000174004.png": 14.254103581773144, "000000239773.png": 4.7739434158771425, "000000303653.png": 9.859014278922158, "000000034071.png": 1.5954130807582207, "000000451714.png": 7.543507087110919, "000000319935.png": 6.813276023816212, "000000190923.png": 8.698635148531695, "000000252716.png": 8.919466510165343, "000000100510.png": 9.484319902137525, "000000148719.png": 13.01887818411458, "000000468124.png": 8.339626492440559, "000000180751.png": 7.006972448572943, "000000198960.png": 22.222179592074433, "000000068765.png": 6.5018482874248535, "000000361919.png": 5.916975758101821, "000000289059.png": 4.131354384082951, "000000452515.png": 3.2050208776063362, "000000306437.png": 4.854303465470338, "000000006040.png": 9.388735516159413, "000000190853.png": 2.744905034378386, "000000231125.png": 6.165844351139145, "000000252701.png": 8.655118768475825, "000000453341.png": 7.232583808017435, "000000477689.png": 7.184488002461992, "000000556158.png": 6.810232368300277, "000000291664.png": 10.57226435861037, "000000439623.png": 6.958528712269674, "000000269314.png": 6.051462764459369, "000000307074.png": 6.4473037675268, "000000380203.png": 8.685871766140918, "000000468632.png": 13.405722180284824, "000000047121.png": 2.8064984780897797, "000000351559.png": 4.469374769622927, "000000292024.png": 5.905280375255504, "000000030504.png": 8.00526316221377, "000000351589.png": 6.783993559042873, "000000479596.png": 8.123874526612648, "000000102411.png": 9.469708035390733, "000000019924.png": 8.385530723649554, "000000007816.png": 6.832311355142742, "000000508602.png": 9.685886785076406, "000000215723.png": 4.47745155954055, "000000335081.png": 6.557155869317583, "000000314034.png": 12.496992101184123, "000000503841.png": 8.408707913575729, "000000533855.png": 4.361059776223344, "000000011511.png": 8.183573630233342, "000000570688.png": 9.201033572957897, "000000057027.png": 9.541751107375289, "000000192699.png": 9.192652098657508, "000000311789.png": 3.2394895559217765, "000000310072.png": 9.513374033528844, "000000033109.png": 8.188723390594433, "000000389381.png": 9.577128774140597, "000000264968.png": 7.569904030234988, "000000092839.png": 6.158399847221038, "000000001000.png": 11.43272201179014, "000000329447.png": 11.495220865059933, "000000355610.png": 3.0254770428514868, "000000336658.png": 6.3838738216555955, "000000309938.png": 6.311458493807665, "000000232684.png": 1.8677303955972566, "000000502599.png": 9.691381805229529, "000000231549.png": 3.8377655438715683, "000000369037.png": 5.738677919048434, "000000308328.png": 6.4964214402966896, "000000455981.png": 3.1825205471094677, "000000468233.png": 2.8646057948589596, "000000284762.png": 5.8923431394288945, "000000482585.png": 6.126684491012237, "000000135604.png": 11.100386229837204, "000000538067.png": 6.316827457101787, "000000226662.png": 9.892971800815706, "000000311909.png": 10.984709376604611, "000000468954.png": 3.9505246339211437, "000000250766.png": 10.10813655894282, "000000211042.png": 6.329173105013826, "000000097022.png": 5.187911297208301, "000000096001.png": 7.253775380364579, "000000238013.png": 5.73631488589716, "000000396863.png": 16.99410170834387, "000000173033.png": 3.952043654731414, "000000234779.png": 3.2285499396421136, "000000228942.png": 8.425759157528073, "000000400573.png": 6.855610145401237, "000000444879.png": 7.313012592034108, "000000133244.png": 9.429828017033593, "000000115118.png": 17.172270375454556, "000000505789.png": 16.439377887250036, "000000095786.png": 2.5328426277537686, "000000200421.png": 5.741945625141657, "000000269682.png": 3.1032982735922685, "000000194940.png": 4.292630074360952, "000000532493.png": 10.04185961802319, "000000028285.png": 9.658730693792712, "000000102707.png": 7.517571696993182, "000000335177.png": 10.391056801087675, "000000361551.png": 4.831132542403405, "000000239537.png": 8.215425409675547, "000000061171.png": 14.047226155729511, "000000117908.png": 4.756704831318018, "000000127135.png": 14.314487632200665, "000000391375.png": 5.5973466205641165, "000000451043.png": 4.6473482935908725, "000000472623.png": 9.468491492790092, "000000027620.png": 6.343457561979594, "000000501243.png": 13.084456019461836, "000000342295.png": 7.438068837524215, "000000334417.png": 2.649904017848743, "000000434996.png": 3.842128797046552, "000000108440.png": 9.221025539625272, "000000076211.png": 4.96222177870217, "000000534601.png": 3.7009696664413476, "000000177357.png": 9.961828546089146, "000000404479.png": 3.713531511149047, "000000104612.png": 7.322195911698867, "000000560279.png": 4.526350159406978, "000000229111.png": 3.4077394330063555, "000000474452.png": 5.91068854969883, "000000183500.png": 4.627942525563467, "000000370486.png": 10.778888412084665, "000000167902.png": 9.48568296095203, "000000520659.png": 12.625295202050085, "000000346968.png": 2.889769594320551, "000000453708.png": 4.56981009700619, "000000138639.png": 12.197920683634473}