{"000000291619.png": 5.429233558435989, "000000286422.png": 3.9651542441665315, "000000411530.png": 11.668443269280242, "000000395903.png": 12.533696847437982, "000000561465.png": 5.024146444050527, "000000079188.png": 6.837225410953159, "000000438955.png": 9.76806052686534, "000000221017.png": 7.619434571466565, "000000186296.png": 8.042747720379143, "000000229216.png": 7.9272891123499605, "000000310862.png": 3.8422330722710147, "000000458255.png": 3.6108514543859296, "000000201426.png": 7.743096877402228, "000000004795.png": 6.733331682742146, "000000294783.png": 7.795269727926679, "000000049761.png": 7.3794245718401035, "000000386912.png": 7.917900243760528, "000000347265.png": 11.268505970237788, "000000012639.png": 11.20364137988851, "000000337987.png": 9.511315045261593, "000000504389.png": 8.59895093779381, "000000346968.png": 3.017232927508423, "000000453708.png": 4.826699257913698, "000000167902.png": 9.410934674540268, "000000138639.png": 9.635062670855374, "000000520659.png": 11.0353667712146, "000000269682.png": 3.397557776134782, "000000013923.png": 6.239865028789343, "000000506310.png": 6.8687804918414255, "000000402118.png": 3.557261154168872, "000000355610.png": 3.227718071921598, "000000502599.png": 6.853465553115933, "000000389381.png": 8.587169191420173, "000000177357.png": 9.405414556787242, "000000474452.png": 5.669439159655876, "000000183500.png": 3.6940778979031474, "000000108440.png": 8.550366242504406, "000000127135.png": 12.690196694916827, "000000092839.png": 5.541501523409439, "000000336658.png": 6.660764320331187, "000000231549.png": 3.8615280577341338, "000000308328.png": 6.438862337287845, "000000538067.png": 6.157924347442767, "000000250766.png": 8.743368104898002, "000000468954.png": 4.11834808781023, "000000482585.png": 6.3491031901846595, "000000135604.png": 10.771020175014101, "000000501243.png": 11.43158542086074, "000000027620.png": 6.226020697379217, "000000472623.png": 9.292228885460446, "000000229111.png": 3.6100102307619313, "000000534601.png": 3.7653213647163977, "000000560279.png": 4.680081861322889, "000000404479.png": 3.593558807058054, "000000104612.png": 7.7700818912686085, "000000334417.png": 2.7293654304000023, "000000061171.png": 10.45628250123857, "000000239537.png": 7.558894364930985, "000000391375.png": 6.085170850114696, "000000117908.png": 5.031526774824201, "000000342295.png": 6.673940998724725, "000000434996.png": 4.0310773804190845, "000000451043.png": 4.371887420939977, "000000532493.png": 9.871122705149054, "000000028285.png": 8.039546897475963, "000000505789.png": 13.57552593073676, "000000194940.png": 4.48974909445047, "000000102707.png": 7.442143465364653, "000000095786.png": 2.7078047113345516, "000000335177.png": 9.156907737596828, "000000200421.png": 5.923124235075664, "000000329447.png": 10.339297810496387, "000000232684.png": 1.6318268588825102, "000000264968.png": 6.763867431581552, "000000309938.png": 5.911795562184645, "000000001000.png": 9.772940945507242, "000000369037.png": 6.170020261518589, "000000455981.png": 3.260079289636208, "000000311909.png": 9.795964684372764, "000000226662.png": 9.530229885207081, "000000284762.png": 5.625642497871151, "000000115118.png": 14.38157728857151, "000000133244.png": 9.158437935055195, "000000173033.png": 3.7629872538113385, "000000291664.png": 8.850249849225508, "000000477689.png": 6.722723966805155, "000000269314.png": 5.862064388412929, "000000556158.png": 7.291185589058343, "000000306437.png": 4.99149430091404, "000000252701.png": 7.521272622732497, "000000190853.png": 3.394092760070998, "000000006040.png": 8.748563489545296, "000000192699.png": 8.963974964011403, "000000310072.png": 9.326188985076735, "000000057027.png": 8.660838656959552, "000000311789.png": 3.4875827423151837, "000000570688.png": 6.993105909566255, "000000011511.png": 7.472712931012, "000000228942.png": 7.669764666318031, "000000234779.png": 3.441425672704647, "000000400573.png": 6.685975647098449, "000000361551.png": 5.481572429105643, "000000451693.png": 5.4963801232121945, "000000034071.png": 1.7999693223404853, "000000451714.png": 6.892032070169905, "000000192964.png": 4.5414763074087, "000000074733.png": 6.285773859601078, "000000255401.png": 5.338941229749939, "000000537053.png": 9.721024262859208, "000000076211.png": 5.41466360874821, "000000238013.png": 5.035510955732195, "000000096001.png": 6.182353513166504, "000000097022.png": 5.308791088733892, "000000370486.png": 9.71984316201575, "000000033109.png": 7.301441526173262, "000000396863.png": 13.691671873248122, "000000468124.png": 7.59373227636452, "000000180751.png": 6.85284546658575, "000000100510.png": 9.170676419790423, "000000444879.png": 6.739696317316482, "000000126216.png": 16.434252730191254, "000000093437.png": 7.822104935919536, "000000565607.png": 16.263561953107004, "000000109313.png": 6.232341687324242, "000000309391.png": 14.316549111155899, "000000575500.png": 5.930077686479766, "000000204329.png": 2.9736017162459363, "000000209613.png": 11.70371101013727, "000000452515.png": 3.6108582270488423, "000000453341.png": 7.254050471373163, "000000361919.png": 5.449968813049979, "000000380203.png": 8.806044012529863, "000000292024.png": 6.037252891887032, "000000468632.png": 11.943901943101146, "000000047121.png": 2.821856474084486, "000000030504.png": 7.632668770818777, "000000351559.png": 4.332396107817316, "000000479596.png": 7.612965273627786, "000000198960.png": 18.20565507877932, "000000148719.png": 11.735845086359785, "000000211042.png": 6.507728105553904, "000000468233.png": 3.0908541701336314, "000000289059.png": 4.237974561591373, "000000231125.png": 6.2177986357385056, "000000439623.png": 6.9143470308027695, "000000303653.png": 9.782362281791304, "000000239773.png": 4.572155297689994, "000000187144.png": 5.867829531483446, "000000174004.png": 12.589059991018502, "000000252716.png": 8.101067345590481, "000000319935.png": 6.382950517819221, "000000377814.png": 4.959934795735444, "000000010363.png": 6.107811472497914, "000000186282.png": 3.840443094271168, "000000532575.png": 5.90839117310801, "000000269866.png": 5.127258514872976, "000000514914.png": 4.1934460435786916, "000000362434.png": 6.699589155291578, "000000190923.png": 8.39764514850943, "000000215723.png": 4.645414696505384, "000000307074.png": 6.561624808898089, "000000136915.png": 6.1051983730717225, "000000167572.png": 7.10789025597608, "000000413395.png": 4.596962757969854, "000000477623.png": 8.065638523959937, "000000343496.png": 10.638802259695613, "000000086483.png": 10.942241553169369, "000000271471.png": 3.4993922205960706, "000000051008.png": 6.550678792877975, "000000147745.png": 7.809429409729735, "000000508602.png": 9.314197178414169, "000000503841.png": 8.221956649766563, "000000019924.png": 7.659101420526113, "000000007816.png": 6.74252717995348, "000000314034.png": 11.152916514926511, "000000335081.png": 6.631180942268835, "000000351589.png": 6.854463438212725, "000000533855.png": 4.393700230398081, "000000176037.png": 10.977565035670002, "000000516143.png": 6.991525647238194, "000000414795.png": 8.566306076528598, "000000032817.png": 4.504054764868025, "000000210032.png": 7.281559212825385, "000000102411.png": 8.653827762620786, "000000170595.png": 3.3569033773931793, "000000060932.png": 7.8123291506670745, "000000328238.png": 13.192696937171934, "000000535578.png": 12.738804650122203, "000000135561.png": 3.933013807849567, "000000414034.png": 5.214748469579885, "000000294831.png": 4.005546236850878, "000000044652.png": 1.4617123986029195, "000000167159.png": 5.308467321931959, "000000085195.png": 3.7056805692011943, "000000249786.png": 5.599938651930244, "000000192716.png": 7.545052720211443, "000000522889.png": 5.1225842323614375, "000000068765.png": 5.923108128066116, "000000144706.png": 4.419324603877217, "000000399462.png": 11.134602450166451}