{"000000411530.png": 10.931703288424563, "000000438955.png": 9.567410922787573, "000000006040.png": 7.749387623549497, "000000306437.png": 4.561529095604641, "000000192964.png": 3.3289050532578983, "000000060932.png": 6.04793606788689, "000000221017.png": 6.540477804567564, "000000413395.png": 3.664923088996187, "000000167572.png": 5.711606398708973, "000000044652.png": 1.0938827519699559, "000000136915.png": 4.829679259406581, "000000414795.png": 6.71939771793381, "000000570688.png": 6.870018965153145, "000000361919.png": 4.752867686274572, "000000186282.png": 2.9910821725524555, "000000286422.png": 3.708594564434373, "000000504389.png": 6.564879655286614, "000000452515.png": 2.9560523153124985, "000000010363.png": 4.672873795702197, "000000516143.png": 5.8048324513203955, "000000176037.png": 8.731382774975378, "000000167159.png": 5.164275218897194, "000000399462.png": 10.259620881142768, "000000249786.png": 5.427288638884272, "000000074733.png": 4.72024227269424, "000000451693.png": 4.766534730402865, "000000309391.png": 12.301822772945831, "000000575500.png": 4.836572161495558, "000000204329.png": 2.902496868777547, "000000477623.png": 7.324080234025368, "000000109313.png": 5.146809263620005, "000000093437.png": 6.0008985464042786, "000000343496.png": 10.140239466922623, "000000565607.png": 15.10965831055427, "000000271471.png": 3.452663832850998, "000000209613.png": 9.25992238428763, "000000126216.png": 14.218903645339225, "000000086483.png": 9.399631024633058, "000000458255.png": 3.3244958477401414, "000000337987.png": 7.729590653846146, "000000395903.png": 11.617359984718524, "000000201426.png": 5.693471849084622, "000000004795.png": 6.06930029120048, "000000347265.png": 9.410606685619012, "000000229216.png": 6.432025909105939, "000000186296.png": 7.426911209327971, "000000012639.png": 9.435752072517294, "000000328238.png": 10.884300404130913, "000000294831.png": 3.3785566143015524, "000000291619.png": 3.8358660403540803, "000000414034.png": 4.439423032658564, "000000210032.png": 5.634298711562566, "000000032817.png": 3.1522316113594715, "000000535578.png": 10.180673579296599, "000000135561.png": 3.0599207330555296, "000000522889.png": 4.453619143440954, "000000310862.png": 3.280997256464904, "000000049761.png": 6.168801348727503, "000000561465.png": 3.6638705256209545, "000000294783.png": 6.462681424493706, "000000386912.png": 6.565204050679311, "000000192716.png": 7.2467497028681525, "000000079188.png": 5.30590324353282, "000000051008.png": 5.099472754920493, "000000147745.png": 7.2830908429771055, "000000232684.png": 1.5708822063880008, "000000231549.png": 3.2234390170480336, "000000310072.png": 7.91485324588894, "000000311789.png": 3.330129445932275, "000000389381.png": 7.330918096157426, "000000192699.png": 7.085442057765219, "000000190923.png": 6.315140233500649, "000000252716.png": 6.369528490022052, "000000402118.png": 3.1219675633641657, "000000255401.png": 4.461361094831333, "000000514914.png": 3.7500550125414884, "000000532575.png": 4.998004170169186, "000000537053.png": 8.179356539826685, "000000013923.png": 6.482071787101089, "000000377814.png": 4.514312344692495, "000000085195.png": 3.363005629047109, "000000506310.png": 5.639982335479236, "000000170595.png": 2.5013292241290985, "000000148719.png": 10.161271038073034, "000000198960.png": 16.00208248696345, "000000034071.png": 1.3057466793974055, "000000319935.png": 5.367329561548453, "000000451714.png": 5.723906718308794, "000000068765.png": 5.143040945659025, "000000180751.png": 5.982120729700032, "000000127135.png": 11.034781535958931, "000000061171.png": 9.58810302078498, "000000370486.png": 8.437204501586939, "000000534601.png": 3.581660761855934, "000000229111.png": 2.5190103617218185, "000000108440.png": 7.064751512573695, "000000404479.png": 2.8793115328578995, "000000560279.png": 3.3675113944915416, "000000346968.png": 2.4627920180250706, "000000167902.png": 7.261638843009884, "000000102707.png": 6.237244531696018, "000000239537.png": 5.694146535752476, "000000334417.png": 2.2927450630460395, "000000361551.png": 4.306600863133995, "000000342295.png": 6.714817074093128, "000000501243.png": 10.4569630922408, "000000391375.png": 4.438039859174559, "000000117908.png": 3.8342763389473697, "000000027620.png": 5.323045934894595, "000000472623.png": 7.234526733687487, "000000335177.png": 8.283325558925766, "000000451043.png": 3.9838035896941553, "000000135604.png": 9.031824866418267, "000000482585.png": 5.401547812295191, "000000238013.png": 4.098231831675061, "000000096001.png": 5.418879916515908, "000000538067.png": 4.981100533803683, "000000250766.png": 7.679961308320838, "000000468954.png": 3.4300838368055624, "000000211042.png": 5.862326265889038, "000000097022.png": 4.573055248847174, "000000444879.png": 6.144541388005911, "000000228942.png": 6.581642366777613, "000000400573.png": 5.470629979343729, "000000336658.png": 5.242642987565732, "000000001000.png": 9.06806305768281, "000000329447.png": 8.549836064530538, "000000092839.png": 4.686483370801999, "000000434996.png": 3.491555397108497, "000000532493.png": 9.010695030874402, "000000269682.png": 2.8343107571729482, "000000453708.png": 3.6058076081770323, "000000226662.png": 7.680897794086329, "000000311909.png": 8.53619851377879, "000000173033.png": 3.7564263395169704, "000000284762.png": 4.864108427745997, "000000194940.png": 4.1096565937150205, "000000200421.png": 4.673539817737839, "000000095786.png": 2.554475373468862, "000000138639.png": 9.035821152929353, "000000396863.png": 12.298936232482259, "000000177357.png": 7.724759569472848, "000000104612.png": 6.1100001643996045, "000000474452.png": 4.828075998182605, "000000520659.png": 9.516544598040019, "000000183500.png": 3.751105581588303, "000000076211.png": 5.326514467519518, "000000028285.png": 7.509353525948526, "000000057027.png": 7.324432846753999, "000000264968.png": 5.479181483238668, "000000369037.png": 5.564048038194917, "000000309938.png": 4.951086709234321, "000000505789.png": 13.281431753955292, "000000234779.png": 2.7737201636386355, "000000468233.png": 2.552767535511084, "000000133244.png": 7.807090652275423, "000000351559.png": 4.057865337805028, "000000453341.png": 6.061836354716416, "000000252701.png": 6.4125541690300265, "000000007816.png": 5.191907904450447, "000000533855.png": 3.243330565644251, "000000215723.png": 4.024079418709809, "000000439623.png": 5.88548945718439, "000000556158.png": 6.836578199827895, "000000380203.png": 6.93974895610684, "000000033109.png": 6.382971601157636, "000000291664.png": 7.789248221902104, "000000269314.png": 5.031802176050803, "000000292024.png": 4.653670304385142, "000000468632.png": 9.837827545298858, "000000231125.png": 5.363516773072804, "000000047121.png": 2.2574864399024204, "000000307074.png": 5.158163369820244, "000000477689.png": 5.8486207104973476, "000000355610.png": 2.2972437250402034, "000000308328.png": 5.215192470444959, "000000455981.png": 2.4092010300857836, "000000502599.png": 8.006104243506854, "000000102411.png": 7.007934214394864, "000000508602.png": 7.767600036932734, "000000335081.png": 5.00497561334939, "000000351589.png": 5.3379466252431, "000000314034.png": 9.370890243180074, "000000019924.png": 6.308708215544768, "000000011511.png": 6.299124342519425, "000000503841.png": 6.583636764216221, "000000479596.png": 6.026823630630562, "000000115118.png": 12.585878375134525, "000000190853.png": 3.10997998739583, "000000030504.png": 6.577402733310481, "000000239773.png": 3.556232090174899, "000000468124.png": 7.074508976014171, "000000303653.png": 7.606591170488914, "000000100510.png": 8.037490207278505, "000000174004.png": 9.965259630095588, "000000289059.png": 3.6644440381820815, "000000144706.png": 3.749495664237532, "000000187144.png": 5.284095635879252, "000000269866.png": 4.516754891658621, "000000362434.png": 5.726131140987625}