{"000000079188.png": 15.383908350463937, "000000337987.png": 13.766873306361422, "000000004795.png": 15.215260842924893, "000000386912.png": 11.360556466663024, "000000458255.png": 5.389450502166933, "000000012639.png": 17.753522350333586, "000000347265.png": 17.097850320497834, "000000049761.png": 15.290951639100495, "000000201426.png": 13.065916530501655, "000000294783.png": 9.639991030963696, "000000310862.png": 9.755968653576652, "000000229216.png": 10.791011389036221, "000000186296.png": 9.169173559480734, "000000561465.png": 6.421726191714123, "000000395903.png": 22.288325898051212, "000000438955.png": 18.692411802616668, "000000147745.png": 17.908482824375433, "000000051008.png": 13.106413617871008, "000000109313.png": 12.227460117827574, "000000204329.png": 11.356171753394882, "000000271471.png": 4.1436890200277405, "000000575500.png": 11.106664059956662, "000000477623.png": 17.37667786232247, "000000209613.png": 11.239247729692233, "000000086483.png": 14.464486005601113, "000000093437.png": 9.969941516449184, "000000126216.png": 22.373943181660483, "000000565607.png": 22.425783723518986, "000000343496.png": 16.550498303176315, "000000309391.png": 17.286961336330794, "000000411530.png": 20.173054223379133, "000000135561.png": 5.93087293182671, "000000535578.png": 14.574762594147934, "000000328238.png": 19.956787638925526, "000000414034.png": 7.527318786523654, "000000294831.png": 5.365244460086311, "000000291619.png": 5.449762209131173, "000000522889.png": 7.691058227752494, "000000032817.png": 8.106801743638405, "000000210032.png": 12.696127194751716, "000000414795.png": 16.112752533747987, "000000192716.png": 15.874253352886491, "000000249786.png": 13.026104734293806, "000000286422.png": 9.953229865974054, "000000060932.png": 10.500769470263334, "000000516143.png": 11.60431808878254, "000000176037.png": 11.891874697842782, "000000221017.png": 13.146366968105212, "000000399462.png": 16.465283798274466, "000000167159.png": 7.134414594353283, "000000044652.png": 2.4190607645426425, "000000167572.png": 8.456721024802333, "000000136915.png": 9.925950811043569, "000000413395.png": 10.813193758004585, "000000504389.png": 11.003381653946255, "000000186282.png": 5.371597247525229, "000000010363.png": 5.9421959179721044, "000000377814.png": 9.632819614540052, "000000532575.png": 9.380645053925143, "000000085195.png": 16.70087388079659, "000000144706.png": 7.510256408004735, "000000362434.png": 10.56350118983678, "000000269866.png": 10.644171857457646, "000000514914.png": 13.355072517143958, "000000170595.png": 9.527664428765632, "000000506310.png": 10.109869676486845, "000000255401.png": 13.948086553256486, "000000187144.png": 12.345862814830296, "000000013923.png": 17.79983406879998, "000000402118.png": 5.1267945320506865, "000000537053.png": 13.581437715906457, "000000074733.png": 10.216094894093919, "000000192964.png": 4.924590771898402, "000000451693.png": 10.342871740163417, "000000174004.png": 16.985459958034895, "000000239773.png": 6.184876756834761, "000000303653.png": 11.180087165193793, "000000034071.png": 2.3323003162945426, "000000451714.png": 15.102544904398185, "000000319935.png": 10.143146413584352, "000000190923.png": 11.829522277328547, "000000252716.png": 14.031493300135416, "000000100510.png": 13.219889190596708, "000000148719.png": 14.711279899770537, "000000468124.png": 14.434282260723482, "000000180751.png": 12.453825257474092, "000000198960.png": 22.575149110039032, "000000068765.png": 9.174978430506258, "000000361919.png": 11.269420564286841, "000000289059.png": 7.3150794224593385, "000000452515.png": 7.1025280572829965, "000000306437.png": 6.799564171202937, "000000006040.png": 11.308050420858727, "000000190853.png": 6.376831466918839, "000000231125.png": 13.204678950205464, "000000252701.png": 18.539583791445718, "000000453341.png": 13.162116124315798, "000000477689.png": 14.153794585080277, "000000556158.png": 11.826677093350579, "000000291664.png": 20.611019096112784, "000000439623.png": 11.084172010593427, "000000269314.png": 11.430583394552615, "000000307074.png": 10.633278343325564, "000000380203.png": 8.91899675504714, "000000468632.png": 16.094717448510117, "000000047121.png": 7.751204013484849, "000000351559.png": 6.310807922912467, "000000292024.png": 7.8998153664339625, "000000030504.png": 14.832948889461914, "000000351589.png": 7.648956136549478, "000000479596.png": 12.00588643099899, "000000102411.png": 17.460272155533456, "000000019924.png": 19.949159003427972, "000000007816.png": 11.174228391662446, "000000508602.png": 15.051600799555299, "000000215723.png": 6.72856131867692, "000000335081.png": 9.428358325435495, "000000314034.png": 15.178656011244524, "000000503841.png": 13.24216034099649, "000000533855.png": 6.008515736622175, "000000011511.png": 10.564080740476518, "000000570688.png": 14.524387094151141, "000000057027.png": 10.649427473393446, "000000192699.png": 12.629226775355491, "000000311789.png": 3.4978703223299457, "000000310072.png": 13.888600416251997, "000000033109.png": 10.32094521080005, "000000389381.png": 16.42780175482379, "000000264968.png": 12.24852624840168, "000000092839.png": 9.064502613076488, "000000001000.png": 14.607901290712757, "000000329447.png": 15.468679754231784, "000000355610.png": 6.164094244552501, "000000336658.png": 6.510993891634007, "000000309938.png": 11.561009707942508, "000000232684.png": 2.3543673858089016, "000000502599.png": 12.65299096636629, "000000231549.png": 7.899057868378218, "000000369037.png": 5.756051600471998, "000000308328.png": 11.413397399036626, "000000455981.png": 6.157449549413417, "000000468233.png": 4.162572768376878, "000000284762.png": 16.55054102647963, "000000482585.png": 12.147286958814135, "000000135604.png": 16.942359334305483, "000000538067.png": 12.618063913085715, "000000226662.png": 10.166602040863662, "000000311909.png": 12.115998708713215, "000000468954.png": 7.899477756547058, "000000250766.png": 15.258264675597045, "000000211042.png": 7.393894776843842, "000000097022.png": 7.64479409919089, "000000096001.png": 15.487443739924158, "000000238013.png": 6.93442785352503, "000000396863.png": 18.84604107046994, "000000173033.png": 13.469267533714957, "000000234779.png": 5.586713865400062, "000000228942.png": 11.759140076732516, "000000400573.png": 10.493589901007157, "000000444879.png": 12.567000617144412, "000000133244.png": 12.166642716951486, "000000115118.png": 16.330289938554394, "000000505789.png": 20.943071585674243, "000000095786.png": 5.959258764030546, "000000200421.png": 6.201025044590858, "000000269682.png": 4.073554041015724, "000000194940.png": 6.75836504865917, "000000532493.png": 19.08253109693589, "000000028285.png": 8.565266772272963, "000000102707.png": 13.700382833704447, "000000335177.png": 15.237460583282864, "000000361551.png": 10.126326966743711, "000000239537.png": 14.108761448139209, "000000061171.png": 17.413396233816012, "000000117908.png": 8.398931434830686, "000000127135.png": 20.699338696201973, "000000391375.png": 4.702737771082511, "000000451043.png": 20.057122551052434, "000000472623.png": 11.514747291263578, "000000027620.png": 12.391506968919582, "000000501243.png": 15.013196422204267, "000000342295.png": 12.862593065446514, "000000334417.png": 5.7446377069640775, "000000434996.png": 6.6476203198973645, "000000108440.png": 12.522512671256704, "000000076211.png": 10.165419289253126, "000000534601.png": 7.223258667955018, "000000177357.png": 15.490351205425199, "000000404479.png": 7.304347589548379, "000000104612.png": 9.43682266104276, "000000560279.png": 11.117643164250895, "000000229111.png": 3.9485988573172643, "000000474452.png": 9.560231690866983, "000000183500.png": 10.418318342641086, "000000370486.png": 14.202229605027735, "000000167902.png": 11.775038203859143, "000000520659.png": 14.723872551866725, "000000346968.png": 4.869316344262175, "000000453708.png": 6.168077008805511, "000000138639.png": 14.005428657015859}