{"CXR1113_IM-0078-1002.png": 5.7695883205438205, "CXR102_IM-0016-2001.png": 4.983949472484087, "CXR1071_IM-0051-2001.png": 1.3244380778872753, "CXR1088_IM-0061-1001.png": 4.897100356350281, "CXR1126_IM-0082-1001.png": 3.3534732764457638, "CXR1130_IM-0087-1001.png": 4.963378175038006, "CXR1153_IM-0104-1001.png": 6.775853722495535, "CXR1142_IM-0096-2001.png": 4.5118958523426675, "CXR1152_IM-0103-1001.png": 1.2721722576233923, "CXR1141_IM-0096-1002.png": 5.590885336779028, "CXR1128_IM-0084-6001.png": 6.097064555101533, "CXR1146_IM-0098-1001.png": 4.728593386010661, "CXR1165_IM-0110-1001.png": 4.922131116178806, "CXR1160_IM-0107-1001.png": 4.664104820517739, "CXR1229_IM-0152-2001.png": 5.303721486102383, "CXR118_IM-0123-2001.png": 4.5636584937891955, "CXR1174_IM-0118-1001.png": 1.718488669246512, "CXR1170_IM-0115-2001.png": 3.8223139918993554, "CXR1211_IM-0142-1001.png": 3.391257643688867, "CXR122_IM-0147-0001-0002.png": 3.909670651590391, "CXR1235_IM-0158-1001.png": 4.895043490482369, "CXR1372_IM-0239-2001.png": 3.0183954813692297, "CXR122_IM-0147-0001-0001.png": 3.4743876591657274, "CXR1300_IM-0198-2001.png": 3.541803229595684, "CXR1278_IM-0185-1002.png": 5.448165581210577, "CXR3060_IM-1426-1003.png": 5.087935861349137, "CXR3171_IM-1494-1001.png": 3.335184528958808, "CXR3096_IM-1448-3003.png": 5.031186989602298, "CXR3063_IM-1428-1001.png": 4.850678190464695, "CXR3057_IM-1424-1001-0001.png": 4.8464746156104015, "CXR3185_IM-1503-2001.png": 4.078173537460656, "CXR3058_IM-1425-2002.png": 3.6453830136345453, "CXR1381_IM-0245-2001.png": 2.494016935502724, "CXR3256_IM-1543-2001.png": 3.334731398752069, "CXR3255_IM-1543-2001.png": 4.552534375826096, "CXR3267_IM-1551-2001.png": 3.8198378286162717, "CXR3194_IM-1505-2001.png": 1.5155332200333782, "CXR3262_IM-1548-3001.png": 5.22321007487025, "CXR3249_IM-1539-2001.png": 3.9449443739784367, "CXR3330_IM-1594-1001.png": 3.3485026768062807, "CXR3369_IM-1621-2001.png": 2.5105916601449105, "CXR3292_IM-1572-2001.png": 4.856215444055243, "CXR3379_IM-1627-2001.png": 3.081366318766544, "CXR3385_IM-1632-2001.png": 4.094364702751003, "CXR3442_IM-1667-2001.png": 3.4920903484408727, "CXR3470_IM-1686-2001.png": 1.01354328938437, "CXR3415_IM-1650-1002.png": 3.8557754938981295, "CXR3451_IM-1674-1001.png": 4.320968020234283, "CXR2087_IM-0718-3001.png": 4.138999944663352, "CXR3439_IM-1664-1001.png": 3.3757107887034405, "CXR2178_IM-0790-3001.png": 4.135457393632195, "CXR210_IM-0730-4001.png": 3.985737964572095, "CXR2123_IM-0748-1001.png": 5.448498250619188, "CXR2138_IM-0760-1001.png": 4.413449313884534, "CXR2208_IM-0815-1002.png": 5.080228454088627, "CXR2228_IM-0831-1001.png": 4.115091412440209, "CXR2168_IM-0784-2001.png": 5.671826541343921, "CXR208_IM-0711-1001.png": 4.82831718757296, "CXR226_IM-0851-2001.png": 3.6908367345676747, "CXR2239_IM-0836-1001.png": 6.3410283272109025, "CXR2262_IM-0852-1001.png": 2.0258234677772515, "CXR2246_IM-0843-2001.png": 1.7578006761779008, "CXR2259_IM-0850-2001.png": 3.859818262071797, "CXR3836_IM-1939-2001.png": 1.6024355185478998, "CXR2277_IM-0864-2001.png": 4.983293354311766, "CXR3842_IM-1943-3003.png": 3.170156131226697, "CXR3944_IM-2014-1001.png": 4.773686133259947, "CXR3931_IM-2003-3001.png": 1.7487584318720835, "CXR401_IM-2051-1001.png": 1.4829851772822742, "CXR427_IM-2070-2001.png": 6.233730658037452, "CXR3862_IM-1956-1001.png": 1.6500132619418677, "CXR433_IM-2073-2001.png": 3.8357578820994345, "CXR436_IM-2076-1001-0001.png": 4.204704306974617, "CXR459_IM-2090-1001.png": 1.3847825587479716, "CXR470_IM-2099-2001.png": 2.186121268634478, "CXR48_IM-2103-2001.png": 1.53300010244555, "CXR5_IM-2117-1003002.png": 4.05962591337969, "CXR1402_IM-0257-1001.png": 3.3805818421413885, "CXR531_IM-2140-2001.png": 4.783486860444458, "CXR524_IM-2135-0001-0001.png": 4.013440431883861, "CXR558_IM-2158-0001-0001.png": 3.514916141247778, "CXR2059_IM-0696-2001.png": 1.9462197712393519, "CXR2528_IM-1044-1001.png": 4.2093301346263345, "CXR2740_IM-1195-1001.png": 4.018018337265936, "CXR2301_IM-0881-1001.png": 0.877676244520956, "CXR3045_IM-1418-1001.png": 5.187151954480756, "CXR609_IM-2197-2001.png": 2.6710432657691783, "CXR1524_IM-0339-1001.png": 3.262700160415467, "CXR1547_IM-0357-2001.png": 3.0963319045062296, "CXR3830_IM-1933-1001.png": 3.3578197187496723, "CXR3471_IM-1687-2002.png": 4.090288265838687, "CXR1483_IM-0313-1001.png": 3.5528846894231148, "CXR1655_IM-0431-2001.png": 1.7055731881048382, "CXR1699_IM-0459-2001.png": 7.527746448645072, "CXR1677_IM-0446-1001.png": 4.615062800709899, "CXR163_IM-0410-3003.png": 4.940399184025179, "CXR1653_IM-0429-2001.png": 3.6416909352624627, "CXR1666_IM-0440-0001-0001.png": 2.9008702802138533, "CXR17_IM-0460-2001.png": 1.11296319233777, "CXR1788_IM-0513-1001.png": 4.685249495011095, "CXR1707_IM-0466-2001.png": 4.476233400474017, "CXR1834_IM-0539-1002.png": 5.65994730655954, "CXR1706_IM-0466-1001.png": 5.318535533118476, "CXR1840_IM-0545-1001.png": 4.2678380467341075, "CXR1945_IM-0614-2001.png": 5.040230091669583, "CXR1967_IM-0629-1001.png": 3.307972575847114, "CXR1934_IM-0604-1001.png": 5.638138772757261, "CXR1975_IM-0634-1001.png": 1.8735895914567016, "CXR1881_IM-0570-2001.png": 3.368047515860556, "CXR1966_IM-0629-1001.png": 4.774399171718261, "CXR1841_IM-0545-2001.png": 1.662926921709391, "CXR2541_IM-1053-2001.png": 4.209898284259255, "CXR2528_IM-1044-2001.png": 3.825348876411345, "CXR2010_IM-0661-1001.png": 4.40791229718168, "CXR2533_IM-1047-2001.png": 4.020247644238252, "CXR19_IM-0583-3003.png": 3.1726022309775845, "CXR2557_IM-1061-2001.png": 2.9973253438192025, "CXR2058_IM-0696-2002.png": 1.6322857470640082, "CXR2655_IM-1137-2001.png": 2.0137330721028586, "CXR2563_IM-1066-2001.png": 4.564827603989896, "CXR2664_IM-1145-2001.png": 3.2002503494014833, "CXR2638_IM-1123-2001.png": 4.316744320840797, "CXR2660_IM-1142-2001.png": 1.5980707073963654, "CXR270_IM-1168-1001.png": 5.450940973667919, "CXR2679_IM-1153-2001.png": 3.377152808751704, "CXR267_IM-1147-1001.png": 1.7567073815976508, "CXR2665_IM-1145-2001.png": 1.8806308648977925, "CXR3491_IM-1698-1001.png": 4.833144245678314, "CXR2720_IM-1182-2001.png": 2.4999842253452043, "CXR3506_IM-1708-1001.png": 5.102710543720039, "CXR3500_IM-1706-2001.png": 1.1963327449124965, "CXR3490_IM-1697-1001.png": 3.773917400151805, "CXR3566_IM-1751-1001.png": 4.833582068267867, "CXR3565_IM-1750-2001.png": 4.56349456248854, "CXR3543_IM-1735-2001.png": 3.816781157936786, "CXR3544_IM-1736-2001.png": 1.5688424961481795, "CXR3532_IM-1726-1001.png": 1.7043556955058716, "CXR3639_IM-1804-1001.png": 2.05104788709429, "CXR3638_IM-1804-1001.png": 1.277325148275529, "CXR3650_IM-1813-1001.png": 4.272102219366622, "CXR3628_IM-1796-2001.png": 6.063938479381444, "CXR3612_IM-1785-2001.png": 4.451362561653631, "CXR3733_IM-1866-1001.png": 1.4589842649754665, "CXR3745_IM-1872-1001.png": 3.940660301017021, "CXR3768_IM-1887-2001.png": 2.118949555796063, "CXR3783_IM-1898-1001.png": 1.4394207474947893, "CXR3727_IM-1863-2001.png": 4.257240602857616, "CXR3794_IM-1908-1002.png": 3.4785246279523183, "CXR3809_IM-1919-1002001.png": 4.8303833090093695, "CXR3821_IM-1929-2001.png": 4.60428251282794, "CXR3797_IM-1910-0001-0001.png": 3.920096313218035, "CXR633_IM-2213-1001.png": 3.340416995470662, "CXR634_IM-2214-1001.png": 5.3440130374914006, "CXR640_IM-2219-1001.png": 3.4804904041100135, "CXR3827_IM-1932-1001.png": 1.575250748457536, "CXR3824_IM-1931-1001.png": 1.7062088294591493, "CXR682_IM-2253-2001.png": 4.843409827670522, "CXR651_IM-2229-1001.png": 3.866540154332657, "CXR647_IM-2225-2001.png": 1.7947316751667617, "CXR70_IM-2264-3001.png": 3.446043102978531, "CXR756_IM-2307-4001.png": 3.653298727902118, "CXR718_IM-2280-3001.png": 3.095114135613256, "CXR935_IM-2432-1001.png": 4.16743934347057, "CXR899_IM-2407-1001.png": 4.189187320559976, "CXR776_IM-2319-1001.png": 1.732340890010557, "CXR810_IM-2343-1001.png": 1.4492876376641848, "CXR801_IM-2335-2001.png": 5.457716038005281, "CXR965_IM-2455-1001.png": 5.835671682438072, "CXR892_IM-2403-1001.png": 7.165340808010462,