{"CXR1113_IM-0078-1002.png": 2.100344025906278, "CXR102_IM-0016-2001.png": 2.0583602096219638, "CXR1071_IM-0051-2001.png": 1.4161245914449956, "CXR1088_IM-0061-1001.png": 2.5826118974547043, "CXR1126_IM-0082-1001.png": 2.1159711677047763, "CXR1130_IM-0087-1001.png": 3.2579115953193685, "CXR1153_IM-0104-1001.png": 3.113696505328781, "CXR1142_IM-0096-2001.png": 1.3630065020708924, "CXR1152_IM-0103-1001.png": 1.3688255786351975, "CXR1141_IM-0096-1002.png": 1.9602165281461568, "CXR1128_IM-0084-6001.png": 1.9047074175550645, "CXR1146_IM-0098-1001.png": 2.335479808439748, "CXR1165_IM-0110-1001.png": 1.8563820764163756, "CXR1160_IM-0107-1001.png": 2.595514664191808, "CXR1229_IM-0152-2001.png": 2.083300143481746, "CXR118_IM-0123-2001.png": 1.2921259248769938, "CXR1174_IM-0118-1001.png": 2.014968739020839, "CXR1170_IM-0115-2001.png": 1.8929020472305775, "CXR1211_IM-0142-1001.png": 3.1217130347669793, "CXR122_IM-0147-0001-0002.png": 2.0467485445366798, "CXR1235_IM-0158-1001.png": 2.4614679741755014, "CXR1372_IM-0239-2001.png": 1.4159371114273918, "CXR122_IM-0147-0001-0001.png": 3.4008101096408367, "CXR1300_IM-0198-2001.png": 1.6110015362966021, "CXR1278_IM-0185-1002.png": 1.5655873086870782, "CXR3060_IM-1426-1003.png": 2.728641252387872, "CXR3171_IM-1494-1001.png": 2.261200981139114, "CXR3096_IM-1448-3003.png": 1.8474186488773245, "CXR3063_IM-1428-1001.png": 3.1000631206114244, "CXR3057_IM-1424-1001-0001.png": 1.6430888106555235, "CXR3185_IM-1503-2001.png": 1.5191641628625592, "CXR3058_IM-1425-2002.png": 3.056680055160262, "CXR1381_IM-0245-2001.png": 1.2544638120444551, "CXR3256_IM-1543-2001.png": 1.4629551080452614, "CXR3255_IM-1543-2001.png": 1.7416089113455502, "CXR3267_IM-1551-2001.png": 1.5428985133379052, "CXR3194_IM-1505-2001.png": 1.2179375754216872, "CXR3262_IM-1548-3001.png": 2.7918365315948814, "CXR3249_IM-1539-2001.png": 1.5456600155247397, "CXR3330_IM-1594-1001.png": 2.5115723337467073, "CXR3369_IM-1621-2001.png": 1.6918890070799866, "CXR3292_IM-1572-2001.png": 1.5887774425122378, "CXR3379_IM-1627-2001.png": 1.824532113166171, "CXR3385_IM-1632-2001.png": 1.82914255464248, "CXR3442_IM-1667-2001.png": 1.4202616933984902, "CXR3470_IM-1686-2001.png": 1.6679594914604063, "CXR3415_IM-1650-1002.png": 1.9392043088954183, "CXR3451_IM-1674-1001.png": 2.01473968371534, "CXR2087_IM-0718-3001.png": 2.0032917306432507, "CXR3439_IM-1664-1001.png": 1.8935139259470555, "CXR2178_IM-0790-3001.png": 1.5682147014741459, "CXR210_IM-0730-4001.png": 1.6672620396577387, "CXR2123_IM-0748-1001.png": 3.005735656798761, "CXR2138_IM-0760-1001.png": 2.912437797289735, "CXR2208_IM-0815-1002.png": 1.713775394059906, "CXR2228_IM-0831-1001.png": 2.8093715500530654, "CXR2168_IM-0784-2001.png": 1.9212043206351577, "CXR208_IM-0711-1001.png": 2.694373093842085, "CXR226_IM-0851-2001.png": 1.6207182104328612, "CXR2239_IM-0836-1001.png": 1.8918513591373962, "CXR2262_IM-0852-1001.png": 2.903923537594222, "CXR2246_IM-0843-2001.png": 1.5107133549265621, "CXR2259_IM-0850-2001.png": 2.016260295192945, "CXR3836_IM-1939-2001.png": 1.4361775128350633, "CXR2277_IM-0864-2001.png": 1.5357248636548557, "CXR3842_IM-1943-3003.png": 1.7623944430095422, "CXR3944_IM-2014-1001.png": 2.6905623804938053, "CXR3931_IM-2003-3001.png": 2.415906803593619, "CXR401_IM-2051-1001.png": 1.965746785140866, "CXR427_IM-2070-2001.png": 1.7560473238781233, "CXR3862_IM-1956-1001.png": 1.6506889269541547, "CXR433_IM-2073-2001.png": 1.6329549180503298, "CXR436_IM-2076-1001-0001.png": 1.7951154755194947, "CXR459_IM-2090-1001.png": 1.6734996899881243, "CXR470_IM-2099-2001.png": 1.1781468989761412, "CXR48_IM-2103-2001.png": 1.4806122011677303, "CXR5_IM-2117-1003002.png": 2.3335980168098613, "CXR1402_IM-0257-1001.png": 2.4720985952553485, "CXR531_IM-2140-2001.png": 1.8418198882726198, "CXR524_IM-2135-0001-0001.png": 1.834938065659199, "CXR558_IM-2158-0001-0001.png": 3.1369065977423287, "CXR2059_IM-0696-2001.png": 1.329226477622927, "CXR2528_IM-1044-1001.png": 2.2646779668877923, "CXR2740_IM-1195-1001.png": 1.8459933110044497, "CXR2301_IM-0881-1001.png": 1.461282156106827, "CXR3045_IM-1418-1001.png": 2.7858713536070963, "CXR609_IM-2197-2001.png": 1.2606047374117224, "CXR1524_IM-0339-1001.png": 2.2905790976023006, "CXR1547_IM-0357-2001.png": 1.5455108711409518, "CXR3830_IM-1933-1001.png": 2.0401357609367152, "CXR3471_IM-1687-2002.png": 2.3201789094246505, "CXR1483_IM-0313-1001.png": 2.083274329452577, "CXR1655_IM-0431-2001.png": 1.589730933073223, "CXR1699_IM-0459-2001.png": 2.0862441358894057, "CXR1677_IM-0446-1001.png": 2.7791777053263016, "CXR163_IM-0410-3003.png": 2.0161688726060985, "CXR1653_IM-0429-2001.png": 1.3709304193595027, "CXR1666_IM-0440-0001-0001.png": 3.140782785247544, "CXR17_IM-0460-2001.png": 1.4469420819660783, "CXR1788_IM-0513-1001.png": 3.2868011842441773, "CXR1707_IM-0466-2001.png": 1.8890536163538185, "CXR1834_IM-0539-1002.png": 1.9462117469406952, "CXR1706_IM-0466-1001.png": 2.6574214082077225, "CXR1840_IM-0545-1001.png": 2.659537079370844, "CXR1945_IM-0614-2001.png": 2.072090710332624, "CXR1967_IM-0629-1001.png": 3.082541606516139, "CXR1934_IM-0604-1001.png": 2.3903662870774656, "CXR1975_IM-0634-1001.png": 3.0010101879148308, "CXR1881_IM-0570-2001.png": 1.456513238254881, "CXR1966_IM-0629-1001.png": 2.4364508349786265, "CXR1841_IM-0545-2001.png": 1.5016828561210471, "CXR2541_IM-1053-2001.png": 1.4331883140861126, "CXR2528_IM-1044-2001.png": 1.6327361648515848, "CXR2010_IM-0661-1001.png": 2.885346222357496, "CXR2533_IM-1047-2001.png": 1.649297338692479, "CXR19_IM-0583-3003.png": 1.9529662053110601, "CXR2557_IM-1061-2001.png": 1.4719478235474233, "CXR2058_IM-0696-2002.png": 0.9734785025675502, "CXR2655_IM-1137-2001.png": 1.3823271747369694, "CXR2563_IM-1066-2001.png": 1.4882927832402546, "CXR2664_IM-1145-2001.png": 1.4100728011460926, "CXR2638_IM-1123-2001.png": 1.5239949513683568, "CXR2660_IM-1142-2001.png": 1.2614559913337322, "CXR270_IM-1168-1001.png": 2.752990946015247, "CXR2679_IM-1153-2001.png": 1.5150288006720982, "CXR267_IM-1147-1001.png": 1.9062105242450755, "CXR2665_IM-1145-2001.png": 1.2548683524612805, "CXR3491_IM-1698-1001.png": 3.1723882814502518, "CXR2720_IM-1182-2001.png": 1.470072046294804, "CXR3506_IM-1708-1001.png": 2.7748016880687105, "CXR3500_IM-1706-2001.png": 1.3964008882162045, "CXR3490_IM-1697-1001.png": 1.965603242442853, "CXR3566_IM-1751-1001.png": 1.6371050851566098, "CXR3565_IM-1750-2001.png": 1.4680939113987015, "CXR3543_IM-1735-2001.png": 2.0052675879623063, "CXR3544_IM-1736-2001.png": 1.3856206480406652, "CXR3532_IM-1726-1001.png": 1.90990228950286, "CXR3639_IM-1804-1001.png": 1.7658473936158883, "CXR3638_IM-1804-1001.png": 1.7908270399187898, "CXR3650_IM-1813-1001.png": 2.7929851900693916, "CXR3628_IM-1796-2001.png": 1.4958121882944708, "CXR3612_IM-1785-2001.png": 1.6113659329755856, "CXR3733_IM-1866-1001.png": 2.318966166091092, "CXR3745_IM-1872-1001.png": 2.70272621255896, "CXR3768_IM-1887-2001.png": 1.4330375086814853, "CXR3783_IM-1898-1001.png": 1.8074230778924978, "CXR3727_IM-1863-2001.png": 1.6696977659736567, "CXR3794_IM-1908-1002.png": 1.652256253715778, "CXR3809_IM-1919-1002001.png": 2.4547925058318496, "CXR3821_IM-1929-2001.png": 1.7882711501563304, "CXR3797_IM-1910-0001-0001.png": 1.356384588505593, "CXR633_IM-2213-1001.png": 1.8193533709813428, "CXR634_IM-2214-1001.png": 1.696791010410459, "CXR640_IM-2219-1001.png": 2.816880392369503, "CXR3827_IM-1932-1001.png": 2.192170039883963, "CXR3824_IM-1931-1001.png": 2.143122974287455, "CXR682_IM-2253-2001.png": 1.5765506326734389, "CXR651_IM-2229-1001.png": 2.1656813843238747, "CXR647_IM-2225-2001.png": 1.6425135481442916, "CXR70_IM-2264-3001.png": 2.861254541828027, "CXR756_IM-2307-4001.png": 1.31639487793796, "CXR718_IM-2280-3001.png": 1.599774113879998, "CXR935_IM-2432-1001.png": 2.9117807528001904, "CXR899_IM-2407-1001.png": 2.8880562835866432, "CXR776_IM-2319-1001.png": 2.185523080807545, "CXR810_IM-2343-1001.png": 2.1734203404583354, "CXR801_IM-2335-2001.png": 1.9610763524933401,