{"000000079188.png": 10.142338663539176, "000000337987.png": 15.414231678558481, "000000004795.png": 12.434658556872666, "000000386912.png": 16.353554749952377, "000000458255.png": 7.543289093048513, "000000012639.png": 14.91441501140213, "000000347265.png": 18.658509689691357, "000000049761.png": 10.98098511461407, "000000201426.png": 12.235628696371723, "000000294783.png": 15.791107535582452, "000000310862.png": 6.894692724357092, "000000229216.png": 13.017282330446651, "000000186296.png": 11.895418303277504, "000000561465.png": 9.28002624158445, "000000395903.png": 21.743402050615483, "000000438955.png": 22.154694958585104, "000000147745.png": 16.738338864764565, "000000051008.png": 15.66658098394215, "000000109313.png": 9.639306977747271, "000000204329.png": 12.712265826332004, "000000271471.png": 6.454870034850731, "000000575500.png": 10.863269299715645, "000000477623.png": 15.14110151796033, "000000209613.png": 18.73505019805426, "000000086483.png": 20.168735387302238, "000000093437.png": 11.744768745825489, "000000126216.png": 24.15626072188988, "000000565607.png": 27.787621412244885, "000000343496.png": 17.998033884519323, "000000309391.png": 22.22888721832678, "000000411530.png": 20.836555654181844, "000000135561.png": 7.390956211805275, "000000535578.png": 17.67623685255996, "000000328238.png": 19.209710388383527, "000000414034.png": 9.289169857953778, "000000294831.png": 6.614891195908216, "000000291619.png": 20.384900434711884, "000000522889.png": 9.722914151961758, "000000032817.png": 7.183208134196687, "000000210032.png": 13.177894820223113, "000000414795.png": 13.551179606550761, "000000192716.png": 14.860521784690214, "000000249786.png": 12.029544048024517, "000000286422.png": 7.1809717396421275, "000000060932.png": 18.857030710779387, "000000516143.png": 12.371706414039348, "000000176037.png": 16.615041894776226, "000000221017.png": 11.164621041659709, "000000399462.png": 15.382263320911454, "000000167159.png": 8.628839185829376, "000000044652.png": 2.100527529626051, "000000167572.png": 15.088171356983937, "000000136915.png": 10.58846527927167, "000000413395.png": 8.628218814822809, "000000504389.png": 14.206047682450729, "000000186282.png": 7.765241362003897, "000000010363.png": 10.808368587381514, "000000377814.png": 7.552795915859664, "000000532575.png": 14.90156522646362, "000000085195.png": 8.611448685887654, "000000144706.png": 6.105515723256922, "000000362434.png": 11.330374267843686, "000000269866.png": 9.469842955203033, "000000514914.png": 8.096337650606491, "000000170595.png": 6.162260084621296, "000000506310.png": 16.532650643587274, "000000255401.png": 12.16743376028625, "000000187144.png": 11.38514949519141, "000000013923.png": 15.82403323717209, "000000402118.png": 5.541530125361455, "000000537053.png": 12.560735941210215, "000000074733.png": 10.668388593801161, "000000192964.png": 19.57116199269641, "000000451693.png": 5.943973209445695, "000000174004.png": 17.35678589120253, "000000239773.png": 8.242911170985836, "000000303653.png": 14.487341962007193, "000000034071.png": 4.839677844134763, "000000451714.png": 12.133548003817697, "000000319935.png": 12.599274589851227, "000000190923.png": 14.514249326738629, "000000252716.png": 11.545795881370191, "000000100510.png": 15.427273887286734, "000000148719.png": 17.35297075192468, "000000468124.png": 12.857103942582034, "000000180751.png": 12.402409761958465, "000000198960.png": 28.236734444015053, "000000068765.png": 14.053901408074594, "000000361919.png": 9.01818182698958, "000000289059.png": 7.429725170709127, "000000452515.png": 6.071216167889799, "000000306437.png": 12.45348537191774, "000000006040.png": 18.96709672261358, "000000190853.png": 5.477115572571274, "000000231125.png": 13.507631859571788, "000000252701.png": 13.283043767248982, "000000453341.png": 12.526071908713574, "000000477689.png": 15.417293746569568, "000000556158.png": 10.218409583797078, "000000291664.png": 15.27456501362575, "000000439623.png": 11.184256914069346, "000000269314.png": 10.02985664322715, "000000307074.png": 12.188056199705683, "000000380203.png": 17.818186900183132, "000000468632.png": 17.017756479765573, "000000047121.png": 5.771019232251549, "000000351559.png": 11.55872679907327, "000000292024.png": 9.008208935737727, "000000030504.png": 13.739271263700825, "000000351589.png": 15.579237741300535, "000000479596.png": 11.79148658760896, "000000102411.png": 17.984008992037687, "000000019924.png": 15.058776192604313, "000000007816.png": 10.085447383622219, "000000508602.png": 19.00628699653683, "000000215723.png": 8.91459464551752, "000000335081.png": 11.554774692582237, "000000314034.png": 16.38563889193061, "000000503841.png": 12.351359514729614, "000000533855.png": 9.349615249510595, "000000011511.png": 20.05816187058663, "000000570688.png": 13.349665855630988, "000000057027.png": 14.324097716255453, "000000192699.png": 15.550149033951824, "000000311789.png": 7.904526578464743, "000000310072.png": 17.82803868344351, "000000033109.png": 16.223643257236613, "000000389381.png": 13.078302847914069, "000000264968.png": 10.362076085477426, "000000092839.png": 9.378216278838469, "000000001000.png": 17.317712152355774, "000000329447.png": 16.53232672728833, "000000355610.png": 4.682575059571664, "000000336658.png": 16.27726887916485, "000000309938.png": 10.444072158341577, "000000232684.png": 12.174411567454108, "000000502599.png": 19.84336834980505, "000000231549.png": 7.623603282242605, "000000369037.png": 14.267625289425597, "000000308328.png": 11.55403700405102, "000000455981.png": 9.324993814060862, "000000468233.png": 4.999184242032878, "000000284762.png": 10.740796103282069, "000000482585.png": 12.048493114473098, "000000135604.png": 13.780049483825666, "000000538067.png": 9.653354541461157, "000000226662.png": 20.079670446055356, "000000311909.png": 19.673238275181955, "000000468954.png": 6.681543956263366, "000000250766.png": 15.785026979213997, "000000211042.png": 12.352172605591868, "000000097022.png": 9.61858234196752, "000000096001.png": 10.100489102400026, "000000238013.png": 9.814113554481505, "000000396863.png": 26.196881786969005, "000000173033.png": 9.228561390076731, "000000234779.png": 4.899891388993788, "000000228942.png": 15.473182385533951, "000000400573.png": 10.102010003169084, "000000444879.png": 12.477389929465541, "000000133244.png": 14.277697319664515, "000000115118.png": 21.776085468923906, "000000505789.png": 23.736565757886417, "000000095786.png": 4.6330766068048845, "000000200421.png": 14.476652769317358, "000000269682.png": 7.17997314382737, "000000194940.png": 8.640250697991215, "000000532493.png": 16.230073559283223, "000000028285.png": 13.14925773802226, "000000102707.png": 12.003550017924521, "000000335177.png": 16.006907875001172, "000000361551.png": 7.301561134675841, "000000239537.png": 9.8787385092196, "000000061171.png": 19.145406514087014, "000000117908.png": 8.270039463691115, "000000127135.png": 18.132254161018306, "000000391375.png": 20.11704946737249, "000000451043.png": 7.395476785148897, "000000472623.png": 16.124820611090772, "000000027620.png": 10.654011430025024, "000000501243.png": 18.07470336078546, "000000342295.png": 11.969611581847536, "000000334417.png": 4.8380480661936645, "000000434996.png": 6.382267866444435, "000000108440.png": 17.277946700337484, "000000076211.png": 8.357862855866333, "000000534601.png": 6.4697017095999705, "000000177357.png": 12.782022836396548, "000000404479.png": 5.350912834900232, "000000104612.png": 15.074878702734093, "000000560279.png": 7.358986015584988, "000000229111.png": 5.6597710901676725, "000000474452.png": 9.896747331728045, "000000183500.png": 8.342287916648385, "000000370486.png": 18.134907155224287, "000000167902.png": 15.44875061459674, "000000520659.png": 18.930305286019518, "000000346968.png": 4.828448349745476, "000000453708.png": 11.48778697402175, "000000138639.png": 19.455271644958525}