{"CXR1229_IM-0152-2001.png": 3.016977893275888, "CXR1141_IM-0096-1002.png": 3.0647228418201067, "CXR1165_IM-0110-1001.png": 3.291575281241575, "CXR118_IM-0123-2001.png": 2.29886248838916, "CXR1211_IM-0142-1001.png": 3.313209998833814, "CXR427_IM-2070-2001.png": 4.765430597436694, "CXR2259_IM-0850-2001.png": 5.450032414485913, "CXR3836_IM-1939-2001.png": 1.1092763695931311, "CXR2262_IM-0852-1001.png": 1.714989279874983, "CXR2246_IM-0843-2001.png": 0.8509863854369275, "CXR2239_IM-0836-1001.png": 3.2087452158291834, "CXR226_IM-0851-2001.png": 2.4685052062582424, "CXR436_IM-2076-1001-0001.png": 2.5269242474790565, "CXR1174_IM-0118-1001.png": 1.1126007179758668, "CXR1152_IM-0103-1001.png": 0.7122095642738254, "CXR1170_IM-0115-2001.png": 3.707611087219254, "CXR1160_IM-0107-1001.png": 3.08197831218846, "CXR1128_IM-0084-6001.png": 2.5200069329776773, "CXR1142_IM-0096-2001.png": 2.0111668576106645, "CXR1146_IM-0098-1001.png": 4.654887491194341, "CXR2277_IM-0864-2001.png": 4.757885792215357, "CXR2178_IM-0790-3001.png": 2.1274682378322725, "CXR401_IM-2051-1001.png": 1.4856334117044505, "CXR208_IM-0711-1001.png": 3.2097462001254633, "CXR3267_IM-1551-2001.png": 1.544222442696067, "CXR3063_IM-1428-1001.png": 5.3697257127753595, "CXR1381_IM-0245-2001.png": 0.783860163959051, "CXR3058_IM-1425-2002.png": 5.16751753831448, "CXR3185_IM-1503-2001.png": 4.97341798739234, "CXR3256_IM-1543-2001.png": 4.186161986003281, "CXR3057_IM-1424-1001-0001.png": 2.212739365944565, "CXR3255_IM-1543-2001.png": 2.998710052319419, "CXR122_IM-0147-0001-0001.png": 4.405522175161311, "CXR1278_IM-0185-1002.png": 1.8989413830747588, "CXR1300_IM-0198-2001.png": 2.5488473475288176, "CXR1372_IM-0239-2001.png": 1.7868694613988005, "CXR1235_IM-0158-1001.png": 5.839709723786287, "CXR3096_IM-1448-3003.png": 3.3296284433943195, "CXR3171_IM-1494-1001.png": 3.3803009081701183, "CXR1153_IM-0104-1001.png": 3.6804549831208893, "CXR1130_IM-0087-1001.png": 5.382781562473007, "CXR3060_IM-1426-1003.png": 3.0085552590995306, "CXR122_IM-0147-0001-0002.png": 3.4607409488790237, "CXR1126_IM-0082-1001.png": 3.7858779219889755, "CXR102_IM-0016-2001.png": 2.2750354366328467, "CXR1088_IM-0061-1001.png": 5.538345723967552, "CXR1071_IM-0051-2001.png": 1.1157938511177103, "CXR1113_IM-0078-1002.png": 2.3256193023772127, "CXR531_IM-2140-2001.png": 3.2210657381349934, "CXR5_IM-2117-1003002.png": 4.525639889925331, "CXR1402_IM-0257-1001.png": 4.165882720755814, "CXR524_IM-2135-0001-0001.png": 1.7143283815844654, "CXR48_IM-2103-2001.png": 1.121277929209, "CXR470_IM-2099-2001.png": 0.8074704821689901, "CXR3506_IM-1708-1001.png": 5.139514956814582, "CXR19_IM-0583-3003.png": 3.2551509138337837, "CXR2660_IM-1142-2001.png": 0.6759506349193506, "CXR3862_IM-1956-1001.png": 1.0401343033624282, "CXR1834_IM-0539-1002.png": 3.2865557876619436, "CXR1881_IM-0570-2001.png": 1.4546621335097982, "CXR1524_IM-0339-1001.png": 5.447047009196622, "CXR2087_IM-0718-3001.png": 2.941715872076839, "CXR3415_IM-1650-1002.png": 3.376795856762994, "CXR3470_IM-1686-2001.png": 1.9710048411017955, "CXR3442_IM-1667-2001.png": 2.0550829006239755, "CXR3330_IM-1594-1001.png": 5.462227811169196, "CXR3369_IM-1621-2001.png": 1.5077332100243315, "CXR3451_IM-1674-1001.png": 2.4237352533546903, "CXR3439_IM-1664-1001.png": 3.804419863913507, "CXR3292_IM-1572-2001.png": 5.939217444942193, "CXR3385_IM-1632-2001.png": 3.2873710635942768, "CXR3379_IM-1627-2001.png": 4.253321602418415, "CXR3249_IM-1539-2001.png": 2.1739897853223416, "CXR3262_IM-1548-3001.png": 4.541134459180369, "CXR3194_IM-1505-2001.png": 1.0118631477073845, "CXR1677_IM-0446-1001.png": 2.947980248792255, "CXR459_IM-2090-1001.png": 1.2250010528490474, "CXR558_IM-2158-0001-0001.png": 3.569644470831874, "CXR3931_IM-2003-3001.png": 1.4197857922866013, "CXR3944_IM-2014-1001.png": 3.608536444947964, "CXR3842_IM-1943-3003.png": 2.9749052403167013, "CXR2168_IM-0784-2001.png": 2.1926490355001387, "CXR2138_IM-0760-1001.png": 3.3361786260470283, "CXR2208_IM-0815-1002.png": 2.6865995669520073, "CXR2228_IM-0831-1001.png": 3.5492742368199877, "CXR2123_IM-0748-1001.png": 5.365928346782345, "CXR210_IM-0730-4001.png": 2.6071420266550955, "CXR3783_IM-1898-1001.png": 1.3772266065222614, "CXR3809_IM-1919-1002001.png": 3.7626788757913223, "CXR3768_IM-1887-2001.png": 2.115146929260414, "CXR3797_IM-1910-0001-0001.png": 7.681031921477099, "CXR3745_IM-1872-1001.png": 3.1222824607752373, "CXR3794_IM-1908-1002.png": 2.2181077023819458, "CXR3821_IM-1929-2001.png": 4.332532040973175, "CXR3727_IM-1863-2001.png": 2.2641089628711764, "CXR3733_IM-1866-1001.png": 1.4373827042354275, "CXR3612_IM-1785-2001.png": 3.3479343119292126, "CXR756_IM-2307-4001.png": 2.9201872671028775, "CXR3824_IM-1931-1001.png": 1.2543987674337052, "CXR3827_IM-1932-1001.png": 1.488789588626859, "CXR718_IM-2280-3001.png": 1.8480478046524986, "CXR651_IM-2229-1001.png": 4.328608229735703, "CXR682_IM-2253-2001.png": 1.784195405532163, "CXR70_IM-2264-3001.png": 3.2940202202413156, "CXR647_IM-2225-2001.png": 1.942516455642781, "CXR640_IM-2219-1001.png": 4.630405856220832, "CXR634_IM-2214-1001.png": 2.4302880844038057, "CXR2520_IM-1039-28001.png": 2.1571189821370558, "CXR251_IM-1032-3001.png": 1.4685957897021256, "CXR2447_IM-0983-2001.png": 2.4110286776954886, "CXR2463_IM-0996-1001.png": 3.2259604549903598, "CXR2507_IM-1030-3001.png": 5.677717153169643, "CXR245_IM-0985-1001.png": 5.7662923424620836, "CXR249_IM-1016-2001.png": 1.0719452361332829, "CXR242_IM-0963-1001.png": 3.7510871257474787, "CXR2344_IM-0909-2001.png": 2.17918346374278, "CXR2341_IM-0907-1001.png": 3.7195296007957936, "CXR2352_IM-0918-1002.png": 3.4046471833417664, "CXR2998_IM-1382-1001.png": 1.5151778374870823, "CXR2419_IM-0963-2001.png": 1.4879930112372552, "CXR2398_IM-0947-4004.png": 2.4294007805368834, "CXR2333_IM-0901-2001.png": 4.560952111049207, "CXR2665_IM-1145-2001.png": 0.7882246707172009, "CXR267_IM-1147-1001.png": 1.3169973652978115, "CXR2679_IM-1153-2001.png": 4.52507394366722, "CXR270_IM-1168-1001.png": 4.806481805139054, "CXR2058_IM-0696-2002.png": 1.0469127006414911, "CXR2563_IM-1066-2001.png": 1.7556111001998005, "CXR2655_IM-1137-2001.png": 3.7546099668882666, "CXR2638_IM-1123-2001.png": 3.9153376779014994, "CXR2664_IM-1145-2001.png": 1.6947807929060759, "CXR2557_IM-1061-2001.png": 2.3000870730865937, "CXR3638_IM-1804-1001.png": 1.2881949287964, "CXR3566_IM-1751-1001.png": 1.8938151044034532, "CXR3565_IM-1750-2001.png": 1.876400124578242, "CXR3650_IM-1813-1001.png": 4.879756113171719, "CXR3543_IM-1735-2001.png": 4.096465195348527, "CXR3639_IM-1804-1001.png": 1.9240732546080397, "CXR3544_IM-1736-2001.png": 2.0017372381193845, "CXR3532_IM-1726-1001.png": 1.6849934094109673, "CXR3490_IM-1697-1001.png": 5.256113966831661, "CXR3500_IM-1706-2001.png": 2.118919274707883, "CXR3628_IM-1796-2001.png": 2.8074673078798544, "CXR633_IM-2213-1001.png": 2.8740532071842524, "CXR935_IM-2432-1001.png": 3.1455708221382515, "CXR2970_IM-1362-1001.png": 4.275751140253424, "CXR2773_IM-1214-1001.png": 4.120115773897156, "CXR3491_IM-1698-1001.png": 4.180899930105709, "CXR2720_IM-1182-2001.png": 2.3391315854237433, "CXR2301_IM-0881-1001.png": 1.2366757240389104, "CXR3045_IM-1418-1001.png": 3.7603130036450603, "CXR2740_IM-1195-1001.png": 4.310844333287463, "CXR609_IM-2197-2001.png": 2.6903884186433444, "CXR2528_IM-1044-1001.png": 3.7226128904714235, "CXR2059_IM-0696-2001.png": 1.8917435383696812, "CXR3471_IM-1687-2002.png": 5.735519331531954, "CXR1655_IM-0431-2001.png": 3.187810972578596, "CXR1699_IM-0459-2001.png": 3.150300370323589, "CXR1483_IM-0313-1001.png": 4.841995851292189, "CXR3830_IM-1933-1001.png": 3.69431677215854, "CXR1547_IM-0357-2001.png": 2.99698751291524, "CXR1945_IM-0614-2001.png": 2.59393496430249, "CXR1975_IM-0634-1001.png": 1.892565233450774, "CXR1706_IM-0466-1001.png": 3.0271905890401607, "CXR433_IM-2073-2001.png": 4.210227305470148, "CXR2010_IM-0661-1001.png": 2.714014973017912, "CXR2528_IM-1044-2001.png": 2.3250210995657485, "CXR2533_IM-1047-2001.png": 2.462036243875301,