{"CXR1113_IM-0078-1002.png": 2.02166440262382, "CXR5_IM-2117-1003002.png": 2.7245030909575307, "CXR1402_IM-0257-1001.png": 2.5586204950093228, "CXR48_IM-2103-2001.png": 1.2204919002592511, "CXR470_IM-2099-2001.png": 0.9094000471660798, "CXR401_IM-2051-1001.png": 1.3967158042797672, "CXR433_IM-2073-2001.png": 1.9193015399476394, "CXR3931_IM-2003-3001.png": 1.4660370666448868, "CXR427_IM-2070-2001.png": 2.217430097468596, "CXR3944_IM-2014-1001.png": 2.6711122501396685, "CXR436_IM-2076-1001-0001.png": 1.9468541784722917, "CXR3862_IM-1956-1001.png": 1.121561819298587, "CXR3842_IM-1943-3003.png": 1.8056498342173046, "CXR2277_IM-0864-2001.png": 2.034038030255987, "CXR3836_IM-1939-2001.png": 1.0777533677411917, "CXR2138_IM-0760-1001.png": 2.8530962451014124, "CXR2239_IM-0836-1001.png": 2.1877787052133932, "CXR2228_IM-0831-1001.png": 2.59968203659338, "CXR2262_IM-0852-1001.png": 1.806265356233064, "CXR226_IM-0851-2001.png": 1.749982376768648, "CXR210_IM-0730-4001.png": 1.8178468709627302, "CXR2168_IM-0784-2001.png": 1.8896364070755816, "CXR208_IM-0711-1001.png": 2.577223465453193, "CXR2208_IM-0815-1002.png": 1.8393197054810255, "CXR2123_IM-0748-1001.png": 3.0521204155445996, "CXR2178_IM-0790-3001.png": 1.637211966748208, "CXR3439_IM-1664-1001.png": 2.1776819821668925, "CXR2087_IM-0718-3001.png": 2.099745388873587, "CXR3451_IM-1674-1001.png": 2.0713585290368446, "CXR3369_IM-1621-2001.png": 1.4418549173963466, "CXR3330_IM-1594-1001.png": 2.4150063986409145, "CXR3442_IM-1667-2001.png": 1.4850861206140522, "CXR3249_IM-1539-2001.png": 1.65761298066134, "CXR531_IM-2140-2001.png": 2.112620417267617, "CXR3470_IM-1686-2001.png": 1.347085280585644, "CXR3262_IM-1548-3001.png": 3.0450940076790993, "CXR3385_IM-1632-2001.png": 2.0452707466179962, "CXR3292_IM-1572-2001.png": 2.077294304086179, "CXR3194_IM-1505-2001.png": 0.9599749803230132, "CXR3255_IM-1543-2001.png": 2.0642235792955246, "CXR3379_IM-1627-2001.png": 1.7244761136636022, "CXR3057_IM-1424-1001-0001.png": 1.73491532389431, "CXR3063_IM-1428-1001.png": 3.088166687164714, "CXR459_IM-2090-1001.png": 1.1503970584874381, "CXR2259_IM-0850-2001.png": 1.9264640700889848, "CXR3096_IM-1448-3003.png": 2.0977483721913908, "CXR3060_IM-1426-1003.png": 2.4924604923077256, "CXR3058_IM-1425-2002.png": 3.136612988587445, "CXR3185_IM-1503-2001.png": 1.8412598799940134, "CXR1300_IM-0198-2001.png": 1.7680120815023335, "CXR3171_IM-1494-1001.png": 2.051643125231504, "CXR3415_IM-1650-1002.png": 1.995169732806678, "CXR2246_IM-0843-2001.png": 0.997095856421778, "CXR102_IM-0016-2001.png": 1.9246840849714142, "CXR1146_IM-0098-1001.png": 2.6067773292741316, "CXR1126_IM-0082-1001.png": 2.3309120408582453, "CXR1141_IM-0096-1002.png": 2.152913462749224, "CXR3267_IM-1551-2001.png": 1.4395133825515982, "CXR3256_IM-1543-2001.png": 1.657274044847574, "CXR1152_IM-0103-1001.png": 0.7894070715782934, "CXR1153_IM-0104-1001.png": 3.1304016013084275, "CXR1142_IM-0096-2001.png": 1.462464167519142, "CXR1130_IM-0087-1001.png": 3.3396601652832043, "CXR1165_IM-0110-1001.png": 2.1293335419863344, "CXR1128_IM-0084-6001.png": 2.0342163756102414, "CXR122_IM-0147-0001-0001.png": 2.723219547417166, "CXR118_IM-0123-2001.png": 1.5174394525770236, "CXR1229_IM-0152-2001.png": 2.297055352494461, "CXR122_IM-0147-0001-0002.png": 2.124438350718021, "CXR1381_IM-0245-2001.png": 0.9200291150594456, "CXR1278_IM-0185-1002.png": 1.5832760127308723, "CXR1174_IM-0118-1001.png": 1.2472184917350084, "CXR1211_IM-0142-1001.png": 2.5078862593965447, "CXR1235_IM-0158-1001.png": 2.5516711468335784, "CXR1170_IM-0115-2001.png": 2.0512202190235445, "CXR1372_IM-0239-2001.png": 1.456876291144523, "CXR1160_IM-0107-1001.png": 2.54666147296033, "CXR1088_IM-0061-1001.png": 2.717860721859848, "CXR1071_IM-0051-2001.png": 1.0715335648085456, "CXR1655_IM-0431-2001.png": 1.6506900169578502, "CXR163_IM-0410-3003.png": 2.2106044229192072, "CXR1653_IM-0429-2001.png": 1.7372715309638738, "CXR1483_IM-0313-1001.png": 2.376564697630074, "CXR1677_IM-0446-1001.png": 2.55840307553277, "CXR1699_IM-0459-2001.png": 2.341771207053957, "CXR3830_IM-1933-1001.png": 2.192577020085272, "CXR1547_IM-0357-2001.png": 1.7402436405975388, "CXR3471_IM-1687-2002.png": 2.5977882782223425, "CXR1524_IM-0339-1001.png": 2.2016571876767617, "CXR3045_IM-1418-1001.png": 2.9186397545492664, "CXR3745_IM-1872-1001.png": 2.5762930326166753, "CXR647_IM-2225-2001.png": 1.4733214256039566, "CXR3491_IM-1698-1001.png": 3.127084295759447, "CXR2761_IM-1208-2001.png": 0.8101740816738702, "CXR1666_IM-0440-0001-0001.png": 2.528285359716414, "CXR609_IM-2197-2001.png": 1.459738995368988, "CXR984_IM-2471-2001.png": 0.8830947959254942, "CXR810_IM-2343-1001.png": 1.2701036444270595, "CXR2665_IM-1145-2001.png": 0.8934760534567424, "CXR267_IM-1147-1001.png": 1.318955714957151, "CXR2679_IM-1153-2001.png": 1.7164112902572997, "CXR2720_IM-1182-2001.png": 1.6438607531076999, "CXR3733_IM-1866-1001.png": 1.2959559472534607, "CXR19_IM-0583-3003.png": 2.0856021257232076, "CXR2533_IM-1047-2001.png": 1.813363079348493, "CXR2058_IM-0696-2002.png": 0.9518480203898116, "CXR2563_IM-1066-2001.png": 1.4120424192412744, "CXR2664_IM-1145-2001.png": 1.3735217605929368, "CXR2660_IM-1142-2001.png": 0.7971615528854175, "CXR2638_IM-1123-2001.png": 1.8994437879823753, "CXR270_IM-1168-1001.png": 3.1306154011151026, "CXR2655_IM-1137-2001.png": 1.5658970057957904, "CXR2010_IM-0661-1001.png": 2.3562051323803135, "CXR2557_IM-1061-2001.png": 1.619202055834965, "CXR17_IM-0460-2001.png": 0.9150779605004603, "CXR558_IM-2158-0001-0001.png": 2.5583037287398187, "CXR2740_IM-1195-1001.png": 2.2117843442188887, "CXR2059_IM-0696-2001.png": 1.2926059160544343, "CXR524_IM-2135-0001-0001.png": 1.6301986979617156, "CXR2528_IM-1044-1001.png": 2.4240279981550272, "CXR2301_IM-0881-1001.png": 0.8375557949364763, "CXR2419_IM-0963-2001.png": 1.358503213308839, "CXR2352_IM-0918-1002.png": 2.9719199234399385, "CXR2998_IM-1382-1001.png": 1.6549842919444921, "CXR245_IM-0985-1001.png": 3.057349513277982, "CXR2341_IM-0907-1001.png": 2.318206083904381, "CXR2507_IM-1030-3001.png": 3.203462824984721, "CXR242_IM-0963-1001.png": 2.3295794585330984, "CXR249_IM-1016-2001.png": 1.0011209080180068, "CXR2344_IM-0909-2001.png": 1.6767361558945009, "CXR2398_IM-0947-4004.png": 1.9176611184562298, "CXR2828_IM-1247-1001.png": 2.9189933300512303, "CXR2958_IM-1354-1002.png": 1.8486996619918052, "CXR2818_IM-1242-2001.png": 1.8990775836158469, "CXR2970_IM-1362-1001.png": 2.4506903074986273, "CXR2463_IM-0996-1001.png": 1.8071257172086677, "CXR2997_IM-1381-1001.png": 1.1665374484114877, "CXR2847_IM-1256-1001.png": 2.3957830935907753, "CXR2968_IM-1360-1001.png": 1.50129890464802, "CXR28_IM-1231-2001.png": 1.6311225478697768, "CXR2938_IM-1339-1001.png": 2.8856088662232144, "CXR2919_IM-1321-2001.png": 1.899068619873378, "CXR3809_IM-1919-1002001.png": 2.7154281640496927, "CXR633_IM-2213-1001.png": 1.9608360121526072, "CXR634_IM-2214-1001.png": 1.819589158326406, "CXR640_IM-2219-1001.png": 2.7453066035913563, "CXR3797_IM-1910-0001-0001.png": 1.7139061899531038, "CXR3727_IM-1863-2001.png": 1.8023438432140888, "CXR682_IM-2253-2001.png": 1.560816582635674, "CXR2520_IM-1039-28001.png": 1.737434210683629, "CXR251_IM-1032-3001.png": 1.5761279337052583, "CXR2447_IM-0983-2001.png": 1.5726993820836117, "CXR651_IM-2229-1001.png": 2.268091363071338, "CXR3794_IM-1908-1002.png": 1.5826583127142089, "CXR3827_IM-1932-1001.png": 1.374943769302827, "CXR3824_IM-1931-1001.png": 1.3659490225784363, "CXR3821_IM-1929-2001.png": 2.072339851844823, "CXR3783_IM-1898-1001.png": 1.2817247584503109, "CXR3768_IM-1887-2001.png": 1.6088049662494905, "CXR1707_IM-0466-2001.png": 1.638257547779879, "CXR1788_IM-0513-1001.png": 3.102091554856987, "CXR1834_IM-0539-1002.png": 2.166053837994432, "CXR1934_IM-0604-1001.png": 2.6731114493205967, "CXR1967_IM-0629-1001.png": 2.658581599401629, "CXR1881_IM-0570-2001.png": 1.3631966981351165, "CXR1840_IM-0545-1001.png": 2.7606584340689606, "CXR718_IM-2280-3001.png": 1.62196778466795,