{"CXR2178_IM-0790-3001.png": 1.6146406628545784, "CXR2138_IM-0760-1001.png": 2.821048815812044, "CXR210_IM-0730-4001.png": 1.8027069057883962, "CXR2087_IM-0718-3001.png": 2.0875364336851727, "CXR2123_IM-0748-1001.png": 2.724455351464768, "CXR3439_IM-1664-1001.png": 1.9905112969417895, "CXR3451_IM-1674-1001.png": 2.0589749879236274, "CXR3415_IM-1650-1002.png": 1.8501834504606802, "CXR3255_IM-1543-2001.png": 1.968682945502981, "CXR3267_IM-1551-2001.png": 1.511748882814604, "CXR3057_IM-1424-1001-0001.png": 1.7012575856124361, "CXR208_IM-0711-1001.png": 2.51634248023726, "CXR2168_IM-0784-2001.png": 1.8837933063971188, "CXR3063_IM-1428-1001.png": 2.7785890184021267, "CXR3060_IM-1426-1003.png": 2.450232256252849, "CXR3096_IM-1448-3003.png": 1.9822974458548726, "CXR3058_IM-1425-2002.png": 2.909496200927909, "CXR1278_IM-0185-1002.png": 1.5684380690130837, "CXR3256_IM-1543-2001.png": 1.3080071342404322, "CXR3262_IM-1548-3001.png": 2.827247892176738, "CXR3194_IM-1505-2001.png": 0.9305813432711203, "CXR3185_IM-1503-2001.png": 1.4267143423922881, "CXR1381_IM-0245-2001.png": 0.9455080545606317, "CXR3171_IM-1494-1001.png": 1.9150389998370627, "CXR2262_IM-0852-1001.png": 1.828856855714238, "CXR2239_IM-0836-1001.png": 2.0865919258734995, "CXR2246_IM-0843-2001.png": 1.0219229281384925, "CXR226_IM-0851-2001.png": 1.685841765304874, "CXR2228_IM-0831-1001.png": 2.506251338116581, "CXR3442_IM-1667-2001.png": 1.4775466651711673, "CXR3292_IM-1572-2001.png": 1.5005049453107642, "CXR3470_IM-1686-2001.png": 1.267988756416135, "CXR2208_IM-0815-1002.png": 1.7637443197041214, "CXR3379_IM-1627-2001.png": 1.3927068029618603, "CXR3330_IM-1594-1001.png": 2.0680990452109524, "CXR1300_IM-0198-2001.png": 1.6998255282211294, "CXR3385_IM-1632-2001.png": 1.9139785979419979, "CXR3369_IM-1621-2001.png": 1.5353423107688515, "CXR3249_IM-1539-2001.png": 1.6100066050542894, "CXR122_IM-0147-0001-0001.png": 2.543462278440514, "CXR122_IM-0147-0001-0002.png": 1.9964057507770316, "CXR1372_IM-0239-2001.png": 1.4445205411250712, "CXR1211_IM-0142-1001.png": 2.4340021782372214, "CXR118_IM-0123-2001.png": 1.4275326574403993, "CXR1165_IM-0110-1001.png": 2.00655557925938, "CXR1229_IM-0152-2001.png": 2.2132678422972374, "CXR1141_IM-0096-1002.png": 2.06140032099152, "CXR1146_IM-0098-1001.png": 2.386205719863542, "CXR1160_IM-0107-1001.png": 2.5024126788999026, "CXR1235_IM-0158-1001.png": 2.0497388593572734, "CXR1174_IM-0118-1001.png": 1.2715106238250427, "CXR1128_IM-0084-6001.png": 2.0054580706544276, "CXR1153_IM-0104-1001.png": 3.077575015850199, "CXR1142_IM-0096-2001.png": 1.4326333665989894, "CXR1126_IM-0082-1001.png": 2.1814567039142982, "CXR1130_IM-0087-1001.png": 3.080496945204095, "CXR1170_IM-0115-2001.png": 1.8377024549691852, "CXR1152_IM-0103-1001.png": 0.7932211498922868, "CXR1088_IM-0061-1001.png": 2.303473463190481, "CXR102_IM-0016-2001.png": 1.8931104428715047, "CXR1071_IM-0051-2001.png": 1.0781384745039408, "CXR1113_IM-0078-1002.png": 2.0087327619271913, "CXR3783_IM-1898-1001.png": 1.2756166556357864, "CXR3821_IM-1929-2001.png": 1.7536905075736915, "CXR2533_IM-1047-2001.png": 1.7574772342302856, "CXR2010_IM-0661-1001.png": 2.330435197859653, "CXR19_IM-0583-3003.png": 1.9760826843544288, "CXR1841_IM-0545-2001.png": 1.4342666798972292, "CXR1966_IM-0629-1001.png": 2.3751684720994564, "CXR2528_IM-1044-2001.png": 1.713722668736928, "CXR2557_IM-1061-2001.png": 1.5662764708748036, "CXR3566_IM-1751-1001.png": 1.5335537270803246, "CXR3490_IM-1697-1001.png": 2.0564267400924554, "CXR3500_IM-1706-2001.png": 1.2048098815684218, "CXR3797_IM-1910-0001-0001.png": 0.9266463786948671, "CXR270_IM-1168-1001.png": 2.9306234661047483, "CXR1706_IM-0466-1001.png": 2.598827054782677, "CXR3650_IM-1813-1001.png": 2.7763700863996665, "CXR3565_IM-1750-2001.png": 1.5426530983366031, "CXR2720_IM-1182-2001.png": 1.5743171877275584, "CXR3491_IM-1698-1001.png": 3.01371457859569, "CXR2541_IM-1053-2001.png": 1.6216602698500595, "CXR2665_IM-1145-2001.png": 0.920580255108691, "CXR267_IM-1147-1001.png": 1.3243084036513801, "CXR2563_IM-1066-2001.png": 1.406550117021385, "CXR2655_IM-1137-2001.png": 1.3497061672545403, "CXR2664_IM-1145-2001.png": 1.3678253375956697, "CXR1945_IM-0614-2001.png": 2.022177496496178, "CXR1934_IM-0604-1001.png": 2.5223537992948852, "CXR1975_IM-0634-1001.png": 1.8549972573741162, "CXR1967_IM-0629-1001.png": 2.4593533615995646, "CXR1840_IM-0545-1001.png": 2.5873981574856977, "CXR2638_IM-1123-2001.png": 1.629262162195833, "CXR163_IM-0410-3003.png": 2.084056029933963, "CXR1483_IM-0313-1001.png": 2.1283607985209083, "CXR1655_IM-0431-2001.png": 1.4832117742818556, "CXR1677_IM-0446-1001.png": 2.4745720636549082, "CXR3471_IM-1687-2002.png": 2.2581408032010164, "CXR3830_IM-1933-1001.png": 2.032998365268308, "CXR3506_IM-1708-1001.png": 2.6351615595652653, "CXR2679_IM-1153-2001.png": 1.3674679403202248, "CXR1881_IM-0570-2001.png": 1.4304481698712905, "CXR1524_IM-0339-1001.png": 1.817458630016803, "CXR3045_IM-1418-1001.png": 2.8348373059915173, "CXR1699_IM-0459-2001.png": 2.272685101794723, "CXR2058_IM-0696-2002.png": 0.940316754681768, "CXR2660_IM-1142-2001.png": 0.8023946568562946, "CXR1834_IM-0539-1002.png": 2.057867406051244, "CXR1707_IM-0466-2001.png": 1.6295974163947375, "CXR1788_IM-0513-1001.png": 3.0560856545499373, "CXR1666_IM-0440-0001-0001.png": 2.3968656548125717, "CXR17_IM-0460-2001.png": 0.9235056105516631, "CXR609_IM-2197-2001.png": 1.3500701691649146, "CXR2301_IM-0881-1001.png": 0.7935953789647925, "CXR558_IM-2158-0001-0001.png": 2.4610179498292135, "CXR524_IM-2135-0001-0001.png": 1.6399626488198342, "CXR1402_IM-0257-1001.png": 2.39133640832792, "CXR531_IM-2140-2001.png": 1.9689310734441083, "CXR1547_IM-0357-2001.png": 1.6211989397431872, "CXR2528_IM-1044-1001.png": 2.292389099217522, "CXR2740_IM-1195-1001.png": 1.9842674164817533, "CXR1653_IM-0429-2001.png": 1.1694551752392968, "CXR436_IM-2076-1001-0001.png": 1.9098430531029107, "CXR2059_IM-0696-2001.png": 1.240770034000473, "CXR5_IM-2117-1003002.png": 2.524589795774062, "CXR3944_IM-2014-1001.png": 2.5832321907711644, "CXR3842_IM-1943-3003.png": 1.6978406183112673, "CXR48_IM-2103-2001.png": 1.2429018288388176, "CXR470_IM-2099-2001.png": 0.9398619235844966, "CXR433_IM-2073-2001.png": 1.6242418270176473, "CXR427_IM-2070-2001.png": 1.8551361551712782, "CXR401_IM-2051-1001.png": 1.3850737070667074, "CXR3931_IM-2003-3001.png": 1.4794302063282427, "CXR459_IM-2090-1001.png": 1.1458044211645264, "CXR2277_IM-0864-2001.png": 1.6306917648868278, "CXR3836_IM-1939-2001.png": 1.0797718457161083, "CXR2259_IM-0850-2001.png": 1.4830979735347851, "CXR3862_IM-1956-1001.png": 1.125558939861659, "CXR935_IM-2432-1001.png": 2.6486329156115573, "CXR2761_IM-1208-2001.png": 0.7957036378868523, "CXR965_IM-2455-1001.png": 3.1150683127035332, "CXR810_IM-2343-1001.png": 1.2903256613074827, "CXR993_IM-2478-1001.png": 2.2601923196068507, "CXR899_IM-2407-1001.png": 2.511181671563582, "CXR801_IM-2335-2001.png": 2.0616229931862855, "CXR718_IM-2280-3001.png": 1.716587565971467, "CXR984_IM-2471-2001.png": 0.8827340055722719, "CXR892_IM-2403-1001.png": 2.895388115287074, "CXR776_IM-2319-1001.png": 1.3975592321077763, "CXR756_IM-2307-4001.png": 1.4533811081835604, "CXR70_IM-2264-3001.png": 2.2939561048864117, "CXR2419_IM-0963-2001.png": 1.4291993178295654, "CXR2828_IM-1247-1001.png": 2.7836176233764456, "CXR28_IM-1231-2001.png": 1.5359147374844284, "CXR2958_IM-1354-1002.png": 1.8114040718161721, "CXR2847_IM-1256-1001.png": 2.280898994382548, "CXR2938_IM-1339-1001.png": 2.415219812044206, "CXR2919_IM-1321-2001.png": 1.5212824163758794, "CXR2398_IM-0947-4004.png": 1.8590152658189454, "CXR2344_IM-0909-2001.png": 1.6460177216947276, "CXR2998_IM-1382-1001.png": 1.6809921942014283, "CXR2333_IM-0901-2001.png": 1.9845425837078212, "CXR2977_IM-1366-1001.png": 1.4492964016314052, "CXR2341_IM-0907-1001.png": 2.1743303365735835, "CXR2352_IM-0918-1002.png": 2.9381574518363913, "CXR2970_IM-1362-1001.png": 2.249051815772809, "CXR2997_IM-1381-1001.png": 1.1259399814950548,