{"CXR1113_IM-0078-1002.png": 2.934949564558134, "CXR102_IM-0016-2001.png": 2.698885352728988, "CXR1071_IM-0051-2001.png": 1.5021572388153268, "CXR1088_IM-0061-1001.png": 7.402453165423836, "CXR1126_IM-0082-1001.png": 7.214554877042681, "CXR1130_IM-0087-1001.png": 6.662703451084481, "CXR1153_IM-0104-1001.png": 5.220316696954901, "CXR1142_IM-0096-2001.png": 2.210227933767861, "CXR1152_IM-0103-1001.png": 1.0154532542585535, "CXR1141_IM-0096-1002.png": 3.7163388113104148, "CXR1128_IM-0084-6001.png": 3.163901797429973, "CXR1146_IM-0098-1001.png": 5.948928664062773, "CXR1165_IM-0110-1001.png": 5.6502547997387955, "CXR1160_IM-0107-1001.png": 4.097300917282568, "CXR1229_IM-0152-2001.png": 5.356025535803403, "CXR118_IM-0123-2001.png": 4.34511134734114, "CXR1174_IM-0118-1001.png": 1.5455663687812105, "CXR1170_IM-0115-2001.png": 4.5668943641026605, "CXR1211_IM-0142-1001.png": 4.429586602651131, "CXR122_IM-0147-0001-0002.png": 4.728431074128503, "CXR1235_IM-0158-1001.png": 7.632173706756654, "CXR1372_IM-0239-2001.png": 2.1795765383766335, "CXR122_IM-0147-0001-0001.png": 6.401493933123133, "CXR1300_IM-0198-2001.png": 3.1763314258630047, "CXR1278_IM-0185-1002.png": 2.387031814346478, "CXR3060_IM-1426-1003.png": 3.974009585395024, "CXR3171_IM-1494-1001.png": 4.432993805908955, "CXR3096_IM-1448-3003.png": 3.9754966642260126, "CXR3063_IM-1428-1001.png": 7.574418465506242, "CXR3057_IM-1424-1001-0001.png": 2.7254183183404668, "CXR3185_IM-1503-2001.png": 7.019355445560967, "CXR3058_IM-1425-2002.png": 6.462670991922127, "CXR1381_IM-0245-2001.png": 1.0796336269891096, "CXR3256_IM-1543-2001.png": 4.637474738670026, "CXR3255_IM-1543-2001.png": 3.9532119190731656, "CXR3267_IM-1551-2001.png": 3.308038982629883, "CXR3194_IM-1505-2001.png": 1.4686922123480677, "CXR3262_IM-1548-3001.png": 6.691355203537545, "CXR3249_IM-1539-2001.png": 3.442662749247627, "CXR3330_IM-1594-1001.png": 6.163688875010736, "CXR3369_IM-1621-2001.png": 3.4193191169087123, "CXR3292_IM-1572-2001.png": 7.251714056339985, "CXR3379_IM-1627-2001.png": 4.685799169044343, "CXR3385_IM-1632-2001.png": 5.481200227623527, "CXR3442_IM-1667-2001.png": 5.6277571004552005, "CXR3470_IM-1686-2001.png": 4.826848769369358, "CXR3415_IM-1650-1002.png": 4.104913687461772, "CXR3451_IM-1674-1001.png": 3.0196243842737607, "CXR2087_IM-0718-3001.png": 5.697577157724626, "CXR3439_IM-1664-1001.png": 6.8014228633487495, "CXR2178_IM-0790-3001.png": 2.4880887445521513, "CXR210_IM-0730-4001.png": 7.189381592784597, "CXR2123_IM-0748-1001.png": 7.412692190696092, "CXR2138_IM-0760-1001.png": 4.497460472159498, "CXR2208_IM-0815-1002.png": 3.2317743940153796, "CXR2228_IM-0831-1001.png": 4.659327283138034, "CXR2168_IM-0784-2001.png": 5.466510665471147, "CXR208_IM-0711-1001.png": 4.181180407968734, "CXR226_IM-0851-2001.png": 4.14104973749172, "CXR2239_IM-0836-1001.png": 5.713292642917447, "CXR2262_IM-0852-1001.png": 2.3552489059759076, "CXR2246_IM-0843-2001.png": 1.1323128128975095, "CXR2259_IM-0850-2001.png": 6.994183030273095, "CXR3836_IM-1939-2001.png": 1.5455965401316192, "CXR2277_IM-0864-2001.png": 5.220828897301131, "CXR3842_IM-1943-3003.png": 3.6477061050183544, "CXR3944_IM-2014-1001.png": 5.460009899686858, "CXR3931_IM-2003-3001.png": 1.989769334104176, "CXR401_IM-2051-1001.png": 1.9790210266466877, "CXR427_IM-2070-2001.png": 5.523835201255242, "CXR3862_IM-1956-1001.png": 1.3986315019088822, "CXR433_IM-2073-2001.png": 5.143283675519216, "CXR436_IM-2076-1001-0001.png": 3.16170883233207, "CXR459_IM-2090-1001.png": 1.6970255452718905, "CXR470_IM-2099-2001.png": 1.0972778691765523, "CXR48_IM-2103-2001.png": 1.4856947087422694, "CXR5_IM-2117-1003002.png": 5.090065404995997, "CXR1402_IM-0257-1001.png": 5.291571541033542, "CXR531_IM-2140-2001.png": 4.2091267052919195, "CXR524_IM-2135-0001-0001.png": 2.3966747832577213, "CXR558_IM-2158-0001-0001.png": 5.2664101000584544, "CXR2059_IM-0696-2001.png": 3.2953939430521686, "CXR2528_IM-1044-1001.png": 5.658145600604384, "CXR2740_IM-1195-1001.png": 7.267549978787966, "CXR2301_IM-0881-1001.png": 1.6726364338386983, "CXR3045_IM-1418-1001.png": 5.535341294021261, "CXR609_IM-2197-2001.png": 5.227768125431621, "CXR1524_IM-0339-1001.png": 5.963661682409475, "CXR1547_IM-0357-2001.png": 3.5346376765840346, "CXR3830_IM-1933-1001.png": 5.156617292494905, "CXR3471_IM-1687-2002.png": 7.445159246028055, "CXR1483_IM-0313-1001.png": 4.8569226704379815, "CXR1655_IM-0431-2001.png": 4.131088088819766, "CXR1699_IM-0459-2001.png": 4.0873950753851265, "CXR1677_IM-0446-1001.png": 4.8719059040625545, "CXR163_IM-0410-3003.png": 4.380965829730942, "CXR1653_IM-0429-2001.png": 6.445210250928608, "CXR1666_IM-0440-0001-0001.png": 5.702013983415488, "CXR17_IM-0460-2001.png": 1.2605598995226779, "CXR1788_IM-0513-1001.png": 4.854228546846456, "CXR1707_IM-0466-2001.png": 4.873645931608261, "CXR1834_IM-0539-1002.png": 3.998950660375599, "CXR1706_IM-0466-1001.png": 4.01083734177712, "CXR1840_IM-0545-1001.png": 5.851229626477234, "CXR1945_IM-0614-2001.png": 3.444137795975692, "CXR1967_IM-0629-1001.png": 5.930519179650333, "CXR1934_IM-0604-1001.png": 6.159252069631924, "CXR1975_IM-0634-1001.png": 2.530413908928032, "CXR1881_IM-0570-2001.png": 3.9967642379321338, "CXR1966_IM-0629-1001.png": 3.781343286955106, "CXR1841_IM-0545-2001.png": 5.014018591566226, "CXR2541_IM-1053-2001.png": 3.6809969677497505, "CXR2528_IM-1044-2001.png": 4.761206723030579, "CXR2010_IM-0661-1001.png": 3.508597946840661, "CXR2533_IM-1047-2001.png": 2.9463751923630297, "CXR19_IM-0583-3003.png": 3.955360539443284, "CXR2557_IM-1061-2001.png": 2.8929442011081834, "CXR2058_IM-0696-2002.png": 1.437240881318739, "CXR2655_IM-1137-2001.png": 7.705847753271849, "CXR2563_IM-1066-2001.png": 5.292579968667397, "CXR2664_IM-1145-2001.png": 4.809664374343641, "CXR2638_IM-1123-2001.png": 6.255478491054905, "CXR2660_IM-1142-2001.png": 0.9228605401905925, "CXR270_IM-1168-1001.png": 6.3469922431887, "CXR2679_IM-1153-2001.png": 4.880198861717401, "CXR267_IM-1147-1001.png": 1.8449833335539534, "CXR2665_IM-1145-2001.png": 1.0659312787592925, "CXR3491_IM-1698-1001.png": 6.610525012803784, "CXR2720_IM-1182-2001.png": 4.723859147329853, "CXR3506_IM-1708-1001.png": 7.276425556723353, "CXR3500_IM-1706-2001.png": 4.460950535996481, "CXR3490_IM-1697-1001.png": 4.981396518570099, "CXR3566_IM-1751-1001.png": 3.701316339675823, "CXR3565_IM-1750-2001.png": 3.760719837847437, "CXR3543_IM-1735-2001.png": 4.963387167178111, "CXR3544_IM-1736-2001.png": 6.024246847690075, "CXR3532_IM-1726-1001.png": 2.2168875415554052, "CXR3639_IM-1804-1001.png": 2.7942524241294353, "CXR3638_IM-1804-1001.png": 1.8175204519569106, "CXR3650_IM-1813-1001.png": 6.096004878416167, "CXR3628_IM-1796-2001.png": 3.886437425868399, "CXR3612_IM-1785-2001.png": 4.224593876340885, "CXR3733_IM-1866-1001.png": 2.035862820845165, "CXR3745_IM-1872-1001.png": 4.174118475736417, "CXR3768_IM-1887-2001.png": 3.340964386538575, "CXR3783_IM-1898-1001.png": 1.8645785276591946, "CXR3727_IM-1863-2001.png": 4.675425489600186, "CXR3794_IM-1908-1002.png": 2.7074018825935555, "CXR3809_IM-1919-1002001.png": 4.389448154497639, "CXR3821_IM-1929-2001.png": 5.335055278922553, "CXR3797_IM-1910-0001-0001.png": 5.052465953473966, "CXR633_IM-2213-1001.png": 7.706836884319284, "CXR634_IM-2214-1001.png": 3.5492184138622918, "CXR640_IM-2219-1001.png": 5.725439293317849, "CXR3827_IM-1932-1001.png": 2.0562565452053163, "CXR3824_IM-1931-1001.png": 1.7675249903573709, "CXR682_IM-2253-2001.png": 2.152775964241471, "CXR651_IM-2229-1001.png": 4.854516036919379, "CXR647_IM-2225-2001.png": 3.3198017563743236, "CXR70_IM-2264-3001.png": 5.0513935164016495, "CXR756_IM-2307-4001.png": 5.03642808905954, "CXR718_IM-2280-3001.png": 5.85464953643154, "CXR935_IM-2432-1001.png": 4.33942509989707, "CXR899_IM-2407-1001.png": 6.270593343315687, "CXR776_IM-2319-1001.png": 2.0221885135827424, "CXR810_IM-2343-1001.png": 1.6152582199523384, "CXR801_IM-2335-2001.png": 3.2243894740804153, "CXR965_IM-2455-1001.png": 6.523624779747127, "CXR892_IM-2403-1001.png": 5.279852332519055,