{"000000011511.png": 10.143394524334973, "000000010363.png": 5.103107769428598, "000000001000.png": 14.106556888154588, "000000007816.png": 8.647321556262005, "000000006040.png": 10.636500140818217, "000000004795.png": 12.140730345450518, "000000019924.png": 12.263369067394068, "000000013923.png": 14.771164066407785, "000000012639.png": 13.393510242802602, "000000032817.png": 5.358326476275864, "000000028285.png": 7.900197840509154, "000000030504.png": 11.153563210846379, "000000027620.png": 8.38636922580192, "000000047121.png": 3.945135826759052, "000000044652.png": 1.5975166962460274, "000000034071.png": 1.5413545067954881, "000000033109.png": 10.069002611970298, "000000060932.png": 8.311383997952458, "000000049761.png": 10.901963486381854, "000000057027.png": 9.90768662576691, "000000051008.png": 8.758052705770057, "000000074733.png": 8.229907076795156, "000000068765.png": 7.673004584929837, "000000061171.png": 17.21674994146831, "000000092839.png": 7.902915088315242, "000000086483.png": 12.887263721105038, "000000085195.png": 9.253377643168182, "000000076211.png": 7.975278148737229, "000000097022.png": 6.161466302579954, "000000100510.png": 11.395730676895845, "000000096001.png": 10.40326063515501, "000000095786.png": 3.721549111804489, "000000093437.png": 8.957876377073603, "000000104612.png": 7.475725194495456, "000000108440.png": 9.073261217676954, "000000102707.png": 9.791729987904956, "000000102411.png": 13.622962609916815, "000000117908.png": 5.884325622492143, "000000109313.png": 9.365121133688616, "000000115118.png": 14.038947971100717, "000000133244.png": 10.77229919519896, "000000126216.png": 18.536248897618073, "000000127135.png": 15.751670557563674, "000000136915.png": 7.534669576933399, "000000135604.png": 12.531242896755698, "000000135561.png": 4.434969598074725, "000000147745.png": 13.585845794049714, "000000138639.png": 13.549470407526353, "000000144706.png": 5.186635604436824, "000000167902.png": 9.890986393498363, "000000167572.png": 6.940184149105792, "000000167159.png": 5.381326025408931, "000000174004.png": 13.737969590431106, "000000148719.png": 13.439474688255595, "000000170595.png": 6.346512942141424, "000000173033.png": 9.420489071309449, "000000177357.png": 11.405573017452319, "000000180751.png": 10.022199841522731, "000000176037.png": 10.50384879772824, "000000186296.png": 7.359807557221737, "000000187144.png": 9.53356779735849, "000000186282.png": 4.254178652418918, "000000183500.png": 8.379186434914672, "000000192964.png": 4.453587028921791, "000000192716.png": 12.919807035243707, "000000190853.png": 5.004559084309396, "000000190923.png": 9.91611311494093, "000000192699.png": 10.751513488101885, "000000201426.png": 10.372824140911968, "000000198960.png": 21.767182289060454, "000000194940.png": 4.824693059911559, "000000210032.png": 10.05091482701374, "000000209613.png": 9.548330887183724, "000000200421.png": 5.68273848661664, "000000204329.png": 15.305095491316292, "000000226662.png": 9.492075974630932, "000000221017.png": 9.481319387983492, "000000215723.png": 5.366358314116803, "000000211042.png": 6.4105295912087525, "000000231125.png": 12.110102753620492, "000000229216.png": 8.387451932906057, "000000229111.png": 3.129195879487219, "000000228942.png": 10.398147045031804, "000000239773.png": 5.395289836925669, "000000239537.png": 10.289235797728358, "000000238013.png": 6.382993685020849, "000000232684.png": 2.801177565584689, "000000234779.png": 3.8273278254522176, "000000264968.png": 8.46984377501611, "000000231549.png": 6.486235793726485, "000000255401.png": 11.03880326197719, "000000252716.png": 8.379724912221482, "000000252701.png": 14.479422917767932, "000000250766.png": 12.741434979368826, "000000249786.png": 11.82907796155138, "000000286422.png": 7.177875229800437, "000000284762.png": 10.501542997637891, "000000271471.png": 3.333831046283095, "000000269682.png": 3.218241551324943, "000000269866.png": 7.473307355246829, "000000269314.png": 8.29242455750807, "000000292024.png": 6.2809462655932675, "000000291664.png": 16.01092422952716, "000000289059.png": 5.622347868816969, "000000291619.png": 4.170967747294113, "000000308328.png": 8.483508407180954, "000000307074.png": 7.491559119518365, "000000306437.png": 5.409586020128014, "000000303653.png": 9.611316045939018, "000000294831.png": 3.9662104964791123, "000000309391.png": 15.481401548557866, "000000294783.png": 9.6056486392758, "000000319935.png": 8.298475549487387, "000000369037.png": 5.35307500816909, "000000362434.png": 7.967926512405676, "000000361551.png": 6.663925525115328, "000000361919.png": 8.160566628315927, "000000351589.png": 6.783839448562477, "000000355610.png": 3.7002955284445544, "000000347265.png": 12.564845912278622, "000000351559.png": 5.924945327027214, "000000346968.png": 3.224959292180605, "000000343496.png": 14.149725517726035, "000000342295.png": 9.515868304344057, "000000337987.png": 12.373069597199034, "000000336658.png": 5.9227839733102865, "000000335081.png": 7.967880512393709, "000000335177.png": 10.929385056824072, "000000334417.png": 3.64684958664704, "000000329447.png": 12.843521369042241, "000000309938.png": 8.319640097863427, "000000310862.png": 6.009458187487258, "000000328238.png": 15.682136329887992, "000000310072.png": 13.22382948115477, "000000311789.png": 3.496218120125703, "000000314034.png": 11.674227465871496, "000000311909.png": 11.606123468321243, "000000438955.png": 19.539293634971017, "000000434996.png": 4.877409079595357, "000000439623.png": 8.772249592169011, "000000444879.png": 11.30836726156488, "000000451043.png": 9.438942150800958, "000000451693.png": 7.761768711528541, "000000377814.png": 6.6955324398027285, "000000370486.png": 11.755165404445213, "000000458255.png": 4.118925738128045, "000000468124.png": 10.7818022972838, "000000455981.png": 4.13709801118316, "000000453708.png": 5.730088395324448, "000000453341.png": 11.494273911835993, "000000452515.png": 5.481975617334766, "000000451714.png": 10.854078818140685, "000000380203.png": 7.449975539021199, "000000389381.png": 11.901257943012315, "000000391375.png": 4.29195867541818, "000000386912.png": 9.151974478044998, "000000396863.png": 17.50602167288522, "000000395903.png": 19.676358861187357, "000000402118.png": 4.043634848138586, "000000400573.png": 8.305313380414564, "000000399462.png": 13.11400995327158, "000000404479.png": 4.670212826687223, "000000411530.png": 18.368533924019328, "000000413395.png": 7.203220950172457, "000000414034.png": 6.361357813469445, "000000414795.png": 11.650306806237198, "000000537053.png": 10.309774649063753, "000000535578.png": 11.710108999456004, "000000534601.png": 4.9652780011083895, "000000532575.png": 7.727432564785852, "000000533855.png": 5.795164725712752, "000000532493.png": 16.216938050069444, "000000514914.png": 8.631137965359837, "000000522889.png": 7.619497717365889, "000000520659.png": 14.137382334701483, "000000516143.png": 8.974381821136976, "000000508602.png": 14.857189329045076, "000000506310.png": 8.574172298554371, "000000505789.png": 19.426231296813572, "000000503841.png": 10.483195581683987, "000000504389.png": 9.248373693572212, "000000502599.png": 16.466258589278272, "000000501243.png": 12.777969194608447, "000000482585.png": 8.940151633675148, "000000477689.png": 12.66415538217322, "000000479596.png": 10.312937881544626, "000000477623.png": 13.624779827334251, "000000474452.png": 7.150667889676049, "000000472623.png": 8.837357639481995, "000000468954.png": 5.243567390481314, "000000468632.png": 13.343313287801497, "000000468233.png": 3.0227682863312264, "000000575500.png": 8.899614871798729, "000000565607.png": 22.567866101504077, "000000561465.png": 5.187726849733106, "000000570688.png": 10.979506091840587, "000000560279.png": 6.5715727543169535, "000000538067.png": 7.955074448988678, "000000556158.png": 8.470726760844592, "000000079188.png": 8.453945285886403}