{"CXR1113_IM-0078-1002.png": 2.289995738417696, "CXR102_IM-0016-2001.png": 2.21025478120408, "CXR1071_IM-0051-2001.png": 1.1218722617668682, "CXR1088_IM-0061-1001.png": 4.9471231339288515, "CXR1126_IM-0082-1001.png": 3.4746140606272995, "CXR1130_IM-0087-1001.png": 4.9228430819054205, "CXR1153_IM-0104-1001.png": 3.6099605992723434, "CXR1142_IM-0096-2001.png": 1.9083332163825466, "CXR1152_IM-0103-1001.png": 0.7441300473362241, "CXR1141_IM-0096-1002.png": 2.8848032540321347, "CXR1128_IM-0084-6001.png": 2.446696150302475, "CXR1146_IM-0098-1001.png": 4.202979316199932, "CXR1165_IM-0110-1001.png": 3.066485578092421, "CXR1160_IM-0107-1001.png": 3.008263108421353, "CXR1229_IM-0152-2001.png": 2.8759138686943455, "CXR118_IM-0123-2001.png": 2.1280296299594927, "CXR1174_IM-0118-1001.png": 1.1609252008582247, "CXR1170_IM-0115-2001.png": 3.379856977153992, "CXR1211_IM-0142-1001.png": 3.1594157286155515, "CXR122_IM-0147-0001-0002.png": 3.1805330278239614, "CXR1235_IM-0158-1001.png": 5.138975180648729, "CXR1372_IM-0239-2001.png": 1.7330977630744115, "CXR122_IM-0147-0001-0001.png": 4.054538501469812, "CXR1300_IM-0198-2001.png": 2.4036438234992024, "CXR1278_IM-0185-1002.png": 1.8540712321281145, "CXR3060_IM-1426-1003.png": 2.9344503618026296, "CXR3171_IM-1494-1001.png": 3.1228017643379564, "CXR3096_IM-1448-3003.png": 3.0556785708612555, "CXR3063_IM-1428-1001.png": 4.905689026713032, "CXR3057_IM-1424-1001-0001.png": 2.1342686661660095, "CXR3185_IM-1503-2001.png": 4.307023338481795, "CXR3058_IM-1425-2002.png": 4.731339644197384, "CXR1381_IM-0245-2001.png": 0.8270469712032942, "CXR3256_IM-1543-2001.png": 3.6462382537878013, "CXR3255_IM-1543-2001.png": 2.82291920304182, "CXR3267_IM-1551-2001.png": 1.5063264503263853, "CXR3194_IM-1505-2001.png": 1.0095927714252702, "CXR3262_IM-1548-3001.png": 4.2507554280707405, "CXR3249_IM-1539-2001.png": 2.0700226906771233, "CXR3330_IM-1594-1001.png": 4.826549680352611, "CXR3369_IM-1621-2001.png": 1.49394784032992, "CXR3292_IM-1572-2001.png": 5.09868228934569, "CXR3379_IM-1627-2001.png": 3.720355865184461, "CXR3385_IM-1632-2001.png": 3.023359445529168, "CXR3442_IM-1667-2001.png": 1.8936574935085062, "CXR3470_IM-1686-2001.png": 1.8086058925763333, "CXR3415_IM-1650-1002.png": 3.0728216065121945, "CXR3451_IM-1674-1001.png": 2.3774250049490027, "CXR2087_IM-0718-3001.png": 2.7080856667293323, "CXR3439_IM-1664-1001.png": 3.4439152240264512, "CXR2178_IM-0790-3001.png": 2.0391489759902184, "CXR210_IM-0730-4001.png": 2.378181851905106, "CXR2123_IM-0748-1001.png": 4.893844578463704, "CXR2138_IM-0760-1001.png": 3.25825944367635, "CXR2208_IM-0815-1002.png": 2.524578623307938, "CXR2228_IM-0831-1001.png": 3.367110837148464, "CXR2168_IM-0784-2001.png": 2.1207909320841467, "CXR208_IM-0711-1001.png": 3.112169753176634, "CXR226_IM-0851-2001.png": 2.3315938140258186, "CXR2239_IM-0836-1001.png": 3.0152720262820765, "CXR2262_IM-0852-1001.png": 1.7664061826320911, "CXR2246_IM-0843-2001.png": 0.8965605647361861, "CXR2259_IM-0850-2001.png": 4.701342465204442, "CXR3836_IM-1939-2001.png": 1.1182159722576883, "CXR2277_IM-0864-2001.png": 4.175482575827603, "CXR3842_IM-1943-3003.png": 2.714424844301489, "CXR3944_IM-2014-1001.png": 3.4446325255923225, "CXR3931_IM-2003-3001.png": 1.454694143171274, "CXR401_IM-2051-1001.png": 1.4916503440689164, "CXR427_IM-2070-2001.png": 4.2225044951775565, "CXR3862_IM-1956-1001.png": 1.0741988017322077, "CXR433_IM-2073-2001.png": 3.731984778072073, "CXR436_IM-2076-1001-0001.png": 2.429529588775879, "CXR459_IM-2090-1001.png": 1.2315724702103015, "CXR470_IM-2099-2001.png": 0.8463612189599539, "CXR48_IM-2103-2001.png": 1.1616451039958, "CXR5_IM-2117-1003002.png": 4.149355874505575, "CXR1402_IM-0257-1001.png": 3.8302272474805537, "CXR531_IM-2140-2001.png": 3.006686664928122, "CXR524_IM-2135-0001-0001.png": 1.7253837802479302, "CXR558_IM-2158-0001-0001.png": 3.365792645264826, "CXR2059_IM-0696-2001.png": 1.7702959740522897, "CXR2528_IM-1044-1001.png": 3.471921694855132, "CXR2740_IM-1195-1001.png": 3.855925498592893, "CXR2301_IM-0881-1001.png": 1.1487976452694202, "CXR3045_IM-1418-1001.png": 3.616306880722614, "CXR609_IM-2197-2001.png": 2.421728054166693, "CXR1524_IM-0339-1001.png": 4.767404441610096, "CXR1547_IM-0357-2001.png": 2.743680761193288, "CXR3830_IM-1933-1001.png": 3.395507630893259, "CXR3471_IM-1687-2002.png": 4.995598202527416, "CXR1483_IM-0313-1001.png": 4.327748722262404, "CXR1655_IM-0431-2001.png": 2.7995173189998237, "CXR1699_IM-0459-2001.png": 3.0025924751609296, "CXR1677_IM-0446-1001.png": 2.877341633597339, "CXR163_IM-0410-3003.png": 3.3033075140415766, "CXR1653_IM-0429-2001.png": 5.087487910396667, "CXR1666_IM-0440-0001-0001.png": 3.6186051564715385, "CXR17_IM-0460-2001.png": 0.9301107002138475, "CXR1788_IM-0513-1001.png": 3.537005346619586, "CXR1707_IM-0466-2001.png": 1.875993643872723, "CXR1834_IM-0539-1002.png": 3.0563464695714866, "CXR1706_IM-0466-1001.png": 2.978001376397524, "CXR1840_IM-0545-1001.png": 4.0489762884917955, "CXR1945_IM-0614-2001.png": 2.50589946495619, "CXR1967_IM-0629-1001.png": 3.954615690969179, "CXR1934_IM-0604-1001.png": 3.853967435523856, "CXR1975_IM-0634-1001.png": 1.9190249073848835, "CXR1881_IM-0570-2001.png": 1.423876938851188, "CXR1966_IM-0629-1001.png": 2.793903997712344, "CXR1841_IM-0545-2001.png": 2.1676096809806826, "CXR2541_IM-1053-2001.png": 2.9291969410652827, "CXR2528_IM-1044-2001.png": 2.163544710300175, "CXR2010_IM-0661-1001.png": 2.6730398467905365, "CXR2533_IM-1047-2001.png": 2.3428310956287945, "CXR19_IM-0583-3003.png": 2.9992476440741056, "CXR2557_IM-1061-2001.png": 2.1726084144623643, "CXR2058_IM-0696-2002.png": 1.0387098472586749, "CXR2655_IM-1137-2001.png": 3.2095013921713957, "CXR2563_IM-1066-2001.png": 1.6640000646470423, "CXR2664_IM-1145-2001.png": 1.6069355259492302, "CXR2638_IM-1123-2001.png": 3.493979894913401, "CXR2660_IM-1142-2001.png": 0.713748745495936, "CXR270_IM-1168-1001.png": 4.485789350724487, "CXR2679_IM-1153-2001.png": 3.927216090526896, "CXR267_IM-1147-1001.png": 1.338964751405946, "CXR2665_IM-1145-2001.png": 0.8249438261658921, "CXR3491_IM-1698-1001.png": 4.000421503236227, "CXR2720_IM-1182-2001.png": 2.167574033413414, "CXR3506_IM-1708-1001.png": 4.696316582371603, "CXR3500_IM-1706-2001.png": 1.9140665300087325, "CXR3490_IM-1697-1001.png": 4.642852380459434, "CXR3566_IM-1751-1001.png": 1.797564030313261, "CXR3565_IM-1750-2001.png": 1.8048605207069817, "CXR3543_IM-1735-2001.png": 3.6950841864733674, "CXR3544_IM-1736-2001.png": 1.796901108590455, "CXR3532_IM-1726-1001.png": 1.678248602557017, "CXR3639_IM-1804-1001.png": 1.871171208518088, "CXR3638_IM-1804-1001.png": 1.2676520493219126, "CXR3650_IM-1813-1001.png": 4.486009826898568, "CXR3628_IM-1796-2001.png": 2.5663461159863203, "CXR3612_IM-1785-2001.png": 3.0676712938165855, "CXR3733_IM-1866-1001.png": 1.4283989396803503, "CXR3745_IM-1872-1001.png": 3.0299861823506995, "CXR3768_IM-1887-2001.png": 1.9906716923196712, "CXR3783_IM-1898-1001.png": 1.3784989242043537, "CXR3727_IM-1863-2001.png": 2.1594548471992825, "CXR3794_IM-1908-1002.png": 2.1014972358975195, "CXR3809_IM-1919-1002001.png": 3.5565877402918824, "CXR3821_IM-1929-2001.png": 3.853841099877763, "CXR3797_IM-1910-0001-0001.png": 6.326111361328159, "CXR633_IM-2213-1001.png": 2.621867310728172, "CXR634_IM-2214-1001.png": 2.311817192709745, "CXR640_IM-2219-1001.png": 4.200259903111353, "CXR3827_IM-1932-1001.png": 1.484926489708074, "CXR3824_IM-1931-1001.png": 1.304093792556679, "CXR682_IM-2253-2001.png": 1.755398594437975, "CXR651_IM-2229-1001.png": 3.9084080385388242, "CXR647_IM-2225-2001.png": 1.8465578292536085, "CXR70_IM-2264-3001.png": 3.096012938983705, "CXR756_IM-2307-4001.png": 2.659866792228378, "CXR718_IM-2280-3001.png": 1.7629026747135434, "CXR935_IM-2432-1001.png": 3.0910739810828853, "CXR899_IM-2407-1001.png": 4.309000081966697, "CXR776_IM-2319-1001.png": 1.4374080361141457, "CXR810_IM-2343-1001.png": 1.2211878609010753, "CXR801_IM-2335-2001.png": 2.4764248753566025, "CXR965_IM-2455-1001.png": 4.630417136738737,