{"CXR1229_IM-0152-2001.png": 2.2377211428494523, "CXR1372_IM-0239-2001.png": 0.9394603979835628, "CXR1300_IM-0198-2001.png": 1.1086485980361347, "CXR122_IM-0147-0001-0002.png": 1.5923672948402574, "CXR118_IM-0123-2001.png": 1.4171445462159629, "CXR122_IM-0147-0001-0001.png": 2.1147756198637415, "CXR3256_IM-1543-2001.png": 0.9034023831131962, "CXR3057_IM-1424-1001-0001.png": 1.115970009266237, "CXR3058_IM-1425-2002.png": 2.510634837688171, "CXR3063_IM-1428-1001.png": 2.1965412892441947, "CXR3185_IM-1503-2001.png": 1.4566827362316546, "CXR3096_IM-1448-3003.png": 1.4697678601013788, "CXR3171_IM-1494-1001.png": 1.5093276185965427, "CXR3060_IM-1426-1003.png": 1.9337249906723282, "CXR1278_IM-0185-1002.png": 1.0877766509705353, "CXR1142_IM-0096-2001.png": 0.9204387103103742, "CXR1141_IM-0096-1002.png": 1.561394650307226, "CXR1153_IM-0104-1001.png": 2.321236654315236, "CXR1128_IM-0084-6001.png": 1.3327168941671486, "CXR1146_IM-0098-1001.png": 2.0064224736143745, "CXR1152_IM-0103-1001.png": 0.5644980649165329, "CXR1130_IM-0087-1001.png": 2.7857042146525663, "CXR1126_IM-0082-1001.png": 2.192847139825348, "CXR1165_IM-0110-1001.png": 1.8990568535672445, "CXR1174_IM-0118-1001.png": 0.9020828174507772, "CXR1235_IM-0158-1001.png": 1.534994599478821, "CXR1211_IM-0142-1001.png": 1.956535239063496, "CXR1170_IM-0115-2001.png": 1.2992201855733645, "CXR1088_IM-0061-1001.png": 1.723678190284959, "CXR1160_IM-0107-1001.png": 1.8494468646138171, "CXR1071_IM-0051-2001.png": 0.8810724504629807, "CXR102_IM-0016-2001.png": 1.3556541434384368, "CXR1113_IM-0078-1002.png": 1.4319508234607976, "CXR2664_IM-1145-2001.png": 1.3491897345994877, "CXR2665_IM-1145-2001.png": 0.6484870164573208, "CXR1841_IM-0545-2001.png": 1.0900932721256464, "CXR2563_IM-1066-2001.png": 1.3772809773522205, "CXR1655_IM-0431-2001.png": 1.3520357955362994, "CXR1677_IM-0446-1001.png": 1.6757638149203968, "CXR1666_IM-0440-0001-0001.png": 2.1607325517928206, "CXR1483_IM-0313-1001.png": 1.3962773084509557, "CXR163_IM-0410-3003.png": 1.5376369139189208, "CXR2638_IM-1123-2001.png": 1.446097009369601, "CXR2660_IM-1142-2001.png": 0.5681379727624217, "CXR1967_IM-0629-1001.png": 2.152033175687454, "CXR1934_IM-0604-1001.png": 2.2163012823003134, "CXR1881_IM-0570-2001.png": 1.4055803000518616, "CXR1699_IM-0459-2001.png": 1.7333079768665935, "CXR17_IM-0460-2001.png": 0.6018707540727561, "CXR1653_IM-0429-2001.png": 1.027841853011412, "CXR1834_IM-0539-1002.png": 1.4971644016385384, "CXR1966_IM-0629-1001.png": 1.6196934406107786, "CXR1975_IM-0634-1001.png": 1.4023278802630894, "CXR1945_IM-0614-2001.png": 1.3524266547875672, "CXR1840_IM-0545-1001.png": 2.119932517205077, "CXR1706_IM-0466-1001.png": 1.8591188805666514, "CXR3471_IM-1687-2002.png": 1.961504166048355, "CXR1707_IM-0466-2001.png": 1.5863359357380136, "CXR5_IM-2117-1003002.png": 1.946928304415594, "CXR524_IM-2135-0001-0001.png": 1.2361459252920295, "CXR1402_IM-0257-1001.png": 2.0477435764862637, "CXR609_IM-2197-2001.png": 1.3126083393888557, "CXR1524_IM-0339-1001.png": 1.7685930584295437, "CXR3045_IM-1418-1001.png": 2.562251160966708, "CXR1788_IM-0513-1001.png": 2.2983506235354665, "CXR3830_IM-1933-1001.png": 1.970132771782426, "CXR1547_IM-0357-2001.png": 1.0737061593430972, "CXR531_IM-2140-2001.png": 1.4867838378069105, "CXR48_IM-2103-2001.png": 0.9012328015534361, "CXR470_IM-2099-2001.png": 0.6893009088966703, "CXR2059_IM-0696-2001.png": 1.1898386337691031, "CXR2528_IM-1044-1001.png": 2.2246695573226387, "CXR2740_IM-1195-1001.png": 2.039690415664637, "CXR2301_IM-0881-1001.png": 0.5552668759891082, "CXR558_IM-2158-0001-0001.png": 1.9431166510223976, "CXR459_IM-2090-1001.png": 0.8474062697868578, "CXR226_IM-0851-2001.png": 1.7064297463086486, "CXR208_IM-0711-1001.png": 1.8878743673636773, "CXR2262_IM-0852-1001.png": 1.2672419833240547, "CXR2239_IM-0836-1001.png": 2.1699014002482486, "CXR436_IM-2076-1001-0001.png": 1.239876944121135, "CXR3862_IM-1956-1001.png": 0.7588454190455999, "CXR427_IM-2070-2001.png": 1.2918307340422324, "CXR401_IM-2051-1001.png": 1.001098950452581, "CXR2259_IM-0850-2001.png": 1.400863981938897, "CXR2246_IM-0843-2001.png": 0.7047800631287194, "CXR3842_IM-1943-3003.png": 1.2545448953584297, "CXR3931_IM-2003-3001.png": 1.1228676434477853, "CXR433_IM-2073-2001.png": 1.3723511279420124, "CXR3944_IM-2014-1001.png": 2.257440379155012, "CXR2277_IM-0864-2001.png": 1.158635887754677, "CXR2168_IM-0784-2001.png": 1.9253717032851867, "CXR2178_IM-0790-3001.png": 1.0408732532413512, "CXR2123_IM-0748-1001.png": 2.005942922528127, "CXR210_IM-0730-4001.png": 1.7900192952691572, "CXR3439_IM-1664-1001.png": 1.9874120466898786, "CXR2087_IM-0718-3001.png": 2.1003281912196066, "CXR3451_IM-1674-1001.png": 1.3433329689286342, "CXR3836_IM-1939-2001.png": 0.817840027073605, "CXR3249_IM-1539-2001.png": 1.6024668945972347, "CXR3385_IM-1632-2001.png": 1.9250092583266543, "CXR3369_IM-1621-2001.png": 1.3747585272921858, "CXR3330_IM-1594-1001.png": 1.3917534577136075, "CXR3442_IM-1667-2001.png": 1.4654348277860896, "CXR2228_IM-0831-1001.png": 1.919343508570712, "CXR2208_IM-0815-1002.png": 1.3362710297803058, "CXR3415_IM-1650-1002.png": 1.4831499032109863, "CXR2138_IM-0760-1001.png": 2.031929245764371, "CXR3292_IM-1572-2001.png": 1.4514005885465422, "CXR3194_IM-1505-2001.png": 0.8292969942375076, "CXR3379_IM-1627-2001.png": 1.022606798118331, "CXR3262_IM-1548-3001.png": 1.968214066793171, "CXR3267_IM-1551-2001.png": 1.5417837480350502, "CXR3255_IM-1543-2001.png": 1.3220852047183573, "CXR3470_IM-1686-2001.png": 0.8522523725214094, "CXR1381_IM-0245-2001.png": 0.6568232569267027, "CXR2847_IM-1256-1001.png": 2.0613172671091085, "CXR2828_IM-1247-1001.png": 2.1236500015719733, "CXR2968_IM-1360-1001.png": 1.0186612940859154, "CXR2818_IM-1242-2001.png": 1.6699485571306147, "CXR2520_IM-1039-28001.png": 1.1113716452067604, "CXR2463_IM-0996-1001.png": 1.547554091456616, "CXR2447_IM-0983-2001.png": 1.0791948214772868, "CXR251_IM-1032-3001.png": 1.2839873048701376, "CXR2507_IM-1030-3001.png": 2.547846737594816, "CXR242_IM-0963-1001.png": 1.4900987347126298, "CXR2419_IM-0963-2001.png": 1.4519017086010904, "CXR2998_IM-1382-1001.png": 1.2134794169890752, "CXR2341_IM-0907-1001.png": 2.1372803054095195, "CXR245_IM-0985-1001.png": 2.255604025879422, "CXR2997_IM-1381-1001.png": 0.9166772589739978, "CXR28_IM-1231-2001.png": 1.1113090393630447, "CXR2938_IM-1339-1001.png": 1.6931979141500522, "CXR2970_IM-1362-1001.png": 2.2075678340586684, "CXR2352_IM-0918-1002.png": 2.2528512557640226, "CXR2773_IM-1214-1001.png": 2.2021711426940502, "CXR2344_IM-0909-2001.png": 1.0686074318003893, "CXR2398_IM-0947-4004.png": 1.4777895598813091, "CXR249_IM-1016-2001.png": 0.8160648712127253, "CXR2958_IM-1354-1002.png": 1.3674997727301978, "CXR647_IM-2225-2001.png": 1.329964492033676, "CXR682_IM-2253-2001.png": 1.0125760553396723, "CXR70_IM-2264-3001.png": 2.0681219509759323, "CXR651_IM-2229-1001.png": 1.4563563635786008, "CXR2919_IM-1321-2001.png": 1.1267391038430659, "CXR2814_IM-1239-1001.png": 0.5968586856441983, "CXR2977_IM-1366-1001.png": 1.0144325799396072, "CXR2333_IM-0901-2001.png": 1.3803314705038696, "CXR718_IM-2280-3001.png": 1.7011067458566687, "CXR935_IM-2432-1001.png": 2.147326828680911, "CXR899_IM-2407-1001.png": 2.120492518127388, "CXR3824_IM-1931-1001.png": 1.0124538965722962, "CXR3827_IM-1932-1001.png": 1.0218899668207782, "CXR801_IM-2335-2001.png": 1.3575948592986107, "CXR993_IM-2478-1001.png": 1.6565674363826988, "CXR776_IM-2319-1001.png": 1.0844086003185698, "CXR892_IM-2403-1001.png": 2.127896194023307, "CXR965_IM-2455-1001.png": 2.1208908315034436, "CXR3650_IM-1813-1001.png": 2.202534412657863, "CXR3628_IM-1796-2001.png": 1.6027894528865247, "CXR3768_IM-1887-2001.png": 1.2198864724470364, "CXR3745_IM-1872-1001.png": 1.899696463404669, "CXR3612_IM-1785-2001.png": 1.1979958285691388, "CXR3639_IM-1804-1001.png": 1.3637116213148262, "CXR756_IM-2307-4001.png": 1.46068072544663, "CXR984_IM-2471-2001.png": 0.6354003587441737, "CXR3797_IM-1910-0001-0001.png": 0.7923868251325155,