{"CXR1113_IM-0078-1002.png": 3.806444696931181, "CXR102_IM-0016-2001.png": 3.609063757516694, "CXR1071_IM-0051-2001.png": 1.8031318606100544, "CXR1088_IM-0061-1001.png": 10.687573486156532, "CXR1126_IM-0082-1001.png": 7.502185023513152, "CXR1130_IM-0087-1001.png": 9.216924759998715, "CXR1153_IM-0104-1001.png": 6.117731245590723, "CXR1142_IM-0096-2001.png": 3.510408285492823, "CXR1152_IM-0103-1001.png": 1.111373077468959, "CXR1141_IM-0096-1002.png": 5.280078008638737, "CXR1128_IM-0084-6001.png": 4.318201880738498, "CXR1146_IM-0098-1001.png": 9.32431284898143, "CXR1165_IM-0110-1001.png": 5.974221659107424, "CXR1160_IM-0107-1001.png": 5.165839720942843, "CXR1229_IM-0152-2001.png": 5.603472025299323, "CXR118_IM-0123-2001.png": 4.438807284822726, "CXR1174_IM-0118-1001.png": 1.725498447759715, "CXR1170_IM-0115-2001.png": 7.02403666531994, "CXR1211_IM-0142-1001.png": 5.56386637499643, "CXR122_IM-0147-0001-0002.png": 6.553362579312705, "CXR1235_IM-0158-1001.png": 11.470007499391805, "CXR1372_IM-0239-2001.png": 3.0632293436459803, "CXR122_IM-0147-0001-0001.png": 8.479700772381994, "CXR1300_IM-0198-2001.png": 4.651360158982344, "CXR1278_IM-0185-1002.png": 3.2314744265894135, "CXR3060_IM-1426-1003.png": 4.968342041975841, "CXR3171_IM-1494-1001.png": 6.349732566458378, "CXR3096_IM-1448-3003.png": 5.877181364832469, "CXR3063_IM-1428-1001.png": 10.072772140999389, "CXR3057_IM-1424-1001-0001.png": 3.889468586331854, "CXR3185_IM-1503-2001.png": 9.939522717657459, "CXR3058_IM-1425-2002.png": 9.468892648234332, "CXR1381_IM-0245-2001.png": 1.1583379203027613, "CXR3256_IM-1543-2001.png": 8.342014708332462, "CXR3255_IM-1543-2001.png": 5.399823641439922, "CXR3267_IM-1551-2001.png": 2.8853482496402565, "CXR3194_IM-1505-2001.png": 1.623020219108243, "CXR3262_IM-1548-3001.png": 8.043495392847099, "CXR3249_IM-1539-2001.png": 3.9630117469496375, "CXR3330_IM-1594-1001.png": 10.643271385896421, "CXR3369_IM-1621-2001.png": 3.785913486359143, "CXR3292_IM-1572-2001.png": 11.875509553374464, "CXR3379_IM-1627-2001.png": 8.476855478369968, "CXR3385_IM-1632-2001.png": 6.2076536278780345, "CXR3442_IM-1667-2001.png": 4.418328015156538, "CXR3470_IM-1686-2001.png": 5.03762726859096, "CXR3415_IM-1650-1002.png": 6.134493158317498, "CXR3451_IM-1674-1001.png": 4.013122744947646, "CXR2087_IM-0718-3001.png": 5.695441734585397, "CXR3439_IM-1664-1001.png": 7.401279721220841, "CXR2178_IM-0790-3001.png": 3.689790506391876, "CXR210_IM-0730-4001.png": 5.4795960238548584, "CXR2123_IM-0748-1001.png": 10.047627569034063, "CXR2138_IM-0760-1001.png": 5.534389793039835, "CXR2208_IM-0815-1002.png": 4.778823339963494, "CXR2228_IM-0831-1001.png": 6.193030077105407, "CXR2168_IM-0784-2001.png": 3.6614064120575764, "CXR208_IM-0711-1001.png": 5.375725910370921, "CXR226_IM-0851-2001.png": 4.428669149040273, "CXR2239_IM-0836-1001.png": 5.738783529686419, "CXR2262_IM-0852-1001.png": 2.7284805846126496, "CXR2246_IM-0843-2001.png": 1.2514510888982953, "CXR2259_IM-0850-2001.png": 11.039576542973702, "CXR3836_IM-1939-2001.png": 1.8555772286548375, "CXR2277_IM-0864-2001.png": 9.17381601702773, "CXR3842_IM-1943-3003.png": 5.409518612046443, "CXR3944_IM-2014-1001.png": 6.307431704113908, "CXR3931_IM-2003-3001.png": 2.288287407595467, "CXR401_IM-2051-1001.png": 2.3749208141088642, "CXR427_IM-2070-2001.png": 9.103685888736717, "CXR3862_IM-1956-1001.png": 1.5748723280860817, "CXR433_IM-2073-2001.png": 8.213877524563191, "CXR436_IM-2076-1001-0001.png": 4.383845173493054, "CXR459_IM-2090-1001.png": 2.031120993159352, "CXR470_IM-2099-2001.png": 1.2079332683516013, "CXR48_IM-2103-2001.png": 1.705627088436487, "CXR5_IM-2117-1003002.png": 7.92133324341976, "CXR1402_IM-0257-1001.png": 7.775616048988552, "CXR531_IM-2140-2001.png": 5.724818219148141, "CXR524_IM-2135-0001-0001.png": 2.8568501431510858, "CXR558_IM-2158-0001-0001.png": 6.6806086671194365, "CXR2059_IM-0696-2001.png": 3.601821114299173, "CXR2528_IM-1044-1001.png": 6.795856610803143, "CXR2740_IM-1195-1001.png": 8.453224619317748, "CXR2301_IM-0881-1001.png": 2.2430516399767053, "CXR3045_IM-1418-1001.png": 6.564745520518211, "CXR609_IM-2197-2001.png": 5.420975785680283, "CXR1524_IM-0339-1001.png": 10.49450953592081, "CXR1547_IM-0357-2001.png": 5.639892804399297, "CXR3830_IM-1933-1001.png": 6.821971894497325, "CXR3471_IM-1687-2002.png": 11.666147340475243, "CXR1483_IM-0313-1001.png": 9.219637708853234, "CXR1655_IM-0431-2001.png": 6.224936658340428, "CXR1699_IM-0459-2001.png": 5.51368300702371, "CXR1677_IM-0446-1001.png": 5.259224236887211, "CXR163_IM-0410-3003.png": 6.510855833774914, "CXR1653_IM-0429-2001.png": 12.312797419081297, "CXR1666_IM-0440-0001-0001.png": 7.5654809844164586, "CXR17_IM-0460-2001.png": 1.5054809230291182, "CXR1788_IM-0513-1001.png": 5.915623468112592, "CXR1707_IM-0466-2001.png": 3.5596325172467673, "CXR1834_IM-0539-1002.png": 5.860742575806465, "CXR1706_IM-0466-1001.png": 4.991336094670067, "CXR1840_IM-0545-1001.png": 8.007486090868127, "CXR1945_IM-0614-2001.png": 4.4794440369405075, "CXR1967_IM-0629-1001.png": 8.037674906782179, "CXR1934_IM-0604-1001.png": 7.578814629384227, "CXR1975_IM-0634-1001.png": 2.993084985597571, "CXR1881_IM-0570-2001.png": 3.0723690473890186, "CXR1966_IM-0629-1001.png": 4.820147312593713, "CXR1841_IM-0545-2001.png": 5.599057170734972, "CXR2541_IM-1053-2001.png": 5.944104903227332, "CXR2528_IM-1044-2001.png": 4.21108842451646, "CXR2010_IM-0661-1001.png": 4.39934379532576, "CXR2533_IM-1047-2001.png": 4.2876350486539465, "CXR19_IM-0583-3003.png": 5.807984863065392, "CXR2557_IM-1061-2001.png": 4.146423000658867, "CXR2058_IM-0696-2002.png": 1.7368266597186033, "CXR2655_IM-1137-2001.png": 9.622356101364455, "CXR2563_IM-1066-2001.png": 3.1915261700407975, "CXR2664_IM-1145-2001.png": 3.1028269847967267, "CXR2638_IM-1123-2001.png": 7.538659991887726, "CXR2660_IM-1142-2001.png": 1.0158358277707524, "CXR270_IM-1168-1001.png": 8.726045163404581, "CXR2679_IM-1153-2001.png": 8.982573075682593, "CXR267_IM-1147-1001.png": 2.1434725406115964, "CXR2665_IM-1145-2001.png": 1.1876445826651318, "CXR3491_IM-1698-1001.png": 7.315396851411096, "CXR2720_IM-1182-2001.png": 4.8264485320081505, "CXR3506_IM-1708-1001.png": 9.696492271686868, "CXR3500_IM-1706-2001.png": 5.2783339217698355, "CXR3490_IM-1697-1001.png": 10.091851941192285, "CXR3566_IM-1751-1001.png": 3.463126505396152, "CXR3565_IM-1750-2001.png": 3.4067374419308, "CXR3543_IM-1735-2001.png": 7.885875331579146, "CXR3544_IM-1736-2001.png": 5.713013589208835, "CXR3532_IM-1726-1001.png": 2.736602944010146, "CXR3639_IM-1804-1001.png": 3.1438015932236083, "CXR3638_IM-1804-1001.png": 2.230116287994704, "CXR3650_IM-1813-1001.png": 9.040616275172914, "CXR3628_IM-1796-2001.png": 5.355690854699783, "CXR3612_IM-1785-2001.png": 6.260705177026288, "CXR3733_IM-1866-1001.png": 2.478624441997067, "CXR3745_IM-1872-1001.png": 5.237426163760991, "CXR3768_IM-1887-2001.png": 4.0045581286839695, "CXR3783_IM-1898-1001.png": 2.2715105495602974, "CXR3727_IM-1863-2001.png": 4.293420587091791, "CXR3794_IM-1908-1002.png": 3.84656844271668, "CXR3809_IM-1919-1002001.png": 6.204117296441105, "CXR3821_IM-1929-2001.png": 8.350509149833856, "CXR3797_IM-1910-0001-0001.png": 15.850898107080006, "CXR633_IM-2213-1001.png": 6.839434870379254, "CXR634_IM-2214-1001.png": 4.403052534520877, "CXR640_IM-2219-1001.png": 7.795599819440096, "CXR3827_IM-1932-1001.png": 2.333790918968444, "CXR3824_IM-1931-1001.png": 1.9780767321719197, "CXR682_IM-2253-2001.png": 2.9351497618508158, "CXR651_IM-2229-1001.png": 8.109698573209801, "CXR647_IM-2225-2001.png": 3.517455675997643, "CXR70_IM-2264-3001.png": 5.9882845063741, "CXR756_IM-2307-4001.png": 5.565471963655074, "CXR718_IM-2280-3001.png": 5.4514760375207505, "CXR935_IM-2432-1001.png": 5.344741600832223, "CXR899_IM-2407-1001.png": 8.829855909864898, "CXR776_IM-2319-1001.png": 2.3713203319387564, "CXR810_IM-2343-1001.png": 1.8376271714083976, "CXR801_IM-2335-2001.png": 4.269703084944295, "CXR965_IM-2455-1001.png": 8.783006035839499, "CXR892_IM-2403-1001.png": 6.82955638532697,