{"000000079188.png": 9.046861171759824, "000000337987.png": 12.434016779006022, "000000004795.png": 8.987132214445031, "000000386912.png": 13.573493299148337, "000000458255.png": 6.174497550677961, "000000012639.png": 12.628753688349278, "000000347265.png": 14.84544047654533, "000000049761.png": 7.624607436440556, "000000201426.png": 9.537840735025824, "000000294783.png": 12.904700470982531, "000000310862.png": 5.65257650971811, "000000229216.png": 11.41599787778902, "000000186296.png": 12.580119305715263, "000000561465.png": 8.39442541469824, "000000395903.png": 15.11151514363527, "000000438955.png": 14.66767377283197, "000000147745.png": 11.961443576696363, "000000051008.png": 9.78433487434856, "000000109313.png": 7.682020330058979, "000000204329.png": 3.9648940032792166, "000000271471.png": 5.810301894941909, "000000575500.png": 9.23698335371078, "000000477623.png": 11.206621415940617, "000000209613.png": 15.989748235482905, "000000086483.png": 16.55535889694901, "000000093437.png": 9.887691122547997, "000000126216.png": 19.25913482443703, "000000565607.png": 22.513090902855883, "000000343496.png": 14.98175921631808, "000000309391.png": 19.362767024057568, "000000411530.png": 14.940283033655367, "000000135561.png": 6.658610475551155, "000000535578.png": 15.294204568868654, "000000328238.png": 14.7491130452697, "000000414034.png": 8.461165493903954, "000000294831.png": 6.973447483408206, "000000291619.png": 8.256087937746335, "000000522889.png": 7.662541954991187, "000000032817.png": 6.0693213668859585, "000000210032.png": 10.100995496781449, "000000414795.png": 10.486710273161762, "000000192716.png": 10.683502604121685, "000000249786.png": 7.459547860086563, "000000286422.png": 5.1563419415262715, "000000060932.png": 12.557251441250491, "000000516143.png": 10.364245082004745, "000000176037.png": 15.212565123597019, "000000221017.png": 10.442450096348903, "000000399462.png": 13.180811227684227, "000000167159.png": 9.10199647480546, "000000044652.png": 1.822663175209359, "000000167572.png": 12.025388725074489, "000000136915.png": 8.727817324065251, "000000413395.png": 5.899996028709286, "000000504389.png": 11.814620595584492, "000000186282.png": 6.556545711807026, "000000010363.png": 10.249613467865391, "000000377814.png": 7.045039051343049, "000000532575.png": 9.0754049912768, "000000085195.png": 5.591222887175063, "000000144706.png": 6.13010599390262, "000000362434.png": 10.158541437315224, "000000269866.png": 7.053275325633421, "000000514914.png": 5.261925783572487, "000000170595.png": 4.565717118216094, "000000506310.png": 10.917267373197442, "000000255401.png": 7.623961119553556, "000000187144.png": 8.532398935863357, "000000013923.png": 9.576304936078131, "000000402118.png": 5.213338491587816, "000000537053.png": 11.716217491147177, "000000074733.png": 9.072186846087567, "000000192964.png": 7.819390104860236, "000000451693.png": 6.952876356048196, "000000174004.png": 14.944696435285739, "000000239773.png": 6.400763180466986, "000000303653.png": 13.348147975567171, "000000034071.png": 3.142693027768078, "000000451714.png": 9.086269247144537, "000000319935.png": 10.174981864026492, "000000190923.png": 12.229360626678345, "000000252716.png": 10.532371993526025, "000000100510.png": 13.216148693811961, "000000148719.png": 15.023605986508292, "000000468124.png": 10.449267731944335, "000000180751.png": 10.270693054986744, "000000198960.png": 21.456693490373507, "000000068765.png": 9.992150687415203, "000000361919.png": 7.121613922204887, "000000289059.png": 6.7953710591317, "000000452515.png": 5.193271536066412, "000000306437.png": 9.462518668318747, "000000006040.png": 14.376549178011787, "000000190853.png": 5.587287507659692, "000000231125.png": 9.539109867511772, "000000252701.png": 8.035786039898683, "000000453341.png": 10.042594114146253, "000000477689.png": 9.3045276513845, "000000556158.png": 9.380229441606321, "000000291664.png": 10.55416526985912, "000000439623.png": 9.917831644939813, "000000269314.png": 8.046632423286095, "000000307074.png": 9.626355092660125, "000000380203.png": 14.389054671565264, "000000468632.png": 14.970661369371225, "000000047121.png": 3.839657753756184, "000000351559.png": 7.5015878824268265, "000000292024.png": 8.462123722744913, "000000030504.png": 9.995454508289244, "000000351589.png": 11.541830317989346, "000000479596.png": 9.38084822246728, "000000102411.png": 11.626596353780167, "000000019924.png": 10.872287062652214, "000000007816.png": 8.332754779310973, "000000508602.png": 13.374343205838331, "000000215723.png": 7.77571698235005, "000000335081.png": 9.510665597833697, "000000314034.png": 14.318958817374412, "000000503841.png": 10.537249807487816, "000000533855.png": 6.711856668392249, "000000011511.png": 11.019473247415453, "000000570688.png": 9.959512433220564, "000000057027.png": 12.030031141557615, "000000192699.png": 12.758573031425673, "000000311789.png": 5.9356059414476485, "000000310072.png": 13.934993066001253, "000000033109.png": 11.912886690035613, "000000389381.png": 10.524178819845444, "000000264968.png": 8.360614772703167, "000000092839.png": 6.807975435200448, "000000001000.png": 13.635622821596725, "000000329447.png": 13.002858315666446, "000000355610.png": 4.224426716418902, "000000336658.png": 11.708971470674047, "000000309938.png": 8.52207356706763, "000000232684.png": 2.9950899526621146, "000000502599.png": 11.600993825057431, "000000231549.png": 5.913154291861067, "000000369037.png": 11.254179111744834, "000000308328.png": 9.417362512168651, "000000455981.png": 4.789288126230333, "000000468233.png": 5.034919712013225, "000000284762.png": 7.550603346827803, "000000482585.png": 11.058451161978292, "000000135604.png": 12.089820182740555, "000000538067.png": 7.993341759140072, "000000226662.png": 14.229442481658705, "000000311909.png": 14.583876926208536, "000000468954.png": 5.913684430781142, "000000250766.png": 12.07204937715667, "000000211042.png": 11.84931500658999, "000000097022.png": 8.897489763584558, "000000096001.png": 7.623277276843561, "000000238013.png": 7.622510076255727, "000000396863.png": 16.99246688345101, "000000173033.png": 5.639214460512865, "000000234779.png": 4.728839336240609, "000000228942.png": 12.011672326622366, "000000400573.png": 9.126167785243904, "000000444879.png": 10.180737117299493, "000000133244.png": 12.20917198882681, "000000115118.png": 18.80414073298612, "000000505789.png": 19.675090715934427, "000000095786.png": 3.799192490749283, "000000200421.png": 10.900696537358527, "000000269682.png": 5.927667192371431, "000000194940.png": 7.37437073546632, "000000532493.png": 10.752337141118623, "000000028285.png": 11.387513768019925, "000000102707.png": 10.531174306107005, "000000335177.png": 12.146847696170736, "000000361551.png": 7.403354928675024, "000000239537.png": 7.004642317351458, "000000061171.png": 12.98928169465224, "000000117908.png": 7.32938315790554, "000000127135.png": 14.63345924622013, "000000391375.png": 11.39105312621591, "000000451043.png": 4.220085873447784, "000000472623.png": 13.694448245955263, "000000027620.png": 9.203034285008812, "000000501243.png": 16.342937139995797, "000000342295.png": 9.49679690672367, "000000334417.png": 3.8070102958623493, "000000434996.png": 6.827421062456855, "000000108440.png": 12.942187291422425, "000000076211.png": 8.407655810949564, "000000534601.png": 5.467745614969186, "000000177357.png": 10.712008441452221, "000000404479.png": 4.4013697149266005, "000000104612.png": 11.784730877755564, "000000560279.png": 5.701552395560791, "000000229111.png": 5.917356256233796, "000000474452.png": 8.379103116557493, "000000183500.png": 5.3679394043790225, "000000370486.png": 14.750351951846325, "000000167902.png": 12.959892576062915, "000000520659.png": 15.113491365361899, "000000346968.png": 4.582912125194184, "000000453708.png": 7.992608209046917, "000000138639.png": 15.28674061553548}