{"000000079188.png": 6.809441713708628, "000000337987.png": 9.677316599287323, "000000004795.png": 7.463902342448828, "000000386912.png": 9.323082674993916, "000000458255.png": 4.8803077766206195, "000000012639.png": 10.635764430190736, "000000347265.png": 10.708151889114214, "000000049761.png": 6.4968694945443985, "000000201426.png": 7.314448438047327, "000000294783.png": 8.676961527013495, "000000310862.png": 4.19344183241334, "000000229216.png": 8.076116153430345, "000000186296.png": 8.854797434073618, "000000561465.png": 5.516212513631632, "000000395903.png": 13.495486142399685, "000000438955.png": 12.383882849813306, "000000147745.png": 9.53710644811419, "000000051008.png": 6.117366266749049, "000000109313.png": 6.526604995619344, "000000204329.png": 3.7573557535781306, "000000271471.png": 3.9869115616466577, "000000575500.png": 6.7979688624527075, "000000477623.png": 9.507486961778119, "000000209613.png": 9.96465799095349, "000000086483.png": 11.955201761876868, "000000093437.png": 7.219454162836039, "000000126216.png": 15.431667430298383, "000000565607.png": 18.925508882668442, "000000343496.png": 11.63377892976722, "000000309391.png": 14.971237628027831, "000000411530.png": 12.802074729850633, "000000135561.png": 4.212593855109055, "000000535578.png": 11.144831795421053, "000000328238.png": 11.492172685923734, "000000414034.png": 5.977056073512033, "000000294831.png": 4.6732253639211665, "000000291619.png": 4.22858078498659, "000000522889.png": 6.163377659700078, "000000032817.png": 3.9247556162913413, "000000210032.png": 7.653256759138992, "000000414795.png": 8.156356050301525, "000000192716.png": 8.932475412127495, "000000249786.png": 6.484858683035285, "000000286422.png": 4.806012414651062, "000000060932.png": 7.944070557323826, "000000516143.png": 7.8844948005602244, "000000176037.png": 10.861817956270812, "000000221017.png": 8.265858323175149, "000000399462.png": 11.249956534529147, "000000167159.png": 7.323855520226739, "000000044652.png": 1.3514429096040366, "000000167572.png": 7.835950116442203, "000000136915.png": 6.266216009772698, "000000413395.png": 4.570930059415066, "000000504389.png": 7.799843376258308, "000000186282.png": 4.294422196306929, "000000010363.png": 6.523418778350881, "000000377814.png": 5.652253490350358, "000000532575.png": 6.075381243638035, "000000085195.png": 4.55178618713503, "000000144706.png": 4.586491575577318, "000000362434.png": 7.835985577665399, "000000269866.png": 5.6710535513805205, "000000514914.png": 4.851105181498774, "000000170595.png": 3.7868907575071673, "000000506310.png": 7.31826031546273, "000000255401.png": 5.717089631375487, "000000187144.png": 6.68344160826746, "000000013923.png": 8.361671605262192, "000000402118.png": 4.148543196350093, "000000537053.png": 9.386883483392202, "000000074733.png": 6.834709084553448, "000000192964.png": 4.283981364876439, "000000451693.png": 7.093168226533642, "000000174004.png": 12.69240989090731, "000000239773.png": 4.44359366125864, "000000303653.png": 9.327733243896295, "000000034071.png": 1.5644479713783197, "000000451714.png": 7.398748968758323, "000000319935.png": 7.20317787897539, "000000190923.png": 8.836966621288182, "000000252716.png": 7.516049141259772, "000000100510.png": 10.500444975806163, "000000148719.png": 11.636887655762422, "000000468124.png": 8.93356266705043, "000000180751.png": 8.051360561348597, "000000198960.png": 17.390561003651655, "000000068765.png": 7.400258980812304, "000000361919.png": 5.922821348890735, "000000289059.png": 5.494806873061584, "000000452515.png": 4.1963228433046345, "000000306437.png": 6.707418881826096, "000000006040.png": 10.216293195002391, "000000190853.png": 4.424508502682223, "000000231125.png": 7.285619035685444, "000000252701.png": 7.46924980541297, "000000453341.png": 8.244588923680979, "000000477689.png": 7.724611481116907, "000000556158.png": 7.478583632144181, "000000291664.png": 10.138654611689224, "000000439623.png": 7.502172785866763, "000000269314.png": 6.494726202221933, "000000307074.png": 6.655340637282227, "000000380203.png": 8.056389231337581, "000000468632.png": 11.312425950674122, "000000047121.png": 2.9249764337116257, "000000351559.png": 5.121443594238295, "000000292024.png": 5.831099547312552, "000000030504.png": 7.9129337994401405, "000000351589.png": 7.172153062602844, "000000479596.png": 7.706267570254874, "000000102411.png": 8.816886382759735, "000000019924.png": 8.692296515070597, "000000007816.png": 6.507630493694188, "000000508602.png": 10.20832719758287, "000000215723.png": 5.6362820000778076, "000000335081.png": 6.434147688193679, "000000314034.png": 10.441108227893025, "000000503841.png": 8.363010219017106, "000000533855.png": 4.032998646542049, "000000011511.png": 7.4653179182094265, "000000570688.png": 8.339288895411428, "000000057027.png": 8.472561331715076, "000000192699.png": 9.176546391439727, "000000311789.png": 3.3455072845769163, "000000310072.png": 10.44840336345834, "000000033109.png": 8.115217414059293, "000000389381.png": 9.212557212786592, "000000264968.png": 6.6651086510373245, "000000092839.png": 5.195066618452929, "000000001000.png": 10.707363406836318, "000000329447.png": 9.832730989456692, "000000355610.png": 2.93220915426468, "000000336658.png": 7.074131138457364, "000000309938.png": 6.446154122977433, "000000232684.png": 1.9764573266092467, "000000502599.png": 9.692356906709671, "000000231549.png": 4.438166385290319, "000000369037.png": 7.321861907916652, "000000308328.png": 6.883134013368208, "000000455981.png": 2.8377898308337417, "000000468233.png": 3.3312059199827826, "000000284762.png": 6.581569618004574, "000000482585.png": 8.083634378929197, "000000135604.png": 9.826889244095605, "000000538067.png": 6.003807746383467, "000000226662.png": 9.548555975886506, "000000311909.png": 10.590582602249796, "000000468954.png": 4.345464160456938, "000000250766.png": 9.796928579715727, "000000211042.png": 8.275350375247307, "000000097022.png": 6.508161023672674, "000000096001.png": 6.349010346821158, "000000238013.png": 5.505958170579704, "000000396863.png": 12.829774764452257, "000000173033.png": 5.017346147894357, "000000234779.png": 3.2634324180821555, "000000228942.png": 8.414498292842586, "000000400573.png": 7.227653630437427, "000000444879.png": 8.451996925511079, "000000133244.png": 9.487539335167183, "000000115118.png": 14.22659045990636, "000000505789.png": 17.00992219561524, "000000095786.png": 2.882305719007881, "000000200421.png": 6.354517758424343, "000000269682.png": 3.9939712279858477, "000000194940.png": 5.414441599207365, "000000532493.png": 9.973300051566484, "000000028285.png": 8.191038143711857, "000000102707.png": 8.24947022004559, "000000335177.png": 9.173445984911169, "000000361551.png": 5.997440359051755, "000000239537.png": 6.056623023790483, "000000061171.png": 10.88206093492877, "000000117908.png": 4.948900383374635, "000000127135.png": 12.455393875641136, "000000391375.png": 5.462162340854319, "000000451043.png": 4.268918272269981, "000000472623.png": 8.94975007334453, "000000027620.png": 7.227497603835971, "000000501243.png": 12.852792080550946, "000000342295.png": 7.648190194223136, "000000334417.png": 2.8751554335281835, "000000434996.png": 4.821280204745881, "000000108440.png": 9.139604664094234, "000000076211.png": 7.529915251538647, "000000534601.png": 4.683552831561538, "000000177357.png": 8.676968690927113, "000000404479.png": 3.4895109168151066, "000000104612.png": 7.793985556560171, "000000560279.png": 4.3602103605742, "000000229111.png": 3.5555581858808516, "000000474452.png": 6.143512006333692, "000000183500.png": 4.999091887719699, "000000370486.png": 10.904743670289418, "000000167902.png": 9.356598359825531, "000000520659.png": 11.317275779750835, "000000346968.png": 3.081920037310649, "000000453708.png": 4.7295055574348615, "000000138639.png": 11.736918856629666}