{"CXR1174_IM-0118-1001.png": 1.3089280276546256, "CXR118_IM-0123-2001.png": 3.3318964229348316, "CXR1229_IM-0152-2001.png": 4.189937238720063, "CXR1160_IM-0107-1001.png": 3.655538942974074, "CXR1165_IM-0110-1001.png": 3.6245178166361463, "CXR1146_IM-0098-1001.png": 3.594268591611875, "CXR1128_IM-0084-6001.png": 4.415219558364604, "CXR1141_IM-0096-1002.png": 4.503018222660283, "CXR1152_IM-0103-1001.png": 0.8502193703616029, "CXR1142_IM-0096-2001.png": 3.253077701883551, "CXR1153_IM-0104-1001.png": 5.26478708391577, "CXR1130_IM-0087-1001.png": 3.936272864458032, "CXR1126_IM-0082-1001.png": 2.595684947290895, "CXR1088_IM-0061-1001.png": 2.9555665529587705, "CXR1071_IM-0051-2001.png": 1.1595485532595433, "CXR102_IM-0016-2001.png": 3.521429772472751, "CXR1113_IM-0078-1002.png": 4.340622980833574, "CXR3267_IM-1551-2001.png": 3.0524047475986, "CXR3194_IM-1505-2001.png": 1.0753962098950183, "CXR3255_IM-1543-2001.png": 3.6430110154825144, "CXR3256_IM-1543-2001.png": 1.9670762093492347, "CXR1381_IM-0245-2001.png": 1.2921673764302106, "CXR3058_IM-1425-2002.png": 2.8360763551084234, "CXR3185_IM-1503-2001.png": 2.2837364689570165, "CXR3063_IM-1428-1001.png": 3.2141947221689, "CXR3057_IM-1424-1001-0001.png": 3.648847802277519, "CXR3096_IM-1448-3003.png": 3.5135408428099866, "CXR3060_IM-1426-1003.png": 4.334019289432243, "CXR3171_IM-1494-1001.png": 2.458937674599935, "CXR1278_IM-0185-1002.png": 4.02976025317887, "CXR1300_IM-0198-2001.png": 2.7435401015278695, "CXR122_IM-0147-0001-0001.png": 2.800492593676008, "CXR1372_IM-0239-2001.png": 2.474649901378067, "CXR1235_IM-0158-1001.png": 2.4957499753567585, "CXR122_IM-0147-0001-0002.png": 2.7565668890020207, "CXR1211_IM-0142-1001.png": 2.9408529221239963, "CXR1170_IM-0115-2001.png": 2.726897893604275, "CXR2123_IM-0748-1001.png": 3.5115734204777, "CXR210_IM-0730-4001.png": 3.1031671491588404, "CXR2178_IM-0790-3001.png": 2.799132953609336, "CXR3439_IM-1664-1001.png": 2.6995455287213996, "CXR2087_IM-0718-3001.png": 3.175803206181551, "CXR3451_IM-1674-1001.png": 3.6543903745324697, "CXR3415_IM-1650-1002.png": 3.0617902867122346, "CXR3470_IM-1686-2001.png": 0.8791956342303192, "CXR3442_IM-1667-2001.png": 2.6761089631942516, "CXR3385_IM-1632-2001.png": 3.221000655930034, "CXR3369_IM-1621-2001.png": 1.5600516837323881, "CXR3379_IM-1627-2001.png": 1.8669259821490214, "CXR3330_IM-1594-1001.png": 2.3619186237016883, "CXR3292_IM-1572-2001.png": 2.292993205626559, "CXR3249_IM-1539-2001.png": 3.0743795686228688, "CXR3262_IM-1548-3001.png": 3.3825937672334865, "CXR433_IM-2073-2001.png": 2.4915944185295147, "CXR3862_IM-1956-1001.png": 1.189258608913177, "CXR427_IM-2070-2001.png": 3.8583964245903233, "CXR401_IM-2051-1001.png": 1.420983645680341, "CXR3931_IM-2003-3001.png": 1.520721456610998, "CXR3944_IM-2014-1001.png": 3.8643613695783965, "CXR3842_IM-1943-3003.png": 2.3935141875717068, "CXR2277_IM-0864-2001.png": 2.620931041938863, "CXR3836_IM-1939-2001.png": 1.129958875793473, "CXR2259_IM-0850-2001.png": 2.307432720239262, "CXR2246_IM-0843-2001.png": 1.1036227749672372, "CXR2239_IM-0836-1001.png": 4.806598157308362, "CXR2262_IM-0852-1001.png": 1.8704494245212215, "CXR226_IM-0851-2001.png": 2.881791228255357, "CXR2168_IM-0784-2001.png": 4.080048750320561, "CXR208_IM-0711-1001.png": 3.955970127086127, "CXR2228_IM-0831-1001.png": 3.304291164185916, "CXR2208_IM-0815-1002.png": 4.126029854767936, "CXR2138_IM-0760-1001.png": 3.34679650858671, "CXR609_IM-2197-2001.png": 1.5856971956367958, "CXR3045_IM-1418-1001.png": 4.145969148029087, "CXR2301_IM-0881-1001.png": 0.7614158655628102, "CXR2740_IM-1195-1001.png": 3.074924187686583, "CXR2528_IM-1044-1001.png": 3.3751676343566728, "CXR2059_IM-0696-2001.png": 1.2868288690812524, "CXR558_IM-2158-0001-0001.png": 2.581185870656028, "CXR524_IM-2135-0001-0001.png": 2.660293772495434, "CXR531_IM-2140-2001.png": 3.36931259717531, "CXR1402_IM-0257-1001.png": 2.697882361668523, "CXR5_IM-2117-1003002.png": 3.107318155191314, "CXR48_IM-2103-2001.png": 1.2684017360197004, "CXR470_IM-2099-2001.png": 1.1484079532144489, "CXR459_IM-2090-1001.png": 1.1726731361867955, "CXR436_IM-2076-1001-0001.png": 3.194433818844355, "CXR1881_IM-0570-2001.png": 2.6165101568572253, "CXR1975_IM-0634-1001.png": 1.8963839963531517, "CXR1934_IM-0604-1001.png": 4.471382038432572, "CXR1967_IM-0629-1001.png": 2.527412551802425, "CXR1945_IM-0614-2001.png": 2.931142351159596, "CXR1840_IM-0545-1001.png": 3.3525649040621675, "CXR1706_IM-0466-1001.png": 4.196588801602902, "CXR1834_IM-0539-1002.png": 4.4551544335875, "CXR1707_IM-0466-2001.png": 3.367900291043422, "CXR1666_IM-0440-0001-0001.png": 2.4069538859021256, "CXR1788_IM-0513-1001.png": 4.369326943767529, "CXR17_IM-0460-2001.png": 0.9358705721851617, "CXR163_IM-0410-3003.png": 3.6332751340093368, "CXR1677_IM-0446-1001.png": 2.514912396471852, "CXR1653_IM-0429-2001.png": 1.922397396822015, "CXR1699_IM-0459-2001.png": 5.729460977123188, "CXR1655_IM-0431-2001.png": 1.420581026184985, "CXR1483_IM-0313-1001.png": 2.7430010290088145, "CXR3471_IM-1687-2002.png": 2.800157227600098, "CXR3830_IM-1933-1001.png": 2.628648998242091, "CXR1547_IM-0357-2001.png": 2.2921352810563302, "CXR1524_IM-0339-1001.png": 1.9333353331009853, "CXR2679_IM-1153-2001.png": 2.0141871013725536, "CXR270_IM-1168-1001.png": 4.069060061992663, "CXR2660_IM-1142-2001.png": 0.9171485238184083, "CXR2638_IM-1123-2001.png": 2.770994030325757, "CXR2664_IM-1145-2001.png": 2.5115949936452773, "CXR2563_IM-1066-2001.png": 3.3922315114214947, "CXR2655_IM-1137-2001.png": 1.311398309426903, "CXR2058_IM-0696-2002.png": 0.9927969575021214, "CXR2557_IM-1061-2001.png": 2.4542470059976385, "CXR19_IM-0583-3003.png": 2.569972806816407, "CXR2533_IM-1047-2001.png": 3.214634215050589, "CXR2010_IM-0661-1001.png": 3.7357040337833953, "CXR2528_IM-1044-2001.png": 2.967474405927414, "CXR2541_IM-1053-2001.png": 2.7045193945572126, "CXR1841_IM-0545-2001.png": 1.4628954091368476, "CXR1966_IM-0629-1001.png": 3.835741661022419, "CXR3612_IM-1785-2001.png": 2.698967809412288, "CXR3628_IM-1796-2001.png": 4.093633595622961, "CXR3650_IM-1813-1001.png": 3.380360775639165, "CXR3638_IM-1804-1001.png": 1.1262140096214732, "CXR3639_IM-1804-1001.png": 1.4551581300314278, "CXR3532_IM-1726-1001.png": 1.558008648496033, "CXR3544_IM-1736-2001.png": 1.1257794730374728, "CXR3565_IM-1750-2001.png": 3.571698512895207, "CXR3543_IM-1735-2001.png": 2.50907279679208, "CXR3490_IM-1697-1001.png": 2.8674572044624678, "CXR3566_IM-1751-1001.png": 3.6386859893183234, "CXR3500_IM-1706-2001.png": 0.9585722254567217, "CXR2720_IM-1182-2001.png": 1.6331133448512056, "CXR3506_IM-1708-1001.png": 3.3225591955795295, "CXR3491_IM-1698-1001.png": 3.791867221950697, "CXR2665_IM-1145-2001.png": 1.035995368269454, "CXR267_IM-1147-1001.png": 1.3472172586546198, "CXR682_IM-2253-2001.png": 3.5828882116171585, "CXR3824_IM-1931-1001.png": 1.4382765571629947, "CXR3827_IM-1932-1001.png": 1.3533784963131543, "CXR640_IM-2219-1001.png": 2.6247667505641252, "CXR634_IM-2214-1001.png": 3.7200563805098477, "CXR633_IM-2213-1001.png": 2.463889331307746, "CXR3797_IM-1910-0001-0001.png": 1.7136856769959952, "CXR3821_IM-1929-2001.png": 2.9292626801564556, "CXR3809_IM-1919-1002001.png": 3.8431555745295265, "CXR3794_IM-1908-1002.png": 2.8120445387887067, "CXR3727_IM-1863-2001.png": 3.472863950001812, "CXR3783_IM-1898-1001.png": 1.3007376397326127, "CXR3768_IM-1887-2001.png": 1.3157647436582622, "CXR3745_IM-1872-1001.png": 3.3832884583448863, "CXR3733_IM-1866-1001.png": 1.3180274314509273, "CXR2938_IM-1339-1001.png": 3.1551263500199846, "CXR2958_IM-1354-1002.png": 4.870633051308996, "CXR2919_IM-1321-2001.png": 2.8918451992566085, "CXR2814_IM-1239-1001.png": 0.8444731223437464, "CXR2773_IM-1214-1001.png": 3.017857287320358, "CXR993_IM-2478-1001.png": 3.797403586978149, "CXR984_IM-2471-2001.png": 0.9107624913027592, "CXR892_IM-2403-1001.png": 5.220524446249692, "CXR2761_IM-1208-2001.png": 0.8613695608596297, "CXR965_IM-2455-1001.png": 4.41776878736701, "CXR801_IM-2335-2001.png": 4.234666448119264,