{"000000561465.png": 5.7762079648785285, "000000310862.png": 4.227634930404679, "000000186296.png": 9.934227151424679, "000000229216.png": 11.211491389747898, "000000294783.png": 10.299273869262523, "000000049761.png": 8.86191167579077, "000000201426.png": 9.299783057379438, "000000347265.png": 16.148342048265462, "000000012639.png": 12.912089389183272, "000000458255.png": 4.87968305797168, "000000386912.png": 11.441693185616852, "000000079188.png": 7.902975362246038, "000000004795.png": 7.902950528324792, "000000337987.png": 11.505116943419072, "000000535578.png": 17.788653414085584, "000000135561.png": 4.80777422648539, "000000411530.png": 15.991709120629006, "000000309391.png": 19.65739288041089, "000000343496.png": 14.959879788022727, "000000565607.png": 21.62863486635594, "000000093437.png": 9.50312968539291, "000000126216.png": 23.452576890597214, "000000209613.png": 17.386653760933484, "000000086483.png": 15.252285352546377, "000000477623.png": 10.200793989240529, "000000575500.png": 6.7971390908568035, "000000271471.png": 4.337476632925463, "000000204329.png": 3.25937600995285, "000000109313.png": 6.294746499900001, "000000051008.png": 12.388170692887977, "000000147745.png": 11.391710997084632, "000000395903.png": 16.245577415068233, "000000438955.png": 12.949178113896298, "000000413395.png": 6.014573562837321, "000000136915.png": 8.12240198334697, "000000167572.png": 10.54162191203319, "000000044652.png": 1.9792265924964152, "000000167159.png": 6.894060173248062, "000000399462.png": 13.509316923443341, "000000221017.png": 9.233676700872335, "000000176037.png": 14.133965802934323, "000000060932.png": 18.26551816114688, "000000516143.png": 9.225361953360007, "000000286422.png": 4.819907344955898, "000000249786.png": 7.205632528912266, "000000192716.png": 9.869306489288087, "000000414795.png": 10.901897209564797, "000000210032.png": 9.3383517264647, "000000032817.png": 4.98518552622813, "000000291619.png": 13.899953095139695, "000000522889.png": 6.428256841941319, "000000414034.png": 6.508690005074896, "000000294831.png": 4.4935418377331295, "000000328238.png": 17.32675281412204, "000000537053.png": 11.92382000136533, "000000402118.png": 4.035177688902878, "000000013923.png": 9.012586067631995, "000000187144.png": 7.710614342657981, "000000255401.png": 6.964294559781903, "000000506310.png": 13.480219022006665, "000000170595.png": 3.5980933538202025, "000000514914.png": 4.853002236785859, "000000269866.png": 7.126083238638153, "000000144706.png": 5.019442957189717, "000000085195.png": 4.372652586268486, "000000532575.png": 11.562034898206546, "000000362434.png": 8.222837352533316, "000000377814.png": 5.821140389549412, "000000010363.png": 8.35984848296877, "000000186282.png": 5.403012297865352, "000000504389.png": 10.897589956271716, "000000006040.png": 14.4026777961213, "000000306437.png": 9.033701735489522, "000000452515.png": 3.957177335058441, "000000289059.png": 4.924692809594764, "000000319935.png": 9.208334622856315, "000000361919.png": 6.661265063500374, "000000198960.png": 26.028014800887195, "000000068765.png": 9.133737808826403, "000000180751.png": 8.258316244558973, "000000148719.png": 14.645737226281687, "000000468124.png": 9.999048783643, "000000100510.png": 11.249426168747831, "000000252716.png": 10.7812174896701, "000000190923.png": 10.884422342870444, "000000451714.png": 8.326669352893173, "000000034071.png": 2.1645570763091238, "000000303653.png": 12.24783247891726, "000000239773.png": 6.112909960643915, "000000451693.png": 4.920025208268875, "000000192964.png": 15.981524557554705, "000000174004.png": 16.135393387772066, "000000074733.png": 7.25586244526387, "000000351589.png": 11.417106399881668, "000000030504.png": 9.513369244291615, "000000292024.png": 6.893641729479312, "000000047121.png": 3.405506036628203, "000000351559.png": 5.300931619855498, "000000468632.png": 15.171550232740744, "000000380203.png": 13.543414061000508, "000000307074.png": 11.89126061055235, "000000269314.png": 6.907674094487381, "000000439623.png": 8.178354258650161, "000000291664.png": 10.376585062090735, "000000556158.png": 8.874580398607687, "000000477689.png": 9.392502132893569, "000000252701.png": 8.847183402570336, "000000190853.png": 3.639913752103201, "000000453341.png": 8.221749847815929, "000000231125.png": 7.1976908577771015, "000000092839.png": 6.532235721237559, "000000001000.png": 12.50858422830158, "000000389381.png": 10.712435650199533, "000000264968.png": 8.549269266054598, "000000310072.png": 11.826246091823512, "000000033109.png": 10.930064068974728, "000000311789.png": 4.529046017509087, "000000192699.png": 11.004762211965105, "000000057027.png": 11.087200404545566, "000000570688.png": 11.877604135117286, "000000011511.png": 16.762589598480286, "000000533855.png": 5.366665278444089, "000000503841.png": 9.815802696600905, "000000335081.png": 7.674861481364157, "000000314034.png": 14.81393331577636, "000000007816.png": 7.730450835045442, "000000215723.png": 6.143169577744001, "000000508602.png": 11.823756911476549, "000000019924.png": 14.253926496219735, "000000102411.png": 13.256841965646304, "000000479596.png": 8.472598973409788, "000000311909.png": 15.644313746064261, "000000482585.png": 8.08263139018931, "000000538067.png": 7.615046850190222, "000000226662.png": 17.09130954367379, "000000135604.png": 12.526739017477448, "000000284762.png": 6.7208251497385705, "000000468233.png": 3.38011939135169, "000000455981.png": 5.57427210359621, "000000308328.png": 8.334256584748227, "000000369037.png": 9.114650769739814, "000000231549.png": 4.4333247476313495, "000000502599.png": 9.751857873521692, "000000232684.png": 8.871508209123267, "000000336658.png": 11.058117086473255, "000000309938.png": 7.48891115125506, "000000355610.png": 3.6223606483568225, "000000329447.png": 12.809797151320724, "000000028285.png": 12.083011289978668, "000000532493.png": 11.278681244256617, "000000194940.png": 6.854072199677726, "000000095786.png": 3.0340345092044894, "000000269682.png": 5.875375298490123, "000000200421.png": 9.5419050089351, "000000505789.png": 17.700617019150734, "000000115118.png": 21.756545532617256, "000000133244.png": 11.257412377934397, "000000444879.png": 7.976620887623929, "000000400573.png": 7.848689670170299, "000000228942.png": 10.099717188941248, "000000234779.png": 3.7908775852259975, "000000173033.png": 4.2831128755202466, "000000396863.png": 24.410501261753943, "000000238013.png": 8.639517258256406, "000000096001.png": 7.417421559431616, "000000097022.png": 7.271448036162144, "000000211042.png": 9.237323470254308, "000000468954.png": 4.610208109984286, "000000250766.png": 11.443117683196776, "000000534601.png": 4.283113261355337, "000000108440.png": 16.42238857923396, "000000076211.png": 6.284356708499204, "000000434996.png": 4.495354045397142, "000000334417.png": 3.2893522399440456, "000000342295.png": 10.763479498492249, "000000027620.png": 7.73466698664415, "000000472623.png": 13.746901936378768, "000000501243.png": 16.19449485564951, "000000451043.png": 4.967074904286882, "000000391375.png": 17.62746408996886, "000000127135.png": 16.138061180793745, "000000117908.png": 5.901126381163371, "000000061171.png": 13.280582952714747, "000000239537.png": 8.458932229871166, "000000102707.png": 8.99981174254048, "000000361551.png": 5.651545483330172, "000000335177.png": 15.506186763016295, "000000453708.png": 5.777689730052541, "000000138639.png": 14.614341850429648, "000000346968.png": 3.420422023307529, "000000520659.png": 14.024779546187633, "000000167902.png": 11.893112496596919, "000000370486.png": 13.872783926838872, "000000183500.png": 4.731641868341388, "000000229111.png": 4.034465835585363, "000000560279.png": 5.291230151973461, "000000474452.png": 7.314206814780741, "000000104612.png": 9.686700030040537, "000000404479.png": 4.378973263600685, "000000177357.png": 11.545846752750478}